"MAHASISWA","TAHUN_MASUK","SEMESTER_MASUK","TAHUN_LULUS","SEMESTER_LULUS","LULUS_TEPAT_WAKTU"
15176,2017,1,2024,1,0
18065,2019,1,2022,2,1
18353,2019,1,2022,2,1
17308,2019,1,2022,2,1
17282,2019,1,2022,2,1
18358,2019,1,2022,2,1
18069,2019,1,2022,2,1
18073,2019,1,2022,2,1
18199,2019,1,2022,2,1
18204,2019,1,2022,2,1
17193,2019,1,2022,2,1
17372,2019,1,2022,2,1
17451,2019,1,2022,2,1
17459,2019,1,2022,2,1
18434,2019,1,2022,2,0
18213,2019,1,2022,2,1
18251,2019,1,2022,2,1
18253,2019,1,2022,2,1
18074,2019,1,2022,2,1
17483,2019,1,2022,2,1
17647,2019,1,2022,2,1
17650,2019,1,2022,2,1
17495,2019,1,2022,2,1
17336,2019,1,2022,2,1
17618,2019,1,2023,1,0
17630,2019,1,2022,2,1
17631,2019,1,2022,2,1
17492,2019,1,2022,2,1
17502,2019,1,2022,2,1
18367,2019,1,2022,2,1
17503,2019,1,2023,2,0
17705,2019,1,2022,2,1
17706,2019,1,2022,2,1
17417,2019,1,2022,2,1
18399,2019,1,2023,1,0
17607,2019,1,2022,2,1
17608,2019,1,2022,2,1
18272,2019,1,2022,2,1
17691,2019,1,2022,2,1
17694,2019,1,2022,2,1
17702,2019,1,2022,2,1
17717,2019,1,2022,2,1
17635,2019,1,2022,2,1
16676,2018,1,2022,2,0
17689,2019,1,2022,2,1
17192,2019,1,2022,2,1
17636,2019,1,2022,2,1
17672,2019,1,2022,2,1
17676,2019,1,2022,2,1
17612,2019,1,2022,2,1
17535,2019,1,2022,2,1
17205,2019,1,2024,2,0
17714,2019,1,2022,2,1
17716,2019,1,2022,2,1
17687,2019,1,2022,2,1
17620,2019,1,2022,2,1
17632,2019,1,2022,2,1
16864,2018,1,2022,2,0
17288,2019,1,2022,2,1
17289,2019,1,2022,2,1
17301,2019,1,2022,2,1
17709,2019,1,2023,1,0
17207,2019,1,2022,2,1
17344,2019,1,2022,2,1
17370,2019,1,2022,2,1
17395,2019,1,2022,2,1
17317,2019,1,2022,2,1
17378,2019,1,2022,2,1
17379,2019,1,2022,2,1
17419,2019,1,2022,2,1
17710,2019,1,2022,2,1
17187,2019,1,2022,2,1
17278,2019,1,2022,2,1
17280,2019,1,2022,2,1
17211,2019,1,2022,2,1
17254,2019,1,2022,2,1
17264,2019,1,2022,2,1
17383,2019,1,2022,2,1
17387,2019,1,2022,2,1
17391,2019,1,2022,2,1
17309,2019,1,2022,2,1
17318,2019,1,2022,2,1
17319,2019,1,2022,2,1
17322,2019,1,2022,2,1
17209,2019,1,2022,2,1
17320,2019,1,2022,2,1
17293,2019,1,2022,2,1
17388,2019,1,2022,2,1
17450,2019,1,2022,2,1
17505,2019,1,2022,2,1
17357,2019,1,2022,2,1
17363,2019,1,2022,2,1
17365,2019,1,2022,2,1
17472,2019,1,2022,2,1
17477,2019,1,2024,1,0
17498,2019,1,2022,2,1
17511,2019,1,2022,2,1
16062,2018,1,2023,1,0
17655,2019,1,2022,2,1
17531,2019,1,2022,2,1
17532,2019,1,2022,2,1
17533,2019,1,2022,2,0
17644,2019,1,2022,2,1
17660,2019,1,2022,2,1
17662,2019,1,2022,2,1
17663,2019,1,2022,2,1
17668,2019,1,2022,2,1
18279,2019,1,2022,2,1
16460,2018,1,2024,2,0
17627,2019,1,2023,2,0
17671,2019,1,2022,2,1
17673,2019,1,2023,1,0
17677,2019,1,2022,2,1
17683,2019,1,2022,2,1
17204,2019,1,2022,2,1
17212,2019,1,2022,2,1
17246,2019,1,2022,2,1
17333,2019,1,2022,2,1
17355,2019,1,2022,2,1
17356,2019,1,2022,2,1
17247,2019,1,2022,2,1
17250,2019,1,2022,2,1
17252,2019,1,2022,2,1
17342,2019,1,2022,2,1
17609,2019,1,2022,2,1
17622,2019,1,2024,1,0
17338,2019,1,2022,2,1
17343,2019,1,2022,2,1
18943,2020,1,2022,2,1
18951,2020,1,2023,2,1
18952,2020,1,2022,2,1
18954,2020,1,2023,2,1
19030,2020,1,2022,2,1
19031,2020,1,2023,2,1
19204,2020,1,2022,2,1
19209,2020,1,2022,2,1
19431,2020,1,2022,2,1
19432,2020,1,2023,2,1
19433,2020,1,2022,2,1
19437,2020,1,2022,2,1
19320,2020,1,2023,2,1
19321,2020,1,2023,2,1
19322,2020,1,2022,2,1
19323,2020,1,2022,2,1
19327,2020,1,2022,2,1
19060,2020,1,2023,2,1
19359,2020,1,2022,2,1
19360,2020,1,2022,2,1
19362,2020,1,2023,2,1
19368,2020,1,2023,2,1
19033,2020,1,2023,2,1
19037,2020,1,2023,2,1
18942,2020,1,2022,2,1
18968,2020,1,2023,2,1
19061,2020,1,2023,2,1
19062,2020,1,2022,2,1
19220,2020,1,2022,2,1
20309,2020,1,2022,2,1
19223,2020,1,2022,2,1
19224,2020,1,2023,2,1
19225,2020,1,2023,2,1
18837,2020,1,2023,2,1
19369,2020,1,2023,2,1
19370,2020,1,2023,2,1
19372,2020,1,2022,2,1
19067,2020,1,2022,2,1
19073,2020,1,2023,2,1
19074,2020,1,2023,2,1
19395,2020,1,2023,2,1
19227,2020,1,2023,2,1
19219,2020,1,2023,2,1
19226,2020,1,2023,2,1
19267,2020,1,2022,2,1
19269,2020,1,2023,2,1
19279,2020,1,2023,2,1
18849,2020,1,2023,2,1
18873,2020,1,2023,2,1
18877,2020,1,2023,2,1
18878,2020,1,2023,2,1
19396,2020,1,2023,2,1
19398,2020,1,2023,2,1
19400,2020,1,2023,2,1
18947,2020,1,2023,2,1
18953,2020,1,2022,2,1
18956,2020,1,2022,2,1
18958,2020,1,2023,2,1
19289,2020,1,2022,2,1
18970,2020,1,2023,2,1
18972,2020,1,2024,1,0
19418,2020,1,2023,2,1
19422,2020,1,2022,2,1
19425,2020,1,2023,2,1
18959,2020,1,2022,2,1
18962,2020,1,2023,2,1
18963,2020,1,2023,2,1
19039,2020,1,2023,2,1
19040,2020,1,2022,2,1
19042,2020,1,2023,2,1
19430,2020,1,2022,2,1
19084,2020,1,2022,2,1
19088,2020,1,2022,2,1
19089,2020,1,2022,2,1
19090,2020,1,2023,2,1
19329,2020,1,2023,2,0
19331,2020,1,2022,2,1
19332,2020,1,2023,2,1
19043,2020,1,2022,2,1
19044,2020,1,2023,2,1
19045,2020,1,2023,2,1
19048,2020,1,2023,1,0
19049,2020,1,2022,2,1
19423,2020,1,2022,2,1
18596,2019,1,2022,2,1
19094,2020,1,2022,2,1
19099,2020,1,2024,1,0
19101,2020,1,2023,2,1
18880,2020,1,2022,2,1
18887,2020,1,2022,2,1
18888,2020,1,2024,1,0
19154,2020,1,2023,2,1
19156,2020,1,2023,2,1
20553,2020,1,2022,2,1
19161,2020,1,2023,2,1
19401,2020,1,2023,2,1
19104,2020,1,2022,2,1
19107,2020,1,2023,2,1
18969,2020,1,2022,2,1
18975,2020,1,2022,2,1
18981,2020,1,2023,2,1
18996,2020,1,2022,2,1
19102,2020,1,2024,1,0
18893,2020,1,2022,2,1
18894,2020,1,2022,2,1
18965,2020,1,2023,2,1
18966,2020,1,2023,2,1
18994,2020,1,2022,2,1
18995,2020,1,2022,2,1
19293,2020,1,2023,2,1
19297,2020,1,2022,2,1
18835,2020,1,2023,2,1
18840,2020,1,2023,2,1
18846,2020,1,2023,2,1
18997,2020,1,2023,2,1
20542,2020,1,2022,2,1
19000,2020,1,2022,2,1
19003,2020,1,2023,2,1
19208,2020,1,2023,2,1
19443,2020,1,2023,2,1
19445,2020,1,2023,2,1
18847,2020,1,2022,2,1
18848,2020,1,2023,2,1
18851,2020,1,2023,2,1
19448,2020,1,2023,2,1
19450,2020,1,2023,2,1
19452,2020,1,2022,2,1
19229,2020,1,2024,1,0
19232,2020,1,2023,2,1
19002,2020,1,2022,2,1
19007,2020,1,2023,2,1
19009,2020,1,2022,2,1
19028,2020,1,2022,2,1
19034,2020,1,2022,2,1
19035,2020,1,2023,2,1
19373,2020,1,2022,2,1
19375,2020,1,2023,2,1
19378,2020,1,2023,2,1
19381,2020,1,2022,2,1
19234,2020,1,2023,2,1
19240,2020,1,2022,2,1
19270,2020,1,2022,2,1
19272,2020,1,2022,2,1
19245,2020,1,2023,2,1
19453,2020,1,2022,2,1
19455,2020,1,2023,2,1
19036,2020,1,2023,2,1
19108,2020,1,2023,2,1
19110,2020,1,2022,2,1
19112,2020,1,2023,2,1
19311,2020,1,2023,2,1
19312,2020,1,2023,2,1
19313,2020,1,2024,1,0
18899,2020,1,2023,2,1
18905,2020,1,2022,2,1
18906,2020,1,2022,2,1
18912,2020,1,2022,2,1
19462,2020,1,2022,2,1
19463,2020,1,2023,2,1
19464,2020,1,2022,2,1
19467,2020,1,2023,2,1
19470,2020,1,2022,2,1
19471,2020,1,2023,2,1
19472,2020,1,2023,2,1
19004,2020,1,2023,2,1
19315,2020,1,2022,2,1
19316,2020,1,2022,2,1
19317,2020,1,2023,2,1
19318,2020,1,2023,2,1
18858,2020,1,2023,2,1
18865,2020,1,2022,2,1
17958,2019,1,2022,2,1
18669,2019,1,2022,2,0
19082,2020,1,2022,2,1
19114,2020,1,2023,2,1
19117,2020,1,2022,2,1
19143,2020,1,2022,2,1
19150,2020,1,2022,2,1
19168,2020,1,2022,2,1
19473,2020,1,2023,2,1
18871,2020,1,2022,2,1
18874,2020,1,2023,2,1
18990,2020,1,2023,2,1
18992,2020,1,2022,2,1
19207,2020,1,2023,2,1
19335,2020,1,2022,2,1
19336,2020,1,2023,2,1
19350,2020,1,2023,2,1
19351,2020,1,2023,2,1
19353,2020,1,2023,2,1
19354,2020,1,2024,1,0
19475,2020,1,2023,2,1
19480,2020,1,2023,2,1
19487,2020,1,2024,1,0
19246,2020,1,2023,2,1
19010,2020,1,2023,2,1
19011,2020,1,2022,2,1
19018,2020,1,2023,2,1
19019,2020,1,2023,2,1
19020,2020,1,2022,2,1
19021,2020,1,2022,2,1
19029,2020,1,2022,2,1
19357,2020,1,2022,2,1
19382,2020,1,2023,2,1
19389,2020,1,2023,2,1
19391,2020,1,2023,2,1
19393,2020,1,2023,2,1
19249,2020,1,2023,2,1
19254,2020,1,2023,2,0
19256,2020,1,2022,2,1
19258,2020,1,2023,2,1
19488,2020,1,2023,2,1
19122,2020,1,2023,2,1
19123,2020,1,2022,2,1
19132,2020,1,2023,2,1
19148,2020,1,2023,1,0
19151,2020,1,2022,2,1
19201,2020,1,2022,2,1
18916,2020,1,2023,2,1
18918,2020,1,2023,2,1
18924,2020,1,2023,2,1
18927,2020,1,2022,2,1
18928,2020,1,2023,2,1
18934,2020,1,2023,2,1
18940,2020,1,2022,2,1
19489,2020,1,2023,2,1
19491,2020,1,2023,2,1
19493,2020,1,2023,2,1
19496,2020,1,2023,2,1
19497,2020,1,2023,2,1
17970,2019,1,2024,1,0
17971,2019,1,2022,2,1
17728,2019,1,2022,2,1
18218,2019,1,2022,2,1
18220,2019,1,2022,2,1
18079,2019,1,2022,2,1
18145,2019,1,2022,2,1
18068,2019,1,2022,2,1
18140,2019,1,2022,2,1
18141,2019,1,2022,2,1
18186,2019,1,2022,2,1
18112,2019,1,2022,2,1
18143,2019,1,2022,2,1
17806,2019,1,2022,2,1
17816,2019,1,2022,2,1
18147,2019,1,2022,2,1
18155,2019,1,2024,2,0
18160,2019,1,2022,2,1
18161,2019,1,2022,2,1
18130,2019,1,2022,2,1
18139,2019,1,2022,2,1
18149,2019,1,2022,2,1
18207,2019,1,2022,2,1
18209,2019,1,2022,2,1
18231,2019,1,2022,2,1
18144,2019,1,2022,2,1
18063,2019,1,2022,2,1
18585,2019,1,2022,2,1
18587,2019,1,2022,2,1
17792,2019,1,2022,2,1
18151,2019,1,2022,2,1
18156,2019,1,2022,2,1
18159,2019,1,2022,2,1
18176,2019,1,2024,2,0
18201,2019,1,2022,2,1
18106,2019,1,2022,2,1
18167,2019,1,2022,2,1
18190,2019,1,2022,2,1
18200,2019,1,2022,2,1
18205,2019,1,2022,2,1
18212,2019,1,2022,2,1
18076,2019,1,2022,2,1
17857,2019,1,2022,2,1
17811,2019,1,2022,2,1
17818,2019,1,2022,2,1
18113,2019,1,2022,2,1
18118,2019,1,2022,2,1
18122,2019,1,2022,2,1
18125,2019,1,2024,1,0
18237,2019,1,2022,2,1
19056,2020,1,2023,2,1
19058,2020,1,2022,2,1
19059,2020,1,2023,2,1
19063,2020,1,2023,2,1
17826,2019,1,2022,2,1
17854,2019,1,2022,2,1
17856,2019,1,2022,2,1
17821,2019,1,2022,2,1
17906,2019,1,2022,2,1
17942,2019,1,2022,2,1
17847,2019,1,2022,2,1
18193,2019,1,2022,2,1
18197,2019,1,2022,2,1
19065,2020,1,2023,2,1
19068,2020,1,2024,1,0
19164,2020,1,2022,2,1
19165,2020,1,2022,2,1
19166,2020,1,2022,2,1
20247,2020,1,2022,2,1
17825,2019,1,2022,2,1
18165,2019,1,2022,2,1
18168,2019,1,2022,2,1
18169,2019,1,2022,2,1
18174,2019,1,2022,2,1
18175,2019,1,2022,2,1
18177,2019,1,2022,2,1
18179,2019,1,2022,2,1
17845,2019,1,2022,2,1
17851,2019,1,2022,2,1
17904,2019,1,2022,2,1
19172,2020,1,2022,2,1
19173,2020,1,2023,2,0
19178,2020,1,2023,2,1
19205,2020,1,2022,2,1
17751,2019,1,2022,2,1
17758,2019,1,2022,2,1
18410,2019,1,2022,2,1
17737,2019,1,2022,2,1
17814,2019,1,2022,2,1
17943,2019,1,2022,2,1
17945,2019,1,2022,2,1
17741,2019,1,2022,2,1
17759,2019,1,2023,2,0
17764,2019,1,2022,2,1
18257,2019,1,2022,2,1
18260,2019,1,2022,2,1
18262,2019,1,2022,2,1
17870,2019,1,2022,2,1
17957,2019,1,2022,2,1
17972,2019,1,2022,2,1
18409,2019,1,2022,2,1
18419,2019,1,2022,2,1
17863,2019,1,2022,2,1
17886,2019,1,2022,2,1
17889,2019,1,2022,2,1
17769,2019,1,2022,2,1
18081,2019,1,2022,2,1
18105,2019,1,2022,2,1
17975,2019,1,2022,2,1
17979,2019,1,2024,1,0
18225,2019,1,2022,2,1
17871,2019,1,2022,2,1
17905,2019,1,2022,2,1
17907,2019,1,2022,2,1
18002,2019,1,2022,2,1
18115,2019,1,2022,2,1
17757,2019,1,2022,2,1
17761,2019,1,2022,2,1
18181,2019,1,2022,2,1
18232,2019,1,2022,2,1
18236,2019,1,2022,2,1
18362,2019,1,2022,2,1
18403,2019,1,2022,2,1
18061,2019,1,2022,2,1
18185,2019,1,2022,2,1
18103,2019,1,2022,2,1
18254,2019,1,2022,2,1
18267,2019,1,2022,2,1
17947,2019,1,2023,2,0
17948,2019,1,2022,2,1
18001,2019,1,2022,2,1
18126,2019,1,2022,2,1
18006,2019,1,2022,2,1
18011,2019,1,2022,2,1
17963,2019,1,2022,2,1
17964,2019,1,2022,2,1
18091,2019,1,2022,2,1
18014,2019,1,2022,2,1
17830,2019,1,2022,2,1
17978,2019,1,2022,2,1
17981,2019,1,2022,2,1
17990,2019,1,2022,2,1
18020,2019,1,2022,2,1
17982,2019,1,2022,2,1
18529,2019,1,2022,2,1
18528,2019,1,2022,2,0
18136,2019,1,2023,1,0
17831,2019,1,2022,2,1
17866,2019,1,2022,2,1
17884,2019,1,2022,2,1
17995,2019,1,2022,2,1
18261,2019,1,2022,2,1
18263,2019,1,2022,2,1
18273,2019,1,2022,2,1
18088,2019,1,2022,2,1
18089,2019,1,2022,2,1
18092,2019,1,2022,2,1
18577,2019,1,2022,2,1
18080,2019,1,2022,2,1
17998,2019,1,2022,2,1
18027,2019,1,2022,2,1
17773,2019,1,2022,2,1
17776,2019,1,2022,2,1
18269,2019,1,2024,2,0
18094,2019,1,2022,2,1
18095,2019,1,2023,1,0
18096,2019,1,2022,2,1
17720,2019,1,2022,2,1
17722,2019,1,2023,2,0
17723,2019,1,2022,2,1
18544,2019,1,2022,2,1
18594,2019,1,2022,2,0
18084,2019,1,2022,2,1
18216,2019,1,2022,2,1
17786,2019,1,2022,2,1
17788,2019,1,2022,2,1
17789,2019,1,2022,2,1
20186,2020,1,2022,2,1
20189,2020,1,2023,2,0
20190,2020,1,2022,2,1
20192,2020,1,2023,2,1
20193,2020,1,2022,2,1
20145,2020,1,2022,2,1
20148,2020,1,2022,2,1
20194,2020,1,2023,2,1
20151,2020,1,2022,2,1
20153,2020,1,2022,2,1
20154,2020,1,2024,1,0
20156,2020,1,2022,2,1
20159,2020,1,2022,2,1
20121,2020,1,2024,1,0
20163,2020,1,2022,2,1
19841,2020,1,2023,2,1
19842,2020,1,2022,2,1
19843,2020,1,2023,2,1
19844,2020,1,2022,2,1
19851,2020,1,2022,2,1
20119,2020,1,2023,2,1
20125,2020,1,2023,2,1
20128,2020,1,2022,2,1
19852,2020,1,2022,2,1
19854,2020,1,2022,2,1
20130,2020,1,2023,2,1
20131,2020,1,2022,2,1
20132,2020,1,2023,2,1
20176,2020,1,2023,2,1
20177,2020,1,2023,2,1
20178,2020,1,2023,2,1
20181,2020,1,2023,2,1
20182,2020,1,2023,2,1
20133,2020,1,2022,2,1
20184,2020,1,2022,2,1
20185,2020,1,2023,2,1
20103,2020,1,2022,2,1
19670,2020,1,2023,2,1
19944,2020,1,2022,2,1
19945,2020,1,2022,2,1
19946,2020,1,2022,2,1
19951,2020,1,2022,2,1
19956,2020,1,2022,2,1
19958,2020,1,2022,2,1
19959,2020,1,2022,2,1
19770,2020,1,2022,2,1
20241,2020,1,2023,2,0
20550,2020,1,2022,2,1
19797,2020,1,2024,2,0
19803,2020,1,2022,2,1
20551,2020,1,2022,2,1
19818,2020,1,2022,2,1
19820,2020,1,2023,2,1
19891,2020,1,2024,1,0
19894,2020,1,2023,2,1
19897,2020,1,2023,2,1
19899,2020,1,2023,2,1
19960,2020,1,2022,2,1
19973,2020,1,2023,2,1
19513,2020,1,2023,2,1
19516,2020,1,2022,2,1
19548,2020,1,2022,2,1
19671,2020,1,2023,2,1
19672,2020,1,2023,2,1
19675,2020,1,2022,2,1
19677,2020,1,2022,2,1
20239,2020,1,2022,2,1
19555,2020,1,2023,2,1
19556,2020,1,2022,2,1
19507,2020,1,2022,2,1
19511,2020,1,2023,2,1
19512,2020,1,2022,2,1
19517,2020,1,2022,2,1
19614,2020,1,2022,2,1
19616,2020,1,2022,2,1
19618,2020,1,2022,2,1
19619,2020,1,2022,2,1
19685,2020,1,2023,2,1
19690,2020,1,2022,2,1
19691,2020,1,2023,2,1
19824,2020,1,2023,2,1
19825,2020,1,2023,2,1
19826,2020,1,2023,2,1
19827,2020,1,2022,2,1
19831,2020,1,2023,2,0
19832,2020,1,2023,2,1
20236,2020,1,2023,2,1
19837,2020,1,2023,2,1
19529,2020,1,2023,2,1
19530,2020,1,2023,1,0
19518,2020,1,2023,2,1
19520,2020,1,2022,2,1
19522,2020,1,2023,2,1
19534,2020,1,2022,2,1
19551,2020,1,2022,2,1
19632,2020,1,2022,2,1
19900,2020,1,2022,2,1
19909,2020,1,2024,2,0
19911,2020,1,2022,2,1
19912,2020,1,2023,2,1
19840,2020,1,2023,2,1
19948,2020,1,2023,2,1
19559,2020,1,2022,2,1
19560,2020,1,2022,2,1
19562,2020,1,2022,2,1
20243,2020,1,2023,2,1
19693,2020,1,2023,2,1
19695,2020,1,2022,2,1
19697,2020,1,2023,2,1
19405,2020,1,2023,2,1
19407,2020,1,2022,2,1
19410,2020,1,2023,2,1
19415,2020,1,2022,2,1
19416,2020,1,2023,2,1
19565,2020,1,2023,2,1
19568,2020,1,2023,2,1
19570,2020,1,2022,2,1
19573,2020,1,2023,2,1
19533,2020,1,2023,2,1
19536,2020,1,2022,2,1
19537,2020,1,2023,2,1
19633,2020,1,2023,2,1
19634,2020,1,2023,2,1
19635,2020,1,2023,2,1
19636,2020,1,2023,2,1
19639,2020,1,2022,2,1
19640,2020,1,2023,2,1
19643,2020,1,2022,2,1
19645,2020,1,2022,2,1
19702,2020,1,2023,2,1
19708,2020,1,2022,2,1
19721,2020,1,2022,2,1
19724,2020,1,2023,2,1
19538,2020,1,2022,2,1
19539,2020,1,2023,2,1
19540,2020,1,2023,2,1
19541,2020,1,2023,2,1
19543,2020,1,2022,2,1
19612,2020,1,2022,2,1
19646,2020,1,2022,2,1
19921,2020,1,2022,2,1
19922,2020,1,2023,2,1
19923,2020,1,2022,2,1
19924,2020,1,2023,2,1
19925,2020,1,2023,2,1
19927,2020,1,2022,2,1
19931,2020,1,2023,2,1
19576,2020,1,2023,2,1
19577,2020,1,2022,2,1
19725,2020,1,2022,2,1
19726,2020,1,2023,2,0
19727,2020,1,2023,2,1
19858,2020,1,2022,2,1
19866,2020,1,2024,1,0
20300,2020,1,2022,2,1
19872,2020,1,2022,2,1
19579,2020,1,2022,2,1
19580,2020,1,2022,2,1
19585,2020,1,2022,2,1
19588,2020,1,2022,2,1
19595,2020,1,2022,2,1
19696,2020,1,2022,2,1
19698,2020,1,2023,2,1
19699,2020,1,2023,2,1
19648,2020,1,2023,2,1
19651,2020,1,2023,2,1
19652,2020,1,2022,2,1
19654,2020,1,2022,2,1
19655,2020,1,2022,2,1
19728,2020,1,2022,2,1
19732,2020,1,2023,1,0
19734,2020,1,2022,2,1
19752,2020,1,2022,2,1
19756,2020,1,2023,2,1
19701,2020,1,2022,2,1
19703,2020,1,2023,2,1
19834,2020,1,2023,2,1
19836,2020,1,2022,2,1
19933,2020,1,2022,2,1
19937,2020,1,2022,2,1
19938,2020,1,2022,2,1
19939,2020,1,2022,2,1
19940,2020,1,2022,2,1
19941,2020,1,2022,2,1
19943,2020,1,2022,2,1
19597,2020,1,2023,2,1
19598,2020,1,2022,2,1
19599,2020,1,2022,2,1
19880,2020,1,2023,2,1
19881,2020,1,2022,2,1
19882,2020,1,2023,2,1
19885,2020,1,2022,2,1
19886,2020,1,2022,2,1
19887,2020,1,2024,2,0
19601,2020,1,2024,1,0
19602,2020,1,2022,2,1
19603,2020,1,2022,2,1
19604,2020,1,2023,2,1
19605,2020,1,2022,2,1
19606,2020,1,2023,2,1
19874,2020,1,2023,2,1
19660,2020,1,2022,2,1
19662,2020,1,2023,2,1
19664,2020,1,2022,2,1
20238,2020,1,2022,2,1
19666,2020,1,2022,2,1
19668,2020,1,2022,2,1
20988,2021,1,2024,2,1
21064,2021,1,2024,2,1
21066,2021,1,2024,2,1
21067,2021,1,2023,2,1
21069,2021,1,2024,2,1
21070,2021,1,2023,2,1
20816,2021,1,2024,2,1
20674,2021,1,2024,2,1
20675,2021,1,2023,2,1
20676,2021,1,2024,2,1
20695,2021,1,2024,2,1
20699,2021,1,2024,2,1
20700,2021,1,2024,2,1
21031,2021,1,2023,2,1
21035,2021,1,2024,2,1
21037,2021,1,2024,1,0
21038,2021,1,2024,2,1
21039,2021,1,2023,2,1
21042,2021,1,2024,2,1
21071,2021,1,2023,2,1
21073,2021,1,2024,2,1
20906,2021,1,2023,2,1
20907,2021,1,2023,2,1
20911,2021,1,2023,2,1
20920,2021,1,2023,2,1
20707,2021,1,2024,2,1
20708,2021,1,2023,2,1
20848,2021,1,2024,2,1
20851,2021,1,2024,2,1
20852,2021,1,2024,2,1
20853,2021,1,2024,2,1
20854,2021,1,2024,2,1
20856,2021,1,2023,2,1
20927,2021,1,2023,2,1
20931,2021,1,2023,2,1
20990,2021,1,2023,2,1
20991,2021,1,2024,2,1
20992,2021,1,2024,2,1
20993,2021,1,2023,2,1
20994,2021,1,2023,2,1
20697,2021,1,2024,2,1
20688,2021,1,2024,2,1
20765,2021,1,2024,2,1
20766,2021,1,2024,2,1
20768,2021,1,2023,2,1
20771,2021,1,2023,2,1
20858,2021,1,2024,1,0
20995,2021,1,2024,2,1
20996,2021,1,2024,2,1
20997,2021,1,2023,2,1
21092,2021,1,2024,2,1
21095,2021,1,2024,2,1
21096,2021,1,2024,2,1
20710,2021,1,2024,2,1
20711,2021,1,2023,2,1
20712,2021,1,2024,2,1
20713,2021,1,2024,2,1
20773,2021,1,2024,2,1
20775,2021,1,2024,2,1
20817,2021,1,2024,2,1
20818,2021,1,2024,2,1
20820,2021,1,2024,2,1
20821,2021,1,2024,2,1
20823,2021,1,2024,2,1
20759,2021,1,2024,2,1
20760,2021,1,2024,2,1
20761,2021,1,2024,2,1
20822,2021,1,2023,2,1
21098,2021,1,2024,2,1
21099,2021,1,2024,2,1
21100,2021,1,2024,2,1
21102,2021,1,2024,2,1
20938,2021,1,2023,2,1
20939,2021,1,2024,2,1
20940,2021,1,2023,2,1
20824,2021,1,2024,2,1
20825,2021,1,2024,2,1
20835,2021,1,2023,2,1
20785,2021,1,2024,2,1
20805,2021,1,2023,2,1
21044,2021,1,2024,2,1
20859,2021,1,2024,2,1
20860,2021,1,2024,2,1
20861,2021,1,2023,2,1
20865,2021,1,2024,2,1
20867,2021,1,2023,2,1
20868,2021,1,2024,2,1
20941,2021,1,2024,2,1
20942,2021,1,2024,2,1
20943,2021,1,2024,2,1
20949,2021,1,2024,2,1
20950,2021,1,2024,2,1
21001,2021,1,2023,2,1
21003,2021,1,2024,2,1
21005,2021,1,2024,2,1
20831,2021,1,2024,2,1
20833,2021,1,2024,2,1
20837,2021,1,2023,2,1
20838,2021,1,2023,2,1
20701,2021,1,2024,2,1
20705,2021,1,2024,2,1
20869,2021,1,2024,2,1
20909,2021,1,2024,2,1
21423,2021,1,2023,2,1
20912,2021,1,2023,2,1
20917,2021,1,2023,2,1
21008,2021,1,2024,2,1
21009,2021,1,2024,2,1
21012,2021,1,2024,2,1
21051,2021,1,2023,2,1
20671,2021,1,2024,2,1
20715,2021,1,2023,2,1
20706,2021,1,2024,2,1
20714,2021,1,2024,2,1
20718,2021,1,2024,2,1
20719,2021,1,2023,2,1
20720,2021,1,2024,2,1
20722,2021,1,2024,2,1
20926,2021,1,2023,2,1
21076,2021,1,2024,2,1
21078,2021,1,2024,2,1
21079,2021,1,2023,2,1
21080,2021,1,2024,2,1
20951,2021,1,2024,2,1
20952,2021,1,2024,2,1
20953,2021,1,2024,2,1
20268,2020,1,2023,2,1
20270,2020,1,2023,2,1
20271,2020,1,2022,2,1
20336,2020,1,2022,2,1
20338,2020,1,2023,2,1
20339,2020,1,2022,2,1
20839,2021,1,2023,2,1
20872,2021,1,2023,2,1
20873,2021,1,2024,2,1
20875,2021,1,2023,2,1
20876,2021,1,2024,2,1
20879,2021,1,2024,2,1
20880,2021,1,2024,2,1
20954,2021,1,2024,2,1
20955,2021,1,2024,2,1
20956,2021,1,2024,2,1
20959,2021,1,2024,2,1
20962,2021,1,2024,2,1
21013,2021,1,2024,2,1
21014,2021,1,2024,2,1
20340,2020,1,2023,2,1
20341,2020,1,2023,2,1
20342,2020,1,2023,2,1
20344,2020,1,2023,2,1
20345,2020,1,2023,2,1
20841,2021,1,2023,2,1
20842,2021,1,2024,2,1
20843,2021,1,2024,2,1
20845,2021,1,2023,2,1
20846,2021,1,2023,2,1
20881,2021,1,2023,2,1
20933,2021,1,2023,2,1
20936,2021,1,2023,2,1
20937,2021,1,2024,2,1
20944,2021,1,2024,2,1
20948,2021,1,2023,2,1
21017,2021,1,2023,2,1
21023,2021,1,2023,2,1
19883,2020,1,2023,2,1
20724,2021,1,2024,2,1
20726,2021,1,2024,2,1
20965,2021,1,2024,2,1
21010,2021,1,2024,2,1
21045,2021,1,2023,2,1
21046,2021,1,2024,2,1
21048,2021,1,2024,2,1
21050,2021,1,2024,2,1
21059,2021,1,2024,2,1
21061,2021,1,2024,2,1
21063,2021,1,2024,2,1
20471,2020,1,2023,2,1
20727,2021,1,2024,2,1
20728,2021,1,2024,2,1
20732,2021,1,2024,2,1
20776,2021,1,2024,2,1
20777,2021,1,2024,2,1
21052,2021,1,2024,2,1
21056,2021,1,2023,2,1
20886,2021,1,2024,2,1
20887,2021,1,2023,2,1
20275,2020,1,2022,2,1
20276,2020,1,2022,2,1
20278,2020,1,2022,2,1
20284,2020,1,2023,2,1
20788,2021,1,2024,2,1
20864,2021,1,2023,2,1
20895,2021,1,2023,2,1
20899,2021,1,2023,2,1
20890,2021,1,2024,2,1
20968,2021,1,2023,2,1
20969,2021,1,2024,2,1
20970,2021,1,2024,2,1
20971,2021,1,2024,2,1
20972,2021,1,2024,2,1
20915,2021,1,2023,2,1
20918,2021,1,2024,2,1
21024,2021,1,2024,2,1
21025,2021,1,2024,2,1
21028,2021,1,2024,2,1
20974,2021,1,2024,2,1
20976,2021,1,2024,2,1
20977,2021,1,2023,2,1
21041,2021,1,2024,2,1
21083,2021,1,2024,2,1
21086,2021,1,2024,2,1
21087,2021,1,2024,2,1
20746,2021,1,2024,2,1
21088,2021,1,2024,2,1
20891,2021,1,2024,2,1
20893,2021,1,2024,2,1
20894,2021,1,2023,2,1
20778,2021,1,2023,2,1
20747,2021,1,2024,2,1
20752,2021,1,2024,2,1
20753,2021,1,2024,2,1
20754,2021,1,2024,2,1
20755,2021,1,2023,2,1
20757,2021,1,2024,2,1
20737,2021,1,2023,2,1
20738,2021,1,2024,2,1
20739,2021,1,2024,2,1
20740,2021,1,2024,2,1
20743,2021,1,2024,2,1
20748,2021,1,2024,2,1
20904,2021,1,2023,2,1
20905,2021,1,2024,2,1
20978,2021,1,2024,2,1
20979,2021,1,2024,1,0
20983,2021,1,2023,2,1
20984,2021,1,2023,2,1
20985,2021,1,2024,2,1
20779,2021,1,2024,2,1
20781,2021,1,2024,2,1
21826,2021,1,2024,2,1
20807,2021,1,2024,2,1
20811,2021,1,2024,2,1
20812,2021,1,2024,2,1
20813,2021,1,2024,2,1
20316,2020,1,2023,2,1
20317,2020,1,2023,2,1
20320,2020,1,2023,2,1
20397,2020,1,2023,2,1
20501,2020,1,2024,2,0
20402,2020,1,2023,2,1
20503,2020,1,2022,2,1
20519,2020,1,2023,2,1
20527,2020,1,2023,2,1
20529,2020,1,2023,2,1
20569,2020,1,2023,2,1
20570,2020,1,2023,2,1
20572,2020,1,2023,2,1
20575,2020,1,2023,2,1
20579,2020,1,2022,2,1
20252,2020,1,2022,2,1
20258,2020,1,2023,2,1
20322,2020,1,2023,2,1
20326,2020,1,2023,2,1
20364,2020,1,2023,2,1
20580,2020,1,2022,2,1
20329,2020,1,2023,2,1
20330,2020,1,2024,1,0
20331,2020,1,2022,2,1
20332,2020,1,2023,2,1
20333,2020,1,2023,2,1
20334,2020,1,2023,2,1
20404,2020,1,2022,2,1
20482,2020,1,2022,2,1
20532,2020,1,2023,2,1
20535,2020,1,2022,2,1
20536,2020,1,2022,2,1
20539,2020,1,2022,2,1
20541,2020,1,2022,2,1
20206,2020,1,2023,1,0
20463,2020,1,2022,2,1
20264,2020,1,2023,2,1
20265,2020,1,2022,2,1
20543,2020,1,2022,2,1
20544,2020,1,2022,2,1
20546,2020,1,2022,2,1
20547,2020,1,2023,2,1
20548,2020,1,2022,2,1
20242,2020,1,2023,2,1
20263,2020,1,2023,2,1
20552,2020,1,2022,2,1
20298,2020,1,2022,2,1
20324,2020,1,2023,2,1
20325,2020,1,2023,2,1
20335,2020,1,2023,2,1
20375,2020,1,2022,2,1
20379,2020,1,2022,2,1
20554,2020,1,2022,2,1
20558,2020,1,2023,2,1
20560,2020,1,2023,2,1
20196,2020,1,2023,2,0
20164,2020,1,2023,2,1
20165,2020,1,2023,2,0
20167,2020,1,2023,2,1
20168,2020,1,2022,2,1
20561,2020,1,2023,2,1
20563,2020,1,2023,2,1
20566,2020,1,2023,2,1
20567,2020,1,2023,2,1
20211,2020,1,2022,2,1
20212,2020,1,2024,2,0
20215,2020,1,2022,2,1
20217,2020,1,2023,2,1
20172,2020,1,2022,2,1
20173,2020,1,2023,2,1
20285,2020,1,2022,2,1
20286,2020,1,2022,2,1
20287,2020,1,2023,2,1
20291,2020,1,2022,2,1
20221,2020,1,2022,2,1
20223,2020,1,2022,2,1
20289,2020,1,2023,2,1
20301,2020,1,2024,1,0
20292,2020,1,2022,2,1
20293,2020,1,2024,1,0
20294,2020,1,2023,2,1
20361,2020,1,2023,2,1
20362,2020,1,2023,2,1
20367,2020,1,2023,2,1
18152,2019,1,2022,2,1
20308,2020,1,2023,2,1
20359,2020,1,2023,2,1
20386,2020,1,2022,2,1
20368,2020,1,2023,2,1
20371,2020,1,2023,2,1
20373,2020,1,2022,2,1
20414,2020,1,2023,2,1
20417,2020,1,2022,2,1
20573,2020,1,2023,2,1
20581,2020,1,2022,2,1
19441,2020,1,2023,2,1
20387,2020,1,2022,2,1
20389,2020,1,2022,2,1
20390,2020,1,2022,2,1
20422,2020,1,2023,2,1
20224,2020,1,2022,2,1
20229,2020,1,2022,2,1
20347,2020,1,2023,2,1
20232,2020,1,2022,2,1
20234,2020,1,2023,2,1
20312,2020,1,2023,2,1
20315,2020,1,2023,2,1
20349,2020,1,2023,2,1
20350,2020,1,2022,2,1
20352,2020,1,2023,2,1
20353,2020,1,2022,2,1
20354,2020,1,2022,2,1
20355,2020,1,2023,2,1
19506,2020,1,2022,2,1
19446,2020,1,2023,2,1
19251,2020,1,2022,2,1
21622,2021,1,2023,2,1
21624,2021,1,2023,2,1
21625,2021,1,2024,2,1
21626,2021,1,2023,2,1
21629,2021,1,2024,2,1
21631,2021,1,2024,2,1
21796,2021,1,2024,2,0
21845,2021,1,2024,2,1
21903,2021,1,2024,2,1
21906,2021,1,2024,2,1
21798,2021,1,2024,2,1
21799,2021,1,2024,2,1
21904,2021,1,2024,2,1
21463,2021,1,2023,2,1
21466,2021,1,2023,2,1
21467,2021,1,2024,2,1
21468,2021,1,2023,2,1
21469,2021,1,2024,2,1
21470,2021,1,2024,2,1
21471,2021,1,2024,2,1
21472,2021,1,2024,1,0
21473,2021,1,2024,2,1
21873,2021,1,2023,2,1
21440,2021,1,2024,2,1
21599,2021,1,2023,2,1
21601,2021,1,2024,2,1
21603,2021,1,2023,2,1
21604,2021,1,2023,2,1
21605,2021,1,2023,2,1
21606,2021,1,2023,2,1
21607,2021,1,2024,2,1
21608,2021,1,2024,2,1
21609,2021,1,2024,2,1
21774,2021,1,2024,2,1
21779,2021,1,2024,2,1
21783,2021,1,2023,2,1
21291,2021,1,2023,2,1
21292,2021,1,2023,2,1
21441,2021,1,2024,2,1
21442,2021,1,2023,2,1
21443,2021,1,2024,2,1
21444,2021,1,2024,2,1
21445,2021,1,2023,2,1
21451,2021,1,2023,2,1
21611,2021,1,2024,2,1
21612,2021,1,2023,2,1
21613,2021,1,2024,2,1
21615,2021,1,2024,2,1
21616,2021,1,2023,2,1
21617,2021,1,2023,2,1
21620,2021,1,2024,2,1
21785,2021,1,2024,2,1
21787,2021,1,2024,2,1
21789,2021,1,2023,2,1
21832,2021,1,2024,2,1
21452,2021,1,2024,2,1
21835,2021,1,2023,2,1
21836,2021,1,2024,2,1
21838,2021,1,2024,2,1
21841,2021,1,2023,2,1
21833,2021,1,2024,2,1
21455,2021,1,2024,2,1
21457,2021,1,2023,2,1
21460,2021,1,2024,2,1
21621,2021,1,2024,1,0
21198,2021,1,2024,2,1
21373,2021,1,2023,2,1
21375,2021,1,2023,2,1
21376,2021,1,2023,2,1
21760,2021,1,2023,2,1
21761,2021,1,2024,2,1
21762,2021,1,2024,2,1
21258,2021,1,2023,2,1
21259,2021,1,2023,2,1
21483,2021,1,2024,2,1
21632,2021,1,2024,2,1
21635,2021,1,2023,2,1
21636,2021,1,2024,2,1
21637,2021,1,2023,2,1
21638,2021,1,2023,2,1
21639,2021,1,2024,2,1
21237,2021,1,2023,2,1
21290,2021,1,2023,2,1
21381,2021,1,2024,2,0
21382,2021,1,2023,2,1
21544,2021,1,2023,2,1
21547,2021,1,2023,2,1
21550,2021,1,2023,2,1
21264,2021,1,2023,2,1
21267,2021,1,2024,2,1
21268,2021,1,2024,2,1
21418,2021,1,2024,1,0
21419,2021,1,2024,2,1
21420,2021,1,2024,2,1
21642,2021,1,2023,2,1
21808,2021,1,2024,2,1
21489,2021,1,2024,2,1
21676,2021,1,2023,2,1
21677,2021,1,2024,2,1
21678,2021,1,2023,2,1
21679,2021,1,2023,2,1
21680,2021,1,2023,2,1
21552,2021,1,2024,2,1
21554,2021,1,2023,2,1
21720,2021,1,2024,2,0
21724,2021,1,2024,2,1
21725,2021,1,2024,2,1
21726,2021,1,2024,1,0
21422,2021,1,2024,2,1
21425,2021,1,2023,2,1
21426,2021,1,2023,2,1
21588,2021,1,2023,2,1
21589,2021,1,2023,2,1
21590,2021,1,2023,2,1
21330,2021,1,2023,2,1
21683,2021,1,2023,2,1
21150,2021,1,2024,2,1
21151,2021,1,2023,2,1
21152,2021,1,2025,1,0
21155,2021,1,2023,2,1
21156,2021,1,2024,2,1
21157,2021,1,2024,2,1
21728,2021,1,2024,2,1
21729,2021,1,2024,2,1
21201,2021,1,2023,2,1
21202,2021,1,2023,2,1
21204,2021,1,2024,2,1
21591,2021,1,2023,2,1
21593,2021,1,2023,2,1
21596,2021,1,2023,2,1
21597,2021,1,2024,2,1
21598,2021,1,2024,2,1
21763,2021,1,2023,2,1
21486,2021,1,2023,2,1
21488,2021,1,2024,2,1
21491,2021,1,2024,2,1
21492,2021,1,2024,2,1
21159,2021,1,2023,2,1
21160,2021,1,2023,2,1
21162,2021,1,2024,2,1
21163,2021,1,2023,2,1
21238,2021,1,2023,2,1
21206,2021,1,2023,2,1
21209,2021,1,2024,2,1
21211,2021,1,2023,2,1
21213,2021,1,2024,2,1
21766,2021,1,2024,2,1
21769,2021,1,2024,2,0
21771,2021,1,2023,2,1
21494,2021,1,2023,2,1
21497,2021,1,2024,2,1
21498,2021,1,2024,2,1
21499,2021,1,2024,2,1
21643,2021,1,2023,2,1
21644,2021,1,2023,2,1
21647,2021,1,2023,2,1
21510,2021,1,2023,2,1
21392,2021,1,2024,2,1
21393,2021,1,2023,2,1
21394,2021,1,2024,2,1
21555,2021,1,2024,2,1
21557,2021,1,2023,2,1
21270,2021,1,2024,2,1
21272,2021,1,2024,2,1
21273,2021,1,2023,2,1
21275,2021,1,2023,2,1
21276,2021,1,2023,2,1
21277,2021,1,2023,2,1
21649,2021,1,2024,2,1
21650,2021,1,2023,2,1
21652,2021,1,2024,2,1
21654,2021,1,2024,2,1
21517,2021,1,2023,2,1
21519,2021,1,2024,2,1
21521,2021,1,2024,2,1
21686,2021,1,2024,2,1
21560,2021,1,2024,1,0
21562,2021,1,2023,2,1
21563,2021,1,2024,2,1
21564,2021,1,2024,2,1
21565,2021,1,2023,2,1
21733,2021,1,2023,2,1
21430,2021,1,2024,2,1
21433,2021,1,2024,1,0
21434,2021,1,2024,2,1
21437,2021,1,2023,2,1
21438,2021,1,2024,2,1
21439,2021,1,2024,2,1
21824,2021,1,2023,2,1
21827,2021,1,2024,2,1
21689,2021,1,2024,2,1
21691,2021,1,2023,2,1
21692,2021,1,2023,2,1
21695,2021,1,2023,2,1
21164,2021,1,2024,2,0
21739,2021,1,2024,2,1
21741,2021,1,2024,2,1
21214,2021,1,2024,2,1
21215,2021,1,2024,2,1
20764,2021,1,2024,2,1
20784,2021,1,2024,2,1
20789,2021,1,2024,2,1
20790,2021,1,2023,2,1
20791,2021,1,2023,2,1
21340,2021,1,2023,2,1
21343,2021,1,2023,2,1
21344,2021,1,2023,2,1
21500,2021,1,2024,2,1
21167,2021,1,2023,2,1
21169,2021,1,2024,2,1
21170,2021,1,2024,2,1
21171,2021,1,2024,2,1
21174,2021,1,2023,2,1
21175,2021,1,2024,2,1
21216,2021,1,2024,1,0
21217,2021,1,2023,2,1
21219,2021,1,2024,2,1
21220,2021,1,2023,2,1
21395,2021,1,2023,2,1
21507,2021,1,2024,2,1
21508,2021,1,2023,2,1
21513,2021,1,2024,2,1
21656,2021,1,2023,2,1
21355,2021,1,2023,2,1
21358,2021,1,2024,2,1
21359,2021,1,2024,2,1
21523,2021,1,2024,2,1
21397,2021,1,2024,2,1
21398,2021,1,2023,2,1
21399,2021,1,2023,2,1
21400,2021,1,2024,2,1
21401,2021,1,2024,2,1
21404,2021,1,2023,2,1
21405,2021,1,2024,2,1
21566,2021,1,2023,2,1
20673,2021,1,2024,2,1
20677,2021,1,2024,2,1
21662,2021,1,2024,2,1
21665,2021,1,2024,2,1
21666,2021,1,2023,2,1
21667,2021,1,2024,1,0
21524,2021,1,2023,2,1
21525,2021,1,2024,2,1
21527,2021,1,2023,2,1
21528,2021,1,2023,2,1
21530,2021,1,2024,2,1
21532,2021,1,2024,2,1
21696,2021,1,2023,2,1
21567,2021,1,2023,2,1
21568,2021,1,2023,2,1
21569,2021,1,2024,2,1
21570,2021,1,2024,2,1
21571,2021,1,2023,2,1
21572,2021,1,2023,2,1
21574,2021,1,2024,2,1
21576,2021,1,2024,2,1
20679,2021,1,2024,2,1
20681,2021,1,2024,2,1
20684,2021,1,2024,2,1
20685,2021,1,2024,2,1
20686,2021,1,2024,2,1
20687,2021,1,2024,2,1
21109,2021,1,2024,2,1
21111,2021,1,2024,2,1
21112,2021,1,2023,2,1
21113,2021,1,2024,2,1
21115,2021,1,2024,2,1
21117,2021,1,2024,2,1
21118,2021,1,2024,2,1
21130,2021,1,2024,2,1
21698,2021,1,2024,2,1
21699,2021,1,2024,2,1
21700,2021,1,2024,2,1
21704,2021,1,2023,2,1
21705,2021,1,2024,2,1
21176,2021,1,2024,2,1
21745,2021,1,2024,2,0
21748,2021,1,2024,2,1
21749,2021,1,2023,2,1
20794,2021,1,2024,2,1
20795,2021,1,2024,2,1
20798,2021,1,2024,2,1
20799,2021,1,2024,2,1
20800,2021,1,2024,2,1
20801,2021,1,2024,2,1
21132,2021,1,2023,2,1
21133,2021,1,2024,2,1
21134,2021,1,2024,2,1
21135,2021,1,2024,2,1
21137,2021,1,2024,2,1
21138,2021,1,2024,2,1
21139,2021,1,2024,2,1
21141,2021,1,2024,2,1
21177,2021,1,2024,2,1
21178,2021,1,2023,2,1
21181,2021,1,2023,2,1
21185,2021,1,2024,2,1
21361,2021,1,2024,2,0
21230,2021,1,2024,1,0
21231,2021,1,2024,2,1
21232,2021,1,2023,2,1
21235,2021,1,2024,2,1
21253,2021,1,2024,2,1
21106,2021,1,2023,2,1
21107,2021,1,2024,2,1
21116,2021,1,2023,2,1
21161,2021,1,2024,2,1
21193,2021,1,2024,2,1
21362,2021,1,2023,2,1
21363,2021,1,2024,2,1
21365,2021,1,2023,2,1
21367,2021,1,2023,2,1
21368,2021,1,2023,2,1
21255,2021,1,2024,2,1
21407,2021,1,2024,2,1
21408,2021,1,2024,2,1
21409,2021,1,2023,2,1
21411,2021,1,2023,2,1
21412,2021,1,2024,2,1
21413,2021,1,2023,2,1
21173,2021,1,2024,2,1
21648,2021,1,2024,2,1
21658,2021,1,2024,2,1
21669,2021,1,2023,2,1
21670,2021,1,2023,2,1
21672,2021,1,2024,1,0
21535,2021,1,2024,2,1
21537,2021,1,2024,2,1
21538,2021,1,2023,2,1
21539,2021,1,2023,2,1
21540,2021,1,2023,2,1
21541,2021,1,2024,2,0
21542,2021,1,2024,2,1
21543,2021,1,2024,2,1
21414,2021,1,2024,2,1
21415,2021,1,2023,2,1
21578,2021,1,2023,2,1
21581,2021,1,2023,2,1
21582,2021,1,2024,1,0
21583,2021,1,2024,2,1
20692,2021,1,2024,2,1
20693,2021,1,2024,2,1
20703,2021,1,2023,2,1
20709,2021,1,2024,2,1
20717,2021,1,2024,2,1
20725,2021,1,2023,2,1
21673,2021,1,2023,2,1
21121,2021,1,2023,2,1
21122,2021,1,2024,2,1
21124,2021,1,2024,2,1
21127,2021,1,2024,2,1
21128,2021,1,2023,2,1
21710,2021,1,2023,2,1
21711,2021,1,2023,2,1
21712,2021,1,2023,2,1
21717,2021,1,2023,2,1
21584,2021,1,2024,2,1
21586,2021,1,2024,2,1
21587,2021,1,2023,2,1
21753,2021,1,2023,2,1
21755,2021,1,2024,2,1
20745,2021,1,2023,2,1
21475,2021,1,2023,2,1
21476,2021,1,2024,2,1
21477,2021,1,2023,2,1
21478,2021,1,2024,2,1
21480,2021,1,2023,2,1
21482,2021,1,2024,2,1
21142,2021,1,2024,2,1
21144,2021,1,2024,2,1
21145,2021,1,2024,2,1
21146,2021,1,2024,2,1
21147,2021,1,2024,2,1
21200,2021,1,2023,2,1
21207,2021,1,2024,2,1
21719,2021,1,2023,2,1
21187,2021,1,2023,2,1
21188,2021,1,2024,2,1
21189,2021,1,2024,2,1
21191,2021,1,2023,2,1
21194,2021,1,2023,2,1
21195,2021,1,2023,2,1
22615,2022,1,2024,2,1
22617,2022,1,2024,2,1
22618,2022,1,2024,2,1
22664,2022,1,2024,2,1
22699,2022,1,2024,2,1
22700,2022,1,2024,2,1
22702,2022,1,2024,2,1
22704,2022,1,2024,2,1
22705,2022,1,2024,2,1
22707,2022,1,2024,2,1
22194,2022,1,2024,2,1
22195,2022,1,2024,2,1
22622,2022,1,2024,2,1
22623,2022,1,2024,2,1
22628,2022,1,2024,2,1
22630,2022,1,2024,2,1
22708,2022,1,2024,2,1
22710,2022,1,2024,2,1
22713,2022,1,2024,2,1
22715,2022,1,2024,2,1
22718,2022,1,2024,2,1
22218,2022,1,2024,2,1
22220,2022,1,2024,2,1
22196,2022,1,2024,2,1
22199,2022,1,2024,2,1
22638,2022,1,2024,2,1
22640,2022,1,2024,2,1
22649,2022,1,2024,2,1
22720,2022,1,2024,2,1
22721,2022,1,2024,2,1
22722,2022,1,2024,2,1
22724,2022,1,2024,2,1
22210,2022,1,2024,2,1
22653,2022,1,2024,2,1
22655,2022,1,2024,2,1
22661,2022,1,2024,2,1
22727,2022,1,2024,2,1
22728,2022,1,2024,2,1
22730,2022,1,2024,2,1
22734,2022,1,2024,2,1
22735,2022,1,2024,2,1
22231,2022,1,2024,2,1
22251,2022,1,2024,2,1
22299,2022,1,2024,2,1
22537,2022,1,2024,2,1
22541,2022,1,2024,2,1
22546,2022,1,2024,2,1
22663,2022,1,2024,2,1
22666,2022,1,2024,2,1
22670,2022,1,2024,2,1
22683,2022,1,2024,2,1
22738,2022,1,2024,2,1
22740,2022,1,2024,2,1
22741,2022,1,2024,2,1
22742,2022,1,2024,2,1
22744,2022,1,2024,2,1
22746,2022,1,2024,2,1
22208,2022,1,2024,2,1
22227,2022,1,2024,2,1
22230,2022,1,2024,2,1
22234,2022,1,2024,2,1
22626,2022,1,2024,2,1
22652,2022,1,2024,2,1
22672,2022,1,2024,2,1
22673,2022,1,2024,2,1
22529,2022,1,2024,2,1
22237,2022,1,2024,2,1
22240,2022,1,2024,2,1
22241,2022,1,2024,2,1
22249,2022,1,2024,2,1
22303,2022,1,2024,2,1
22238,2022,1,2024,2,1
22246,2022,1,2024,2,1
22147,2022,1,2024,2,1
22259,2022,1,2024,2,1
17829,2019,1,2022,2,1
18028,2019,1,2022,2,1
18188,2019,1,2022,2,1
17837,2019,1,2022,2,1
22284,2022,1,2024,2,1
22285,2022,1,2024,2,1
22267,2022,1,2024,2,1
22291,2022,1,2024,2,1
22294,2022,1,2024,2,1
22300,2022,1,2024,2,1
22302,2022,1,2024,2,1
22556,2022,1,2024,2,1
22151,2022,1,2024,2,1
22283,2022,1,2024,2,1
22295,2022,1,2024,2,1
22557,2022,1,2024,2,1
22558,2022,1,2024,2,1
22559,2022,1,2024,2,1
22567,2022,1,2024,2,1
22566,2022,1,2024,2,1
22569,2022,1,2024,2,1
22571,2022,1,2024,2,1
22588,2022,1,2024,2,1
22158,2022,1,2024,2,1
22573,2022,1,2024,2,1
22583,2022,1,2024,2,1
22584,2022,1,2024,2,1
22598,2022,1,2024,2,1
22601,2022,1,2024,2,1
22619,2022,1,2024,2,1
22621,2022,1,2024,2,1
22627,2022,1,2024,2,1
18264,2019,1,2022,2,1
18158,2019,1,2022,2,1
19417,2020,1,2022,2,1
22633,2022,1,2023,2,1
22641,2022,1,2024,2,1
22646,2022,1,2024,2,1
22656,2022,1,2024,2,1
22668,2022,1,2024,2,1
22678,2022,1,2024,2,1
22587,2022,1,2024,2,1
22590,2022,1,2024,2,1
22595,2022,1,2024,2,1
22597,2022,1,2024,2,1
22599,2022,1,2024,2,1
22600,2022,1,2024,2,1
22685,2022,1,2024,2,1
22686,2022,1,2024,2,1
22160,2022,1,2024,2,1
22164,2022,1,2024,2,1
22604,2022,1,2024,2,1
22605,2022,1,2024,2,1
22606,2022,1,2024,2,1
22607,2022,1,2024,2,1
22608,2022,1,2024,2,1
22609,2022,1,2024,2,1
22690,2022,1,2024,2,1
22694,2022,1,2024,2,1
22695,2022,1,2024,2,1
19109,2020,1,2023,2,1
19438,2020,1,2022,2,1
19291,2020,1,2023,2,1
22081,2022,1,2024,2,1
22126,2022,1,2024,2,1
22127,2022,1,2024,2,1
17703,2019,1,2022,2,1
19935,2020,1,2023,2,1
19980,2020,1,2022,2,1
20321,2020,1,2022,2,1
19363,2020,1,2023,2,1
18842,2020,1,2022,2,1
19050,2020,1,2023,2,1
21474,2021,1,2024,2,1
21496,2021,1,2024,2,1
22129,2022,1,2024,2,1
22133,2022,1,2024,2,1
22135,2022,1,2024,2,1
19934,2020,1,2023,2,0
22093,2022,1,2024,2,1
17364,2019,1,2022,2,1
18066,2019,1,2022,2,1
21651,2021,1,2024,2,1
22170,2022,1,2024,2,1
22175,2022,1,2024,2,1
18256,2019,1,2022,2,1
22178,2022,1,2024,2,1
22096,2022,1,2024,2,1
22099,2022,1,2024,2,1
22100,2022,1,2024,2,1
22103,2022,1,2024,2,1
22187,2022,1,2024,2,1
22188,2022,1,2024,2,1
19319,2020,1,2022,2,1
22114,2022,1,2024,2,1
22115,2022,1,2024,2,1
17645,2019,1,2022,2,1
22067,2022,1,2024,2,1
19975,2020,1,2022,2,1
17669,2019,1,2022,2,1
22117,2022,1,2024,2,1
22119,2022,1,2024,2,1
19196,2020,1,2023,2,1
22079,2022,1,2024,2,1
23093,2022,1,2024,2,1
22841,2022,1,2024,2,1
23195,2022,1,2024,2,1
23077,2022,1,2024,2,1
23205,2022,1,2024,2,1
23007,2022,1,2024,2,1
23008,2022,1,2024,2,1
23009,2022,1,2024,2,1
23013,2022,1,2024,2,1
23020,2022,1,2024,2,1
23215,2022,1,2024,2,1
23223,2022,1,2024,2,1
23067,2022,1,2024,2,1
23074,2022,1,2024,2,1
22756,2022,1,2024,2,1
22775,2022,1,2024,2,1
22831,2022,1,2024,2,1
22765,2022,1,2024,2,1
22766,2022,1,2024,2,1
23065,2022,1,2024,2,1
23066,2022,1,2024,2,1
22757,2022,1,2024,2,1
22759,2022,1,2024,2,1
22770,2022,1,2024,2,1
22774,2022,1,2024,2,1
22776,2022,1,2024,2,1
22778,2022,1,2024,2,1
22790,2022,1,2024,2,1
23197,2022,1,2024,2,1
22836,2022,1,2024,2,1
23100,2022,1,2024,2,1
22873,2022,1,2024,2,1
22923,2022,1,2024,2,1
22802,2022,1,2024,2,1
22807,2022,1,2024,2,1
22941,2022,1,2024,2,1
22997,2022,1,2024,2,1
22762,2022,1,2024,2,1
22769,2022,1,2024,2,1
22800,2022,1,2024,2,1
22801,2022,1,2024,2,1
22803,2022,1,2024,2,1
22866,2022,1,2024,2,1
22771,2022,1,2024,2,1
22784,2022,1,2024,2,1
22796,2022,1,2024,2,1
21633,2021,1,2024,2,1
23029,2022,1,2024,2,1
22763,2022,1,2024,2,1
22882,2022,1,2024,2,1
22904,2022,1,2024,2,1
22933,2022,1,2024,2,1
22753,2022,1,2024,2,1
22768,2022,1,2024,2,1
22809,2022,1,2024,2,1
23084,2022,1,2024,2,1
22914,2022,1,2024,2,1
23012,2022,1,2024,2,1
23014,2022,1,2024,2,1
23017,2022,1,2024,2,1
22755,2022,1,2024,2,1
22786,2022,1,2024,2,1
22793,2022,1,2024,2,1
22804,2022,1,2024,2,1
22829,2022,1,2024,2,1
22828,2022,1,2024,2,1
22963,2022,1,2024,2,1
23018,2022,1,2024,2,1
22972,2022,1,2024,2,1
23157,2022,1,2024,2,1
22782,2022,1,2024,2,1
22936,2022,1,2024,2,1
22942,2022,1,2024,2,1
22750,2022,1,2024,2,1
22974,2022,1,2024,2,1
22952,2022,1,2024,2,1
22752,2022,1,2024,2,1
22772,2022,1,2024,2,1
22820,2022,1,2024,2,1
22944,2022,1,2024,2,1
22945,2022,1,2024,2,1
23047,2022,1,2024,2,1
23054,2022,1,2024,2,1
23011,2022,1,2024,2,1
23057,2022,1,2024,2,1
22811,2022,1,2024,2,1
22966,2022,1,2024,2,1
22847,2022,1,2024,2,1
22975,2022,1,2024,2,1
22978,2022,1,2024,2,1
23036,2022,1,2024,2,1
23039,2022,1,2024,2,1
23043,2022,1,2024,2,1
22886,2022,1,2024,2,1
23022,2022,1,2024,2,1
22761,2022,1,2024,2,1
22902,2022,1,2024,2,1
22994,2022,1,2024,2,1
22920,2022,1,2024,2,1
22810,2022,1,2024,2,1
22938,2022,1,2024,2,1
23037,2022,1,2024,2,1
22897,2022,1,2024,2,1
23088,2022,1,2024,2,1
22907,2022,1,2024,2,1
22931,2022,1,2024,2,1
22808,2022,1,2024,2,1
22819,2022,1,2024,2,1
22823,2022,1,2024,2,1
22864,2022,1,2024,2,1
22779,2022,1,2024,2,1
23052,2022,1,2024,2,1
23064,2022,1,2024,2,1
22865,2022,1,2024,2,1
23117,2022,1,2024,2,1
22813,2022,1,2024,2,1
22747,2022,1,2024,2,1
22785,2022,1,2024,2,1
22794,2022,1,2024,2,1
22818,2022,1,2024,2,1
22821,2022,1,2024,2,1
22780,2022,1,2024,2,1
22783,2022,1,2024,2,1
22806,2022,1,2024,2,1
22812,2022,1,2024,2,1
22816,2022,1,2024,2,1
22805,2022,1,2024,2,1
22870,2022,1,2024,2,1
23060,2022,1,2024,2,1
18189,2019,1,2022,2,1
18597,2019,1,2022,2,1
20534,2020,1,2022,2,1
20147,2020,1,2022,2,1
19006,2020,1,2022,2,1
18229,2019,1,2022,2,1
17629,2019,1,2022,2,1
19917,2020,1,2022,2,1
20297,2020,1,2022,2,1
19460,2020,1,2022,2,1
17418,2019,1,2022,2,1
17625,2019,1,2022,2,1
17340,2019,1,2022,2,1
17999,2019,1,2022,2,1
18142,2019,1,2022,2,1
17380,2019,1,2022,2,1
17692,2019,1,2022,2,1
20405,2020,1,2022,2,1
20384,2020,1,2023,2,1
19955,2020,1,2022,2,1
17210,2019,1,2022,2,1
18087,2019,1,2022,2,1
19442,2020,1,2022,2,1
20174,2020,1,2022,2,1
20374,2020,1,2022,2,1
17657,2019,1,2022,2,1
18252,2019,1,2022,2,1
18198,2019,1,2022,2,1
17750,2019,1,2022,2,1
17774,2019,1,2022,2,1
19947,2020,1,2022,2,1
19822,2020,1,2022,2,1
20545,2020,1,2022,2,1
19087,2020,1,2022,2,1
19206,2020,1,2022,2,1
17641,2019,1,2022,2,1
20248,2020,1,2022,2,1
20139,2020,1,2022,2,1
22887,2022,1,2024,2,1
20272,2020,1,2022,2,1
17868,2019,1,2022,2,1
19509,2020,1,2022,2,1
18172,2019,1,2022,2,1
21288,2021,1,2023,2,1
18093,2019,1,2022,2,1
21707,2021,1,2024,2,1
19005,2020,1,2022,2,1
19723,2020,1,2022,2,1
20571,2020,1,2022,2,1
17813,2019,1,2022,2,1
18223,2019,1,2022,2,1
17257,2019,1,2022,2,1
17969,2019,1,2022,2,1
17738,2019,1,2022,2,1
18012,2019,1,2022,2,1
17306,2019,1,2022,2,1
18017,2019,1,2022,2,1
19519,2020,1,2022,2,1
19310,2020,1,2023,1,0
22565,2022,1,2024,2,1
20150,2020,1,2023,2,0
19586,2020,1,2022,2,1
17915,2019,1,2022,2,1
17828,2019,1,2022,2,1
19008,2020,1,2022,2,1
19878,2020,1,2023,1,0
21032,2021,1,2023,2,1
20210,2020,1,2023,1,0
16685,2018,1,2023,1,0
17643,2019,1,2023,1,0
17902,2019,1,2022,2,1
17839,2019,1,2022,2,1
17835,2019,1,2022,2,1
18957,2020,1,2022,2,1
19926,2020,1,2022,2,1
18215,2019,1,2022,2,1
17682,2019,1,2022,2,1
22620,2022,1,2024,2,1
18148,2019,1,2022,2,1
17312,2019,1,2022,2,1
17200,2019,1,2022,2,1
17790,2019,1,2022,2,1
18993,2020,1,2022,2,1
18259,2019,1,2022,2,1
19280,2020,1,2022,2,1
19535,2020,1,2022,2,1
18859,2020,1,2022,2,1
19611,2020,1,2022,2,1
19057,2020,1,2023,2,1
19427,2020,1,2022,2,1
17653,2019,1,2022,2,1
17487,2019,1,2022,2,1
18191,2019,1,2022,2,1
17266,2019,1,2022,2,1
17208,2019,1,2022,2,1
18208,2019,1,2022,2,1
17832,2019,1,2022,2,1
18100,2019,1,2022,2,1
19199,2020,1,2022,2,1
20187,2020,1,2022,2,1
18062,2019,1,2022,2,1
17242,2019,1,2022,2,1
17617,2019,1,2022,2,1
19561,2020,1,2022,2,1
19253,2020,1,2022,2,1
20274,2020,1,2022,2,1
19116,2020,1,2022,2,1
17890,2019,1,2022,2,1
17248,2019,1,2022,2,1
17696,2019,1,2022,2,1
18133,2019,1,2022,2,1
20454,2020,1,2022,2,1
20515,2020,1,2022,2,1
17791,2019,1,2022,2,1
19066,2020,1,2022,2,1
21449,2021,1,2023,2,1
21531,2021,1,2023,2,1
21750,2021,1,2024,2,1
22758,2022,1,2024,2,1
18967,2020,1,2023,2,1
21103,2021,1,2023,2,1
21765,2021,1,2023,2,1
22645,2022,1,2024,2,1
22277,2022,1,2024,2,1
22107,2022,1,2024,2,1
22767,2022,1,2024,2,1
22777,2022,1,2024,2,1
22924,2022,1,2024,2,1
20363,2020,1,2023,2,1
19596,2020,1,2023,2,1
21479,2021,1,2024,2,1
21682,2021,1,2023,2,1
21447,2021,1,2023,2,1
19531,2020,1,2023,2,1
19571,2020,1,2023,2,1
19624,2020,1,2023,2,1
21081,2021,1,2023,2,1
20170,2020,1,2023,2,1
20313,2020,1,2023,2,1
21580,2021,1,2023,2,1
21837,2021,1,2023,2,1
21487,2021,1,2023,2,1
21630,2021,1,2023,2,1
19663,2020,1,2023,2,1
18836,2020,1,2023,2,1
20878,2021,1,2023,2,1
18882,2020,1,2023,2,1
19397,2020,1,2023,2,1
19202,2020,1,2023,2,1
21736,2021,1,2023,2,1
19078,2020,1,2023,2,1
20486,2020,1,2023,2,1
19309,2020,1,2023,2,1
19498,2020,1,2023,2,0
19642,2020,1,2023,2,1
18999,2020,1,2023,2,1
19308,2020,1,2023,2,1
21697,2021,1,2023,2,1
21154,2021,1,2023,2,1
21522,2021,1,2023,2,1
21168,2021,1,2023,2,1
19252,2020,1,2023,2,1
20230,2020,1,2023,2,1
20892,2021,1,2023,2,1
20568,2020,1,2023,2,1
19558,2020,1,2023,2,1
20396,2020,1,2023,2,1
21427,2021,1,2023,2,1
21585,2021,1,2023,2,1
20847,2021,1,2023,2,1
19077,2020,1,2023,2,1
18917,2020,1,2023,2,1
19032,2020,1,2023,2,1
19361,2020,1,2023,2,1
17407,2019,1,2024,1,0
21369,2021,1,2023,2,1
19857,2020,1,2023,2,1
19222,2020,1,2023,2,1
20557,2020,1,2023,2,0
21097,2021,1,2023,2,1
21218,2021,1,2023,2,1
21342,2021,1,2023,2,1
21602,2021,1,2023,2,1
20934,2021,1,2023,2,1
20407,2020,1,2023,2,1
21675,2021,1,2023,2,1
21727,2021,1,2023,2,1
21484,2021,1,2023,2,1
19374,2020,1,2023,2,1
21074,2021,1,2023,2,1
19098,2020,1,2023,2,1
19647,2020,1,2023,2,1
20327,2020,1,2023,2,1
19481,2020,1,2023,2,1
21257,2021,1,2023,2,1
20930,2021,1,2023,2,1
21556,2021,1,2023,2,1
21645,2021,1,2023,2,1
21553,2021,1,2023,2,1
21136,2021,1,2023,2,1
21165,2021,1,2023,2,1
19286,2020,1,2023,2,1
20982,2021,1,2023,2,1
21129,2021,1,2023,2,1
20461,2020,1,2023,2,1
21458,2021,1,2023,2,1
21406,2021,1,2023,2,1
18872,2020,1,2023,2,1
21435,2021,1,2023,2,1
21184,2021,1,2023,2,1
19241,2020,1,2023,2,1
21274,2021,1,2023,2,1
21575,2021,1,2023,2,1
19392,2020,1,2023,2,1
18964,2020,1,2023,2,1
18891,2020,1,2023,2,1
21594,2021,1,2023,2,1
19449,2020,1,2023,2,1
19641,2020,1,2023,2,1
21546,2021,1,2023,2,1
20689,2021,1,2023,2,1
19898,2020,1,2023,2,1
20564,2020,1,2023,2,1
20360,2020,1,2023,2,1
19412,2020,1,2023,2,1
18911,2020,1,2023,2,1
20559,2020,1,2023,2,1
19930,2020,1,2023,2,1
21618,2021,1,2023,2,1
20888,2021,1,2023,2,1
21559,2021,1,2023,2,1
21192,2021,1,2023,2,1
19041,2020,1,2023,2,1
19833,2020,1,2023,2,1
20958,2021,1,2024,2,1
21516,2021,1,2023,2,1
19355,2020,1,2023,2,1
19326,2020,1,2023,2,1
20235,2020,1,2023,2,1
21536,2021,1,2023,2,1
19657,2020,1,2023,2,1
20175,2020,1,2023,2,1
19823,2020,1,2023,2,1
21323,2021,1,2023,2,1
20179,2020,1,2024,1,0
19337,2020,1,2023,2,1
18861,2020,1,2023,2,1
23069,2022,1,2024,2,1
21495,2021,1,2024,2,1
21653,2021,1,2024,2,1
21040,2021,1,2024,2,1
20819,2021,1,2024,2,1
21702,2021,1,2024,2,1
22988,2022,1,2024,2,1
21573,2021,1,2024,2,1
22659,2022,1,2024,2,1
21577,2021,1,2024,2,1
21518,2021,1,2024,2,1
22594,2022,1,2024,2,1
22946,2022,1,2024,2,1
22184,2022,1,2024,2,1
21093,2021,1,2024,2,1
21754,2021,1,2024,2,1
21030,2021,1,2024,2,1
22687,2022,1,2024,2,1
22145,2022,1,2024,2,1
22706,2022,1,2024,2,1
21004,2021,1,2024,2,1
22161,2022,1,2024,2,1
22815,2022,1,2024,2,1
22760,2022,1,2024,2,1
22798,2022,1,2024,2,1
22911,2022,1,2024,2,1
20946,2021,1,2024,2,1
20808,2021,1,2024,2,1
23146,2022,1,2024,2,1
22292,2022,1,2024,2,1
21020,2021,1,2024,2,1
22611,2022,1,2024,2,1
22086,2022,1,2024,2,1
22691,2022,1,2024,2,1
21453,2021,1,2024,2,1
22631,2022,1,2024,2,1
21131,2021,1,2024,2,1
21592,2021,1,2024,2,1
22222,2022,1,2024,2,1
20966,2021,1,2024,2,1
21501,2021,1,2024,2,1
22748,2022,1,2024,2,1
21085,2021,1,2024,2,1
21011,2021,1,2024,2,1
20762,2021,1,2024,2,1
21506,2021,1,2024,2,1
21410,2021,1,2024,2,0
21600,2021,1,2024,2,1
21485,2021,1,2024,2,1
20857,2021,1,2024,2,1
21158,2021,1,2024,2,1
21402,2021,1,2024,2,1
22719,2022,1,2024,2,1
21465,2021,1,2024,2,1
22535,2022,1,2024,2,1
21110,2021,1,2024,2,1
22998,2022,1,2024,2,1
21149,2021,1,2024,2,1
22789,2022,1,2024,2,1
22709,2022,1,2024,2,1
22271,2022,1,2024,2,1
20804,2021,1,2024,2,1
19394,2020,1,2024,2,0
22822,2022,1,2024,2,1
21429,2021,1,2024,2,1
20680,2021,1,2024,2,1
20802,2021,1,2024,2,1
20866,2021,1,2024,2,1
22869,2022,1,2024,2,1
22749,2022,1,2024,2,1
23149,2022,1,2024,2,1
21534,2021,1,2024,2,1
22872,2022,1,2024,2,1
20793,2021,1,2024,2,1
22729,2022,1,2024,2,1
22725,2022,1,2024,2,1
21708,2021,1,2024,2,1
21271,2021,1,2024,2,1
21628,2021,1,2024,2,1
23041,2022,1,2024,2,1
23102,2022,1,2024,2,1
21210,2021,1,2024,2,1
20704,2021,1,2024,2,1
20721,2021,1,2024,2,1
20756,2021,1,2024,2,1
22731,2022,1,2024,2,1
22612,2022,1,2024,2,1
20961,2021,1,2024,2,1
23196,2022,1,2024,2,1
22247,2022,1,2024,2,1
20769,2021,1,2024,2,1
20763,2021,1,2024,2,1
21561,2021,1,2024,2,1
22596,2022,1,2024,2,1
23112,2022,1,2024,2,1
23015,2022,1,2024,2,1
21424,2021,1,2024,2,1
20731,2021,1,2024,2,1
21481,2021,1,2024,2,1
21671,2021,1,2024,2,1
22764,2022,1,2024,2,1
20683,2021,1,2024,2,1
21436,2021,1,2024,2,1
22219,2022,1,2024,2,1
22572,2022,1,2024,2,1
22788,2022,1,2024,2,1
20834,2021,1,2024,2,1
20986,2021,1,2024,2,1
21114,2021,1,2024,2,1
21261,2021,1,2024,2,1
22671,2022,1,2024,2,1
21075,2021,1,2024,2,1
21450,2021,1,2024,2,1
19290,2020,1,2024,2,0
22716,2022,1,2024,2,1
20935,2021,1,2024,2,1
22840,2022,1,2024,2,1
20774,2021,1,2024,2,1
21674,2021,1,2024,2,1
21166,2021,1,2024,2,1
22684,2022,1,2024,2,1
22197,2022,1,2024,2,1
20901,2021,1,2024,2,1
16847,2018,1,2025,1,0
20672,2021,1,2024,2,1
21062,2021,1,2024,2,1
21105,2021,1,2024,2,1
21512,2021,1,2024,2,1
21759,2021,1,2024,2,1
21791,2021,1,2025,1,0
22252,2022,1,2024,2,1
20981,2021,1,2024,2,1
20741,2021,1,2024,2,1
