"MAHASISWA","TAHUN","SEMESTER","RATA_NILAI"
17370,2021,2,87
17511,2021,2,86
17835,2021,2,89
17242,2021,2,94
18259,2021,2,91
17905,2021,2,88
18062,2021,2,87
17612,2021,2,87
18223,2021,2,90
17672,2021,2,92
18263,2021,2,89
17363,2021,2,87
17623,2021,2,89
17312,2021,2,90
17907,2021,2,86
17948,2021,2,89
17622,2021,2,90
18230,2021,2,89
17266,2021,2,90
17906,2021,2,79
17239,2021,2,70
18095,2021,2,87
18066,2021,2,78
17248,2021,2,86
18181,2021,2,86
17655,2021,2,89
19538,2022,1,88
19020,2022,1,88
19943,2022,1,87
20389,2022,1,90
17915,2022,1,90
19535,2022,1,88
19536,2022,1,86
20148,2022,1,86
20229,2022,1,90
19327,2022,1,90
18189,2022,1,88
18145,2022,1,87
18098,2022,1,88
19507,2022,1,90
20331,2022,1,92
19938,2022,1,88
19453,2022,1,92
20386,2022,1,89
20417,2022,1,91
20297,2022,1,89
19734,2022,1,91
18969,2022,1,86
17531,2022,1,89
20554,2022,1,80
20557,2022,1,89
18587,2022,1,86
19958,2022,1,86
19836,2022,1,90
20581,2022,1,78
18002,2022,1,93
19360,2022,1,80
18353,2022,1,88
19668,2022,1,88
19148,2022,1,76
19530,2022,1,86
17242,2022,1,89
17313,2022,1,91
17372,2021,2,86
17816,2021,2,90
17450,2022,1,86
19315,2022,1,86
18905,2022,1,78
19049,2022,1,93
19690,2022,1,86
19728,2022,1,89
19267,2022,1,77
17380,2021,2,90
17632,2021,2,88
17716,2021,2,93
17818,2021,2,86
18093,2021,2,86
18225,2021,2,93
18252,2021,2,90
17293,2022,1,97
19940,2022,1,87
20534,2022,1,96
20192,2022,2,88
19279,2022,2,91
20550,2022,1,87
17492,2022,1,86
19723,2022,1,92
19726,2022,1,80
19317,2022,2,90
19335,2022,1,80
19697,2022,2,87
19033,2022,2,89
19241,2022,2,70
19291,2022,2,90
20313,2022,2,86
19441,2022,2,93
20367,2022,2,92
19392,2022,2,94
19514,2022,2,86
20334,2022,2,90
18981,2022,2,90
20561,2022,2,88
19041,2022,2,91
20349,2022,2,92
19491,2022,2,91
19481,2022,2,86
19596,2022,2,77
20177,2022,2,96
18899,2022,2,90
19909,2022,2,87
19450,2022,2,80
19866,2022,2,89
19156,2022,2,87
19522,2022,2,87
19698,2022,2,87
19840,2022,2,80
20573,2022,2,87
18997,2022,2,79
19489,2022,2,89
20568,2022,2,92
21274,2023,1,76
19061,2022,2,90
20471,2022,2,86
21524,2023,1,93
20132,2022,2,77
20982,2023,1,88
21546,2023,1,90
21418,2023,1,87
20165,2023,1,90
21635,2023,1,86
19912,2023,1,91
21448,2023,1,86
21288,2023,1,86
21457,2023,1,86
20984,2023,1,89
21528,2023,1,91
21195,2023,1,87
21445,2023,1,86
21560,2023,1,79
21330,2023,1,91
21621,2023,1,89
20864,2023,1,86
21617,2023,1,92
21023,2023,1,87
21413,2023,1,87
21559,2023,1,89
21273,2023,1,86
21342,2023,1,90
21458,2023,1,86
25012,2022,2,80
24919,2022,2,90
25018,2022,2,60
21692,2023,1,90
24928,2022,2,90
24918,2022,2,90
25035,2022,2,90
25017,2022,2,80
19826,2022,2,80
20164,2022,2,89
19099,2022,2,78
21565,2023,1,78
20337,2023,1,78
19477,2023,1,69
21837,2023,1,64
21549,2023,1,86
21696,2023,1,80
19449,2023,1,96
21446,2023,1,19
20872,2023,1,90
18850,2023,1,0
19018,2022,2,89
21485,2023,2,87
20680,2023,2,91
21392,2023,2,92
21631,2023,2,79
20986,2023,2,87
20813,2023,2,90
21525,2023,2,91
21906,2023,2,76
21430,2023,2,87
20876,2023,2,92
20937,2023,2,78
20815,2023,2,86
20969,2023,2,87
21740,2023,2,79
20974,2023,2,90
21903,2023,2,90
21170,2023,2,86
21681,2023,2,0
21453,2023,2,88
21845,2023,2,92
21512,2023,2,86
21766,2023,2,87
21662,2023,2,87
20779,2023,2,92
20707,2023,2,94
21107,2023,2,90
21397,2023,2,93
20759,2023,2,89
21674,2023,2,79
20795,2023,2,87
21156,2023,2,88
21574,2023,2,87
20865,2023,2,92
21460,2023,2,91
21020,2023,2,79
21434,2023,2,88
21632,2023,2,94
21255,2023,2,79
21440,2023,2,96
20763,2023,2,86
20712,2023,2,91
16685,2022,1,88
27073,2023,2,90
27029,2023,2,90
27082,2023,2,80
27099,2023,2,90
27106,2023,2,90
27035,2023,2,90
26987,2023,2,70
27020,2023,2,70
21584,2023,2,79
27013,2023,2,90
27121,2023,2,80
27077,2023,2,90
26979,2023,2,80
22016,2024,2,94
23047,2024,1,75
22090,2024,2,
22092,2024,2,91
24431,2025,1,
22531,2024,2,84
23866,2025,1,95
24377,2025,1,
22390,2024,2,90
24448,2025,1,
22771,2024,1,88
22057,2024,2,70
22567,2024,1,94
22555,2024,2,84
22704,2024,1,79
22480,2024,2,88
20896,2023,2,65
22248,2024,2,89
22231,2024,1,83
21176,2023,2,89
19658,2023,2,0
22038,2024,2,96
22134,2024,2,87
22518,2024,2,90
22792,2024,1,81
22205,2024,1,80
22821,2024,1,88
23567,2025,1,75
24132,2025,1,
22783,2024,1,91
24656,2025,1,
22844,2024,2,81
22011,2024,2,94
22041,2024,2,94
22063,2024,2,91
21381,2024,1,83
22662,2024,2,90
22620,2024,1,81
22105,2024,2,88
22733,2024,1,76
22492,2024,2,89
21693,2024,2,86
22416,2024,2,74
27147,2024,1,70
22426,2024,2,95
22950,2024,2,90
22484,2024,2,94
27177,2024,1,85
21564,2023,2,89
22716,2024,1,88
22408,2024,2,82
22203,2024,2,87
22159,2024,2,92
22678,2024,1,74
22811,2024,1,87
23205,2024,1,84
22412,2024,2,62
22805,2024,1,86
21122,2023,2,87
22942,2024,1,93
22616,2024,2,89
21066,2024,1,79
22562,2024,2,88
22487,2024,2,87
22895,2024,2,91
22502,2024,2,92
22848,2024,2,72
21044,2024,1,89
22025,2024,2,80
22891,2024,2,88
22252,2024,1,83
22722,2024,1,77
22631,2024,1,84
22113,2024,2,90
22425,2024,2,82
22634,2024,2,90
22524,2024,2,88
22033,2024,2,89
22278,2024,2,75
22920,2024,1,88
23056,2024,1,85
21405,2023,2,88
21646,2023,2,88
22959,2024,2,88
20692,2024,1,85
23150,2024,2,88
22054,2024,2,89
21767,2023,2,70
22059,2024,2,94
21207,2023,2,79
22945,2024,1,88
22813,2024,1,90
22741,2024,1,90
22465,2024,2,88
22482,2024,2,85
22600,2024,1,94
22988,2024,1,79
22619,2024,1,94
21408,2023,2,81
21019,2023,2,88
22857,2024,2,89
24200,2025,1,
22786,2024,1,88
23178,2024,2,80
22469,2024,2,84
22497,2024,2,90
22447,2024,2,82
21072,2024,2,
22244,2024,2,83
21601,2023,2,88
20966,2023,2,87
22666,2024,1,84
27080,2025,1,
22691,2024,1,84
23063,2024,2,91
22404,2024,2,78
22738,2024,1,87
24105,2025,1,
22473,2024,2,93
24130,2025,1,
22935,2024,2,83
24020,2025,1,
22948,2024,2,85
22790,2024,1,88
22256,2024,2,92
23604,2025,1,83
24679,2025,1,
22669,2024,1,85
21619,2023,2,79
22749,2024,1,86
22768,2024,1,72
21473,2023,2,90
22466,2024,2,91
22261,2024,2,88
22206,2024,2,92
22877,2024,2,82
22721,2024,1,92
22919,2024,2,87
22111,2024,2,86
22831,2024,1,89
22956,2024,2,84
21401,2024,1,90
24565,2025,1,
22775,2024,1,86
22175,2024,1,91
22708,2024,1,86
22220,2024,1,87
23010,2024,2,83
21439,2023,2,87
22061,2024,2,87
22073,2024,2,89
22039,2024,2,89
24731,2025,1,97
21681,2025,1,
24677,2025,1,86
24225,2025,1,88
22664,2024,1,88
24157,2025,1,87
21105,2023,2,79
24725,2025,1,
22216,2024,2,91
21652,2023,2,91
22166,2024,2,86
22392,2024,2,79
22712,2024,2,83
19477,2024,1,0
22409,2024,2,90
23685,2025,1,
24444,2025,1,
24233,2025,1,
29297,2024,2,90
29292,2024,2,85
29256,2024,2,90
29253,2024,2,90
29251,2024,2,90
29244,2024,2,90
29211,2024,2,90
29167,2024,2,90
29206,2024,2,80
29165,2024,2,85
24684,2025,1,78
23824,2025,1,77
23975,2025,1,90
29264,2024,2,90
24114,2025,1,
24582,2025,1,
24619,2025,1,82
24682,2025,1,88
24291,2025,1,89
24585,2025,1,
24667,2025,1,93
23988,2025,1,
24570,2025,1,
23938,2025,1,
24649,2025,1,87
24440,2025,1,84
24546,2025,1,
23821,2025,1,
24497,2025,1,88
24070,2025,1,
23794,2025,1,
24400,2025,1,
24711,2025,1,
24134,2025,1,
24097,2025,1,83
24705,2025,1,90
23530,2025,1,88
22644,2024,2,84
24372,2025,1,
23742,2025,1,
17641,2021,2,88
18257,2021,2,86
17264,2021,2,88
17786,2021,2,86
18147,2021,2,87
17193,2021,2,89
17407,2021,2,87
17717,2021,2,90
17769,2021,2,88
17613,2021,2,79
17699,2021,2,89
18161,2021,2,87
17663,2021,2,86
17687,2021,2,88
17839,2021,2,91
17902,2021,2,89
18419,2021,2,89
17620,2021,2,88
18165,2021,2,89
17691,2021,2,90
19498,2022,1,77
18994,2022,1,80
17737,2021,2,92
17342,2021,2,78
19577,2022,1,87
19034,2022,1,91
17884,2022,1,88
18216,2022,1,89
19643,2022,1,79
20276,2022,1,90
19272,2022,1,88
19417,2022,1,89
19442,2022,1,88
19688,2022,1,90
20543,2022,1,86
20131,2022,1,90
19470,2022,1,92
18585,2022,1,80
17705,2022,1,87
19831,2022,1,89
20147,2022,1,88
19084,2022,1,87
19021,2022,1,92
19822,2022,1,90
18943,2022,1,90
19559,2022,1,87
19612,2022,1,89
17738,2022,1,86
19923,2022,1,87
20544,2022,1,98
17637,2022,1,0
19556,2022,1,90
19094,2022,1,80
19652,2022,1,66
17301,2022,1,86
19251,2022,1,91
19927,2022,1,86
17774,2022,1,89
17483,2022,1,79
17532,2021,2,86
19240,2022,1,76
18880,2022,1,90
19172,2022,1,91
18204,2022,1,89
19588,2022,1,92
19552,2022,1,89
20278,2022,1,86
19116,2022,1,88
19058,2022,1,76
19548,2022,1,90
17791,2022,1,86
17943,2021,2,87
19603,2022,1,76
19008,2022,1,86
18186,2022,1,88
19562,2022,1,89
17982,2022,1,92
17487,2021,2,95
17650,2021,2,86
18236,2021,2,92
18272,2021,2,86
17703,2022,1,89
20263,2022,2,90
19832,2022,2,86
19480,2022,2,89
19374,2022,2,87
20293,2022,2,90
19407,2022,1,92
17338,2022,1,90
19568,2022,2,90
18213,2022,1,92
19032,2022,2,89
19363,2022,2,86
19208,2022,2,88
18962,2022,2,79
18934,2022,2,89
18874,2022,2,91
19615,2022,2,87
19122,2022,2,68
19225,2022,2,90
18911,2022,2,97
18990,2022,2,78
19337,2022,2,88
18924,2022,2,89
20368,2022,2,89
19405,2022,2,90
19531,2022,2,87
19648,2022,2,90
19797,2022,2,86
19398,2022,2,69
18882,2022,2,77
19824,2022,2,80
20175,2022,2,88
19841,2022,2,88
19843,2022,2,80
20344,2022,2,86
19038,2022,2,88
19154,2022,2,88
18840,2022,2,93
19640,2022,2,91
19290,2022,2,80
19657,2022,2,87
19472,2022,2,89
19874,2022,2,87
19703,2022,2,86
19482,2022,2,90
20335,2022,2,90
18965,2022,2,90
18954,2022,2,78
20287,2022,2,86
19109,2022,2,88
19019,2022,2,79
21266,2023,1,0
19394,2022,2,90
19202,2022,2,79
21074,2023,1,90
18958,2023,1,87
21192,2023,1,89
21367,2023,1,87
20917,2023,1,89
21368,2023,1,89
21588,2023,1,86
21743,2023,1,89
21585,2023,1,93
21178,2023,1,87
21237,2023,1,87
20892,2023,1,76
21710,2023,1,90
20861,2023,1,88
21726,2023,1,79
20847,2023,1,87
21200,2023,1,67
20371,2023,1,88
21486,2023,1,90
18898,2023,1,70
21672,2023,1,78
21591,2023,1,90
20778,2023,1,90
20920,2023,1,86
19733,2023,1,80
19624,2023,1,89
21716,2023,1,78
21362,2023,1,89
21427,2023,1,77
20384,2023,1,90
20236,2023,1,88
21468,2023,1,86
18849,2023,1,89
21594,2023,1,88
20940,2023,1,78
19601,2023,1,77
21264,2023,1,88
21196,2023,1,79
21129,2023,1,79
19416,2023,1,88
19293,2023,1,89
21206,2023,1,86
21536,2023,1,79
24929,2022,2,90
24973,2022,2,90
24945,2022,2,90
25002,2022,2,90
24960,2022,2,90
24913,2022,2,90
24930,2022,2,80
24924,2022,2,90
24947,2022,2,80
24927,2022,2,90
24926,2022,2,90
24921,2022,2,90
25034,2022,2,90
25029,2022,2,90
20175,2023,1,77
19102,2022,2,79
21581,2023,1,80
21232,2023,1,78
18528,2021,1,92
21344,2023,1,77
21155,2023,1,67
19108,2022,2,89
21369,2023,1,79
21571,2023,1,86
19463,2023,1,90
20567,2023,1,80
21573,2023,2,86
21622,2023,1,88
21185,2023,2,86
21016,2023,2,88
20681,2023,2,86
21687,2023,2,86
21748,2023,2,86
21496,2023,2,87
21620,2023,2,90
20820,2023,2,91
20747,2023,2,92
20683,2023,2,89
21654,2023,2,90
20961,2023,2,87
21534,2023,2,89
21063,2023,2,92
20992,2023,2,87
21420,2023,2,88
21648,2023,2,90
21444,2023,2,95
21467,2023,2,88
20773,2023,2,87
20980,2023,2,69
20796,2023,2,86
20949,2023,2,88
21048,2023,2,91
20943,2023,2,89
20777,2023,2,89
21523,2023,2,93
21263,2023,2,87
21586,2023,2,88
20732,2023,2,88
21085,2023,2,89
21135,2023,2,87
21076,2023,2,86
21087,2023,2,93
27057,2023,2,90
27088,2023,2,90
26976,2023,2,90
27016,2023,2,90
27037,2023,2,90
27123,2023,2,80
27049,2023,2,90
20978,2023,2,92
27056,2023,2,90
27033,2023,2,90
27021,2023,2,90
23831,2025,1,86
22923,2024,1,88
23745,2025,1,
24179,2025,1,
22230,2024,1,84
22608,2024,1,69
24489,2025,1,85
20935,2023,2,89
22415,2024,2,93
22081,2024,1,95
22750,2024,1,85
21164,2024,1,87
21471,2024,1,92
22714,2024,2,91
22365,2024,2,92
22476,2024,2,87
24468,2025,1,
21009,2023,2,89
22188,2024,1,89
22158,2024,1,90
22868,2024,2,87
22258,2024,2,90
21152,2024,2,86
24499,2025,1,86
22393,2024,2,75
22094,2024,2,87
22030,2024,2,95
23195,2024,1,85
21595,2023,2,76
22222,2024,1,84
21265,2023,2,0
20819,2023,2,69
23027,2024,2,87
22490,2024,2,87
21038,2023,2,87
22058,2024,2,88
22165,2024,2,82
22803,2024,1,86
25013,2024,1,0
22223,2024,1,88
22462,2024,2,87
22450,2024,2,83
23837,2025,1,
24338,2025,1,92
27165,2024,1,90
27167,2024,1,90
27153,2024,1,81
22186,2024,2,88
22064,2024,2,91
22419,2024,2,88
21555,2024,1,86
22833,2024,2,86
22370,2024,2,84
22598,2024,1,89
22494,2024,2,89
22962,2024,2,86
21078,2023,2,91
20972,2024,1,91
22622,2024,1,86
22922,2024,2,89
24967,2023,2,0
23203,2024,2,91
22612,2024,1,94
23167,2024,2,94
22028,2024,2,88
22191,2024,2,85
23772,2025,1,91
23079,2024,2,86
22870,2024,1,77
22380,2024,2,92
22645,2024,1,86
22967,2024,1,85
22936,2024,1,85
21267,2023,2,78
22921,2024,2,85
20783,2023,2,80
23052,2024,1,82
22597,2024,1,84
21787,2023,2,77
22226,2024,2,85
22543,2024,2,88
21433,2024,1,76
22251,2024,1,81
21139,2023,2,88
20850,2023,2,46
23174,2024,2,86
22904,2024,1,89
22746,2024,1,82
23053,2024,1,79
22944,2024,1,82
22557,2024,1,80
22269,2024,2,82
22510,2024,2,91
22386,2024,2,85
22607,2024,1,85
22217,2024,2,90
23022,2024,1,85
22504,2024,2,90
22855,2024,2,89
23095,2024,2,75
22903,2024,2,91
23074,2024,1,87
22977,2024,2,
22744,2024,1,78
22615,2024,1,86
23094,2024,2,89
22528,2024,2,90
22067,2024,1,90
21419,2023,2,88
21833,2023,2,89
22697,2024,2,53
22179,2025,1,
23007,2024,1,77
21531,2023,1,78
22613,2024,1,74
22818,2024,1,81
22464,2024,2,80
22173,2024,2,87
21634,2023,2,65
21080,2024,1,90
22909,2024,2,89
22234,2024,1,81
22989,2024,2,81
20996,2024,1,84
22096,2024,1,89
24469,2025,1,
24600,2025,1,
21359,2023,2,90
22138,2024,2,87
22538,2024,2,87
22865,2024,1,83
24972,2023,2,87
22940,2024,2,83
22211,2024,2,94
22214,2024,2,93
22012,2024,2,75
24504,2025,1,
23673,2025,1,
22734,2024,1,85
22784,2024,1,87
22578,2024,2,86
22455,2024,2,84
24184,2025,1,85
22986,2024,2,86
23062,2024,2,91
22219,2024,1,81
20674,2023,2,93
24048,2025,1,
21235,2024,1,87
22176,2024,2,90
23549,2025,1,
23041,2024,1,85
20672,2023,2,91
20991,2023,2,87
22860,2024,2,87
21358,2024,1,82
22277,2024,1,81
29252,2024,2,90
29205,2024,2,80
29233,2024,2,90
29229,2024,2,90
29215,2024,2,90
29188,2024,2,90
29247,2024,2,85
29237,2024,2,90
29195,2024,2,90
29176,2024,2,85
29146,2024,2,90
24839,2025,1,90
23628,2025,1,
29282,2024,2,85
29228,2024,2,90
29219,2024,2,90
24211,2025,1,
24369,2025,1,74
24107,2025,1,87
23724,2025,1,
24674,2025,1,86
24082,2025,1,
24395,2025,1,
24240,2025,1,88
24410,2025,1,84
24365,2025,1,
24267,2025,1,85
23816,2025,1,83
24673,2025,1,84
24472,2025,1,92
23561,2025,1,
23735,2025,1,
22168,2024,2,89
16847,2020,2,88
24610,2025,1,
24362,2025,1,
24811,2025,1,80
23583,2025,1,
24351,2025,1,88
17289,2021,2,86
17660,2021,2,86
18001,2021,2,88
18587,2021,2,88
17391,2021,2,94
17828,2021,2,95
17856,2021,2,91
18112,2021,2,89
17187,2021,2,86
17451,2021,2,88
17625,2021,2,76
17814,2021,2,86
18597,2021,2,86
18256,2021,2,89
17388,2021,2,90
18596,2021,2,89
17866,2021,2,87
18142,2021,2,87
18529,2021,2,86
17971,2021,2,90
17847,2021,2,90
18089,2021,2,90
17212,2021,2,93
17498,2021,2,88
18088,2021,2,90
17947,2021,2,76
17356,2021,2,76
19645,2022,1,90
17635,2021,2,79
18201,2021,2,90
18073,2021,2,92
17657,2021,2,90
17702,2021,2,88
18577,2021,2,89
17830,2021,2,86
19770,2022,1,96
20321,2022,1,88
19005,2022,1,92
20145,2022,1,88
19040,2022,1,87
19372,2022,1,91
18200,2022,1,89
19875,2022,1,39
19580,2022,1,86
19009,2022,1,86
18893,2022,1,89
17710,2022,1,86
18912,2022,1,86
18871,2022,1,89
20186,2022,1,96
17495,2022,1,87
18190,2022,1,91
19886,2022,1,90
19709,2022,1,79
19872,2022,1,88
19205,2022,1,93
19030,2022,1,79
17608,2022,1,88
19677,2022,1,88
19946,2022,1,92
19104,2022,1,88
20128,2022,1,87
19941,2022,1,90
20184,2022,1,90
19201,2022,1,88
17379,2022,1,88
20298,2022,1,90
19632,2022,1,88
18209,2022,1,80
20580,2022,1,80
20548,2022,1,78
20482,2022,1,87
19947,2022,1,86
18996,2022,1,89
19655,2022,1,88
19150,2022,1,91
18065,2021,2,79
17502,2021,2,88
17689,2021,2,89
19329,2022,1,89
19881,2022,1,92
20193,2022,1,93
19579,2022,1,95
20174,2022,1,78
20309,2022,1,90
18940,2022,1,88
20159,2022,1,94
18020,2021,2,90
20187,2022,1,76
16451,2022,1,0
18259,2022,1,93
19618,2022,1,70
17282,2021,2,95
18103,2021,2,89
18169,2021,2,88
20342,2022,2,92
19651,2022,2,79
19945,2022,1,86
20332,2022,2,87
19512,2022,1,91
19956,2022,1,79
19427,2022,1,79
20232,2022,1,90
19361,2022,2,89
20345,2022,2,89
19820,2022,2,78
19691,2022,2,90
20501,2022,2,90
19672,2022,2,95
19693,2022,2,89
19369,2022,2,88
19083,2022,2,89
19467,2022,2,78
18964,2022,2,96
20422,2022,2,89
20575,2022,2,90
20570,2022,2,68
19119,2022,2,66
19044,2022,2,80
20264,2022,2,89
19036,2022,2,86
19662,2022,2,77
19370,2022,2,89
20214,2022,2,68
19336,2022,2,90
20347,2022,2,89
20363,2022,2,88
18850,2022,2,80
19670,2022,2,86
19035,2022,2,80
19355,2022,2,88
19078,2022,2,76
19914,2022,2,67
19511,2022,2,80
20566,2022,2,86
21218,2023,1,86
21669,2023,1,90
21602,2023,1,86
21079,2023,1,80
21159,2023,1,88
20993,2023,1,77
21606,2023,1,90
21017,2023,1,86
20899,2023,1,88
21618,2023,1,87
21666,2023,1,78
21409,2023,1,89
21747,2023,1,89
20894,2023,1,87
21201,2023,1,89
21340,2023,1,86
21727,2023,1,88
21538,2023,1,79
20856,2023,1,93
21873,2023,1,88
21070,2023,1,89
21509,2023,1,86
21566,2023,1,93
21783,2023,1,68
21527,2023,1,89
21582,2023,1,87
21745,2023,1,90
21045,2023,1,90
19948,2023,1,89
19448,2023,1,89
21375,2023,1,87
21132,2023,1,79
19897,2023,1,88
20927,2023,1,87
20911,2023,1,87
24940,2022,2,90
24986,2022,2,90
25001,2022,2,75
25051,2022,2,80
25005,2022,2,80
19445,2022,2,89
25039,2022,2,90
24987,2022,2,90
24962,2022,2,90
24971,2022,2,90
25043,2022,2,90
21645,2023,1,88
21398,2023,1,76
19635,2023,1,88
18836,2022,2,90
21643,2023,1,87
20330,2022,2,80
19541,2022,2,91
19353,2022,2,87
19055,2023,1,66
24912,2022,2,90
20270,2023,1,87
20835,2023,1,79
21824,2023,1,80
20325,2022,2,89
21202,2023,1,93
21058,2023,1,88
20322,2022,2,76
20682,2023,2,90
20866,2023,2,91
21217,2023,1,77
21168,2023,1,90
21411,2023,1,90
21037,2023,1,89
20802,2023,2,86
20999,2023,2,86
20744,2023,2,88
20737,2023,1,91
21637,2023,1,77
20775,2023,2,90
21092,2023,2,89
20987,2023,2,89
20717,2023,2,94
21396,2023,2,87
21492,2023,2,91
20721,2023,2,89
20693,2023,2,86
21474,2023,2,92
21015,2023,2,87
21209,2023,2,90
21133,2023,2,89
21660,2023,2,74
21739,2023,2,79
21169,2023,2,89
21282,2023,2,92
21429,2023,2,86
20686,2023,2,87
21639,2023,2,87
21414,2023,2,88
20973,2023,2,94
21231,2023,2,90
20718,2023,2,79
21024,2023,2,90
20688,2023,2,93
21146,2023,2,91
20727,2023,2,87
20956,2023,2,87
21033,2023,2,84
21436,2023,2,88
20754,2023,2,91
20710,2023,2,90
20804,2023,2,89
20880,2023,2,90
21520,2023,2,90
20774,2023,2,80
21150,2023,2,86
27034,2023,2,90
27081,2023,2,80
27030,2023,2,90
27112,2023,2,80
27043,2023,2,90
27113,2023,2,80
27096,2023,2,80
27102,2023,2,90
27055,2023,2,90
27103,2023,2,80
27119,2023,2,80
24941,2023,2,90
27090,2023,2,90
22242,2024,2,83
22275,2024,2,85
23797,2025,1,
23999,2025,1,
22796,2024,1,80
22794,2024,1,76
22246,2024,1,82
22014,2024,2,90
22519,2024,2,90
21827,2023,2,89
22979,2024,2,92
22880,2024,2,78
22652,2024,1,87
22303,2024,1,88
22474,2024,2,90
22657,2024,1,76
23006,2024,2,86
22187,2024,1,80
22871,2024,2,83
23045,2024,2,92
24613,2025,1,94
22162,2024,1,74
21677,2023,2,87
22378,2024,2,89
22095,2024,2,87
23087,2024,2,84
22985,2024,2,89
22995,2024,2,91
22072,2024,2,90
22485,2024,2,93
22124,2024,2,95
22418,2024,2,91
22379,2024,2,95
22854,2024,2,95
22443,2024,2,92
22628,2024,1,90
22361,2024,2,95
21186,2023,2,0
22878,2024,2,91
22128,2024,2,95
22299,2024,1,90
22762,2024,1,82
22964,2024,2,91
23030,2024,2,83
22255,2024,2,88
22888,2024,2,85
22829,2024,1,94
21541,2024,1,84
22208,2024,1,83
22221,2024,2,89
20671,2024,1,86
22690,2024,1,82
24111,2025,1,
22143,2024,2,85
21034,2023,2,87
22066,2024,2,86
23066,2024,1,87
22980,2024,2,84
22291,2024,1,88
22668,2024,1,86
22693,2024,2,90
22941,2024,1,82
24563,2025,1,85
23697,2025,1,
24368,2025,1,88
27180,2024,1,80
27158,2024,1,90
27178,2024,1,85
27173,2024,1,85
22588,2024,1,84
22882,2024,1,79
22430,2024,2,83
22079,2024,1,84
22994,2024,1,86
22055,2024,2,82
22846,2024,2,76
22947,2024,2,93
24360,2025,1,90
24501,2025,1,92
22801,2024,1,82
24628,2025,1,
24588,2025,1,
20756,2024,1,84
20761,2023,2,87
21188,2023,2,89
22224,2024,2,94
22897,2024,1,90
22707,2024,1,75
21690,2024,1,78
22591,2024,2,80
22453,2024,2,92
22973,2024,2,90
22998,2024,1,84
22835,2024,2,94
22627,2024,1,86
23223,2024,1,83
22655,2024,1,88
21166,2023,2,77
20918,2023,2,87
22782,2024,1,87
23227,2024,2,88
20833,2024,1,88
22719,2024,1,91
22641,2024,1,89
24502,2025,1,
21204,2023,2,86
22966,2024,1,86
22617,2024,1,84
21111,2023,2,88
22486,2024,2,90
22114,2024,1,93
22706,2024,1,80
21702,2023,2,77
22875,2024,2,82
23024,2024,2,88
22362,2024,2,90
22660,2024,2,86
21825,2023,2,76
22718,2024,1,82
22993,2024,2,83
22952,2024,1,77
22218,2024,1,87
22458,2024,2,84
22157,2024,2,87
23013,2024,1,77
22139,2024,2,91
22424,2024,2,89
20954,2024,1,84
22594,2024,1,82
22421,2024,2,90
22810,2024,1,87
22583,2024,1,92
22428,2024,2,84
24140,2025,1,
22470,2024,2,88
22559,2024,1,85
22431,2024,2,84
23059,2024,2,93
21543,2023,2,88
23196,2024,1,92
22556,2024,1,92
22787,2024,1,81
22610,2024,1,82
23067,2024,1,88
22153,2024,2,82
22435,2024,2,75
22434,2024,2,82
22444,2024,2,90
22368,2024,2,87
23057,2024,1,78
22757,2024,1,87
22579,2024,2,89
22820,2024,1,70
22068,2024,2,92
24408,2025,1,
24209,2025,1,
23755,2025,1,
24420,2025,1,
23966,2025,1,
21102,2024,1,85
20832,2023,2,89
23214,2024,1,84
22290,2024,2,88
22267,2024,1,81
22560,2024,2,87
24302,2025,1,
22297,2024,2,86
22896,2024,2,90
23955,2025,1,89
22118,2024,2,92
22514,2024,2,76
22120,2024,2,85
22577,2024,2,86
22626,2024,1,90
23077,2024,1,79
24304,2025,1,84
20748,2023,2,92
20893,2023,2,89
22601,2024,1,87
22861,2024,2,87
16682,2020,2,78
22529,2024,1,80
24473,2025,1,81
24399,2025,1,
24587,2025,1,
22886,2024,1,79
22298,2024,1,18
24620,2025,1,90
22777,2024,1,87
22700,2024,1,88
22276,2024,2,88
22396,2024,2,92
23088,2024,1,92
22133,2024,1,86
24367,2025,1,
23660,2025,1,
23570,2025,1,
21161,2023,2,88
23001,2024,2,88
21514,2023,2,88
22807,2024,1,89
22536,2024,2,90
23606,2025,1,
23847,2025,1,
23725,2025,1,
24507,2025,1,
29284,2024,2,90
29263,2024,2,90
29241,2024,2,90
29212,2024,2,85
29196,2024,2,90
29186,2024,2,85
29257,2024,2,90
29222,2024,2,90
29214,2024,2,90
29192,2024,2,90
29185,2024,2,85
29166,2024,2,85
29147,2024,2,85
29145,2024,2,85
29240,2024,2,90
29294,2024,2,90
29213,2024,2,90
24505,2025,1,86
23842,2025,1,
24596,2025,1,
24268,2025,1,85
23804,2025,1,
23640,2025,1,
24409,2025,1,91
24339,2025,1,
24198,2025,1,86
23651,2025,1,
24383,2025,1,84
24315,2025,1,75
24220,2025,1,
24294,2025,1,
24712,2025,1,86
24461,2025,1,89
23619,2025,1,
24678,2025,1,71
24303,2025,1,
23970,2025,1,85
23800,2025,1,
24029,2025,1,
22544,2024,2,84
24161,2025,1,
23862,2025,1,
22839,2024,2,71
23977,2025,1,90
24250,2025,1,79
24702,2025,1,82
24689,2025,1,
18011,2021,2,88
18096,2021,2,89
18198,2021,2,90
18273,2021,2,94
17609,2021,2,93
17647,2021,2,91
18074,2021,2,93
18179,2021,2,88
18210,2021,2,88
17357,2021,2,86
17417,2021,2,86
18358,2021,2,87
17669,2021,2,77
17683,2021,2,86
18028,2021,2,77
17813,2021,2,79
17969,2021,2,87
18092,2021,2,90
18253,2021,2,90
17886,2021,2,86
17208,2021,2,87
17320,2021,2,92
17395,2021,2,89
17806,2021,2,88
18208,2021,2,87
18107,2021,2,89
18122,2021,2,90
17375,2021,2,89
17419,2021,2,86
17662,2022,1,88
18100,2021,2,86
17889,2021,2,77
17757,2021,2,80
17387,2021,2,86
17192,2021,2,87
17340,2021,2,90
17904,2021,2,90
17945,2021,2,88
19732,2022,1,86
20353,2022,1,96
19701,2022,1,93
19854,2022,1,92
18842,2022,1,90
19980,2022,1,90
19675,2022,1,94
17751,2022,1,87
20375,2022,1,90
19011,2022,1,86
19560,2022,1,90
19695,2022,1,86
19696,2022,1,93
20571,2022,1,93
19323,2022,1,94
20252,2022,1,94
20272,2022,1,79
18006,2022,1,87
20503,2022,1,89
20172,2022,1,87
19028,2022,1,93
20274,2022,1,88
18942,2022,1,87
19430,2022,1,88
19960,2022,1,88
19917,2022,1,92
19598,2022,1,94
19415,2022,1,96
18975,2022,1,98
20463,2022,1,91
20404,2022,1,91
20542,2022,1,88
20539,2022,1,96
20579,2022,1,80
17972,2022,1,88
17981,2022,1,86
18080,2022,1,88
20163,2022,1,91
19280,2022,1,87
18267,2022,1,89
18952,2022,1,80
19462,2022,1,80
17702,2022,1,88
18066,2022,1,78
19359,2022,1,89
17418,2021,2,87
18079,2021,2,87
17692,2021,2,87
17764,2021,2,88
17792,2021,2,88
17821,2021,2,90
19926,2022,1,95
19289,2022,1,90
19228,2022,1,41
18865,2022,1,90
19270,2022,1,89
19319,2022,1,89
19551,2022,1,90
17831,2022,1,87
19322,2022,1,93
17309,2022,1,90
19043,2022,1,86
17978,2021,2,91
19066,2022,1,87
18961,2022,2,88
19313,2022,2,86
19057,2022,2,86
19393,2022,2,88
19165,2022,1,77
20241,2022,1,87
19671,2022,2,89
20168,2022,1,91
19082,2022,1,90
20354,2022,1,91
19245,2022,2,87
19540,2022,2,90
20329,2022,2,87
20154,2022,2,87
19576,2022,2,67
19628,2022,2,23
19647,2022,2,96
18872,2022,2,91
20338,2022,2,88
18890,2022,2,91
18851,2022,2,90
18878,2022,2,87
19074,2022,2,77
20312,2022,2,86
20532,2022,2,86
20341,2022,2,88
20558,2022,2,77
19350,2022,2,78
19068,2022,2,90
20486,2022,2,90
20360,2022,2,79
19222,2022,2,87
20559,2022,2,94
19557,2022,2,88
19973,2022,2,87
19227,2022,2,89
19326,2022,2,86
19308,2022,2,86
20119,2022,2,90
19079,2022,2,89
20327,2022,2,80
19880,2022,2,89
21540,2023,1,87
18167,2021,2,86
20176,2022,2,89
21382,2023,1,89
21275,2023,1,77
19561,2022,2,80
20915,2023,1,86
21703,2023,1,89
20990,2023,1,89
20983,2023,1,87
21376,2023,1,90
21181,2023,1,90
21510,2023,1,86
21056,2023,1,89
21683,2023,1,79
20936,2023,1,88
20711,2023,1,86
20745,2023,1,89
21644,2023,1,87
21039,2023,1,90
19073,2023,1,88
19400,2023,1,87
21259,2023,1,86
21097,2023,1,88
24942,2022,2,90
24932,2022,2,90
25011,2022,2,90
24994,2022,2,90
24935,2022,2,70
18999,2022,2,86
25042,2022,2,90
24961,2022,2,90
24985,2022,2,90
24959,2022,2,90
24984,2022,2,90
24981,2022,2,90
19077,2022,2,78
20846,2023,1,90
20294,2022,2,79
24948,2022,2,90
16864,2021,2,88
21106,2023,1,63
19633,2022,2,87
19056,2022,2,88
21447,2023,1,78
20181,2023,1,86
20912,2023,1,90
20725,2023,1,87
20189,2023,1,88
20719,2023,1,88
21769,2023,1,76
20562,2022,2,79
19496,2023,1,90
21753,2023,1,80
21697,2023,1,86
17709,2023,1,88
21535,2023,2,91
20743,2023,2,90
20947,2023,2,80
20836,2023,2,88
21499,2023,2,90
21208,2023,2,88
21175,2023,2,90
21421,2023,2,79
21633,2023,2,80
20807,2023,2,95
21577,2023,2,86
20150,2023,1,76
21177,2023,2,86
21489,2023,2,89
21190,2023,2,79
21394,2023,2,93
20720,2023,2,89
21013,2023,2,89
21073,2023,2,88
20890,2023,2,87
20825,2023,2,87
21552,2023,2,87
21600,2023,2,87
21145,2023,2,92
21233,2023,2,86
21507,2023,2,90
21518,2023,2,78
21530,2023,2,87
20760,2023,2,90
21755,2023,2,90
20852,2023,2,93
20851,2023,2,89
21130,2023,2,89
21452,2023,2,89
21441,2023,2,90
21497,2023,2,87
20752,2023,2,78
21483,2023,2,87
21158,2023,2,88
21152,2023,2,0
20853,2023,2,89
21542,2023,2,91
21268,2023,2,92
20958,2023,2,87
21628,2023,2,86
21026,2023,2,89
21042,2023,2,89
20981,2023,2,78
20831,2023,2,88
20816,2023,2,87
19364,2023,2,0
27118,2023,2,90
27032,2023,2,90
27071,2023,2,90
27100,2023,2,90
27012,2023,2,90
27063,2023,2,90
27114,2023,2,88
27051,2023,2,90
27002,2023,2,90
27024,2023,2,80
27046,2023,2,87
26998,2023,2,90
27072,2023,2,90
27050,2023,2,90
26981,2023,2,90
27098,2023,2,90
23028,2024,2,84
24210,2025,1,83
22049,2024,2,90
22881,2024,2,93
24557,2025,1,
23833,2025,1,
24364,2025,1,88
22758,2024,1,78
23688,2025,1,
23983,2025,1,79
22454,2024,2,94
21171,2023,2,87
20905,2023,2,89
22677,2024,2,94
23622,2025,1,
22109,2024,2,80
22618,2024,1,86
20381,2024,1,0
22858,2024,2,83
20823,2024,1,86
22646,2024,1,88
22399,2024,2,86
20767,2023,2,88
21261,2023,2,89
20941,2023,2,80
21040,2023,2,86
22808,2024,1,79
22295,2024,1,82
22052,2024,2,88
22284,2024,1,94
22867,2024,2,78
22590,2024,1,86
22911,2024,1,91
24427,2025,1,
21791,2023,2,74
24492,2025,1,
22123,2024,2,86
20769,2023,2,89
22705,2024,1,77
20985,2023,2,87
22108,2024,2,75
22804,2024,1,85
22883,2024,2,85
22731,2024,1,80
22031,2024,2,90
23107,2024,2,73
19549,2024,2,
27146,2024,1,90
27145,2024,1,90
23732,2025,1,
23064,2024,1,78
22451,2024,2,91
21462,2024,2,87
22172,2024,2,91
22687,2024,1,90
22845,2024,2,91
20724,2023,2,89
22127,2024,1,92
22585,2024,2,87
20738,2024,1,92
21361,2024,1,86
22928,2024,2,90
22815,2024,1,86
22122,2024,2,91
21611,2023,2,88
21173,2023,2,91
21008,2023,2,91
25043,2023,2,0
22509,2024,2,85
22647,2024,2,86
22155,2024,2,91
21162,2023,2,91
21481,2024,1,92
22196,2024,1,84
22542,2024,2,87
20891,2023,2,80
22991,2024,2,86
22406,2024,2,91
22535,2024,1,98
22104,2024,2,80
22639,2024,1,57
15176,2021,2,92
25009,2024,1,82.75
22227,2024,1,91
22752,2024,1,88
22199,2024,1,81
20873,2023,2,86
22065,2024,2,73
22624,2024,1,85
22943,2024,2,79
22683,2024,1,81
22032,2024,2,90
24460,2025,1,
22044,2024,2,76
23674,2025,1,
22753,2024,1,90
23044,2024,2,89
22525,2024,2,84
23048,2024,2,91
23194,2024,2,83
20962,2023,2,92
22381,2024,2,88
22300,2024,1,79
22195,2024,1,77
21069,2023,2,88
22656,2024,1,73
23035,2024,2,21
22178,2024,1,91
22534,2024,2,94
22383,2024,2,88
22604,2024,1,80
22243,2024,2,85
22144,2024,2,93
20697,2024,1,87
22823,2024,1,86
22635,2024,2,88
22204,2024,2,79
22570,2024,2,87
23080,2024,2,90
22812,2024,1,86
22602,2024,2,93
21836,2023,2,88
21433,2023,1,12
22394,2024,2,86
21658,2024,1,84
21098,2023,2,89
22720,2024,1,80
24056,2025,1,
23815,2025,1,82
24012,2025,1,94
23779,2025,1,88
22537,2024,1,76
22938,2024,1,79
24938,2024,1,81
24113,2025,1,74
24180,2025,1,
22169,2024,2,87
22651,2024,2,78
24224,2025,1,
22767,2024,1,82
24560,2025,1,
21075,2023,2,79
22961,2024,2,93
22930,2024,2,89
21391,2023,2,67
23009,2024,1,82
22112,2024,2,88
24509,2025,1,
24718,2025,1,88
29278,2024,2,90
29250,2024,2,80
29273,2024,2,90
29234,2024,2,90
29268,2024,2,90
29199,2024,2,90
29184,2024,2,90
29163,2024,2,90
29162,2024,2,80
29243,2024,2,90
24655,2025,1,
23989,2025,1,
29279,2024,2,90
23805,2025,1,87
23613,2025,1,
24737,2025,1,76
23585,2025,1,
24733,2025,1,88
23765,2025,1,91
23658,2025,1,
23582,2025,1,
24536,2025,1,
23717,2025,1,
24065,2025,1,83
24513,2025,1,81
24104,2025,1,
24639,2025,1,89
24578,2025,1,
24617,2025,1,72
24554,2025,1,79
24055,2025,1,
23748,2025,1,79
23784,2025,1,57
16233,2021,2,88
23599,2025,1,
24520,2025,1,
24615,2025,1,86
23764,2025,1,
22459,2024,2,83
24482,2025,1,86
24714,2025,1,77
23992,2025,1,
23822,2025,1,
24573,2025,1,81
23956,2025,1,
23809,2025,1,87
17322,2021,2,89
18084,2021,2,79
18151,2021,2,86
17677,2021,2,94
17723,2021,2,89
18002,2021,2,90
17247,2021,2,88
17706,2021,2,89
17863,2021,2,89
18232,2021,2,88
17364,2021,2,86
17694,2021,2,87
18367,2021,2,86
17292,2021,2,90
17636,2021,2,78
17720,2021,2,79
17204,2021,2,89
17209,2021,2,89
18362,2021,2,86
17714,2021,2,88
18410,2021,2,80
18191,2021,2,88
17278,2021,2,90
17293,2021,2,91
18162,2021,2,88
17966,2021,2,88
18155,2021,2,80
19230,2022,1,78
18993,2022,1,87
18152,2021,2,87
17676,2021,2,88
17722,2021,2,76
20336,2022,1,92
19621,2022,1,21
19844,2022,1,88
19827,2022,1,92
19616,2022,1,86
19900,2022,1,90
20248,2022,1,94
19087,2022,1,89
19818,2022,1,86
19168,2022,1,88
20103,2022,1,77
18212,2022,1,80
19143,2022,1,87
19585,2022,1,86
17207,2022,1,88
20215,2022,1,95
19646,2022,1,89
20153,2022,1,92
20265,2022,1,86
19357,2022,1,94
19422,2022,1,88
17336,2022,1,86
17477,2022,1,89
18953,2022,1,76
18231,2022,1,90
19664,2022,1,88
17886,2022,1,97
17657,2022,1,90
20179,2022,1,87
18992,2022,1,92
20211,2022,1,80
19614,2022,1,87
18894,2022,1,88
18957,2022,1,86
17828,2022,1,90
18175,2022,1,92
19310,2022,1,92
18887,2022,1,88
19937,2022,1,90
20221,2022,1,90
18264,2021,2,88
17210,2022,1,94
18959,2022,1,87
18198,2022,1,86
17254,2022,1,93
17308,2022,1,86
17758,2021,2,89
18012,2022,1,87
19708,2022,1,89
18089,2022,1,92
19401,2022,2,89
20308,2022,2,91
18968,2022,2,89
19823,2022,2,86
20185,2022,2,90
19605,2022,1,93
20300,2022,1,96
19452,2022,1,89
17837,2022,1,87
18970,2022,2,87
19381,2022,1,88
19234,2022,2,90
20374,2022,1,88
19931,2022,2,68
19269,2022,2,88
19207,2022,2,80
20178,2022,2,87
20167,2022,2,86
19834,2022,2,88
20230,2022,2,93
19565,2022,2,97
20258,2022,2,87
19857,2022,2,86
19555,2022,2,90
19887,2022,2,88
19486,2022,2,0
19727,2022,2,76
19425,2022,2,86
18888,2022,2,89
18873,2022,2,89
19107,2022,2,89
20316,2022,2,90
19756,2022,2,62
20361,2022,2,77
20572,2022,2,93
19471,2022,2,78
19351,2022,2,77
21051,2023,1,89
20938,2023,1,91
20822,2023,1,79
19010,2023,1,86
21676,2023,1,91
20703,2023,1,90
20790,2023,1,86
20977,2023,1,87
21032,2023,1,88
20968,2023,1,79
21567,2023,1,77
20904,2023,1,86
21292,2023,1,76
21589,2023,1,79
21719,2023,1,79
21557,2023,1,80
20320,2023,1,88
20689,2023,1,76
21480,2023,1,90
19007,2023,1,89
20771,2023,1,90
21216,2023,1,86
21712,2023,1,87
21435,2023,1,88
20887,2023,1,89
21343,2023,1,90
21680,2023,1,78
20979,2023,1,77
21463,2023,1,90
21494,2023,1,88
21575,2023,1,87
20841,2023,1,89
19090,2023,1,96
21675,2023,1,88
21466,2023,1,80
21604,2023,1,78
21550,2023,1,87
20858,2023,1,79
20569,2023,1,88
21103,2023,1,90
20708,2023,1,89
19685,2023,1,87
20934,2023,1,76
24956,2022,2,90
24995,2022,2,90
24922,2022,2,90
24975,2022,2,80
24957,2022,2,90
24920,2022,2,90
24903,2022,2,80
18877,2022,2,90
21071,2023,1,86
20730,2023,1,64
21603,2023,1,78
21638,2023,1,90
20486,2023,1,80
19258,2022,2,87
21323,2023,1,79
19549,2023,1,0
21612,2023,1,88
21841,2023,1,87
19286,2023,1,86
21184,2023,1,89
21656,2023,1,87
21067,2023,1,86
21695,2023,1,89
21465,2023,2,86
21583,2023,2,88
19012,2023,2,86
21838,2023,2,89
21007,2023,2,86
20676,2023,2,89
20794,2023,2,89
21210,2023,2,88
21028,2023,2,89
21455,2023,2,87
21149,2023,2,87
20834,2023,2,80
20764,2023,2,91
21014,2023,2,89
21454,2023,2,80
20785,2023,2,89
21490,2023,2,88
21741,2023,2,87
21636,2023,2,87
21147,2023,2,86
21685,2023,2,89
20976,2023,2,86
20786,2023,2,89
21729,2023,2,78
20886,2023,2,90
21256,2023,2,81
21131,2023,2,76
21099,2023,2,91
20854,2023,2,80
21761,2023,2,90
20842,2023,2,87
20925,2023,2,86
21613,2023,2,86
20746,2023,2,91
21041,2023,2,88
27094,2023,2,90
27004,2023,2,90
27025,2023,2,90
26992,2023,2,80
27075,2023,2,90
27120,2023,2,80
23020,2024,1,88
27117,2023,2,80
27097,2023,2,90
27068,2023,2,90
26990,2023,2,90
22710,2024,1,79
20731,2024,1,86
23081,2024,2,92
23517,2025,1,
24581,2025,1,
22931,2024,1,89
23645,2025,1,
22508,2024,2,81
22667,2024,2,82
20868,2023,2,89
23535,2025,1,
23683,2025,1,
20909,2023,2,86
22759,2024,1,95
21450,2023,2,86
21651,2023,2,88
22975,2024,1,87
22194,2024,1,86
22363,2024,2,86
20811,2023,2,86
20809,2023,2,86
22625,2024,2,90
20801,2023,2,89
23220,2024,2,86
21558,2023,2,80
22373,2024,2,86
22841,2024,1,86
22694,2024,1,89
22099,2024,1,94
22053,2024,2,93
20696,2023,2,0
22192,2024,2,88
22851,2024,2,88
22954,2024,2,86
22571,2024,1,79
22401,2024,2,91
22407,2024,2,92
22439,2024,2,93
22550,2024,2,72
22778,2024,1,93
20723,2023,2,78
27155,2024,1,90
27176,2024,1,81
27160,2024,1,81
22672,2024,1,91
22856,2024,2,87
25004,2024,1,88
22822,2024,1,92
22764,2024,1,81
22540,2024,2,91
22062,2024,2,84
22477,2024,2,87
22397,2024,2,90
22292,2024,1,87
22367,2024,2,80
22048,2024,2,84
22017,2024,2,90
24375,2025,1,80
25044,2024,1,86
23149,2024,1,92
22724,2024,1,86
16460,2021,2,87
22748,2024,1,88
22960,2024,2,91
22751,2024,2,87
23105,2024,2,94
22285,2024,1,85
22265,2024,2,85
20704,2023,2,88
21061,2023,2,90
22403,2024,2,91
22180,2024,2,92
22402,2024,2,95
22271,2024,1,73
22573,2024,1,90
22266,2024,2,90
17503,2022,1,88
20967,2023,2,92
21532,2023,2,79
21707,2023,2,92
24334,2025,1,92
22681,2024,2,87
22013,2024,2,80
22034,2024,2,88
23019,2024,2,87
22605,2024,1,94
21597,2023,2,87
22837,2024,2,88
22020,2024,2,83
22051,2024,2,89
21684,2024,1,0
23086,2024,2,89
21443,2023,2,83
22274,2024,2,92
20677,2024,1,91
22800,2024,1,84
22077,2024,2,87
22563,2024,2,90
22984,2024,2,82
22760,2024,1,92
23021,2024,2,81
22375,2024,2,89
22574,2024,2,94
22088,2024,2,91
22623,2024,1,82
22210,2024,1,95
23065,2024,1,90
20695,2024,1,83
23197,2024,1,85
22599,2024,1,78
22798,2024,1,89
22273,2024,2,91
22889,2024,2,88
22385,2024,2,83
21215,2023,2,88
22776,2024,1,81
24236,2025,1,
22103,2024,1,86
22789,2024,1,81
20869,2023,2,73
22661,2024,1,93
22747,2024,1,79
21064,2024,1,91
23060,2024,1,86
22460,2024,2,87
21728,2023,2,79
23743,2025,1,
22894,2024,2,89
22884,2024,2,91
22630,2024,1,83
23008,2024,1,86
22027,2024,2,88
22840,2024,1,81
22982,2024,2,86
22233,2024,2,89
22115,2024,1,83
22440,2024,2,85
22126,2024,1,81
22382,2024,2,86
22978,2024,1,89
22918,2024,1,97
24397,2025,1,87
23828,2025,1,91
22582,2024,2,86
22405,2024,2,88
24402,2025,1,
24606,2025,1,83
24553,2025,1,
24757,2025,1,
22147,2024,1,90
23037,2024,1,88
22387,2024,2,75
22207,2024,2,94
21498,2023,2,78
29245,2024,2,90
29254,2024,2,90
29301,2024,2,90
29285,2024,2,90
29230,2024,2,90
29200,2024,2,85
29171,2024,2,70
29164,2024,2,90
29286,2024,2,90
29281,2024,2,90
29203,2024,2,90
24561,2025,1,
23691,2025,1,
24379,2025,1,87
24716,2025,1,
24100,2025,1,
24665,2025,1,84
23541,2025,1,
23791,2025,1,
23680,2025,1,
24727,2025,1,86
24584,2025,1,
17967,2025,1,
23760,2025,1,
23528,2025,1,
23840,2025,1,
24326,2025,1,82
24393,2025,1,
23591,2025,1,
22433,2024,2,91
24652,2025,1,89
24441,2025,1,
23061,2024,2,89
23000,2024,2,81
24293,2025,1,78
24215,2025,1,84
23090,2024,2,83
24093,2025,1,
20381,2025,1,
17210,2021,2,89
17254,2021,2,86
17682,2021,2,88
17773,2021,2,88
17982,2021,2,90
18175,2021,2,89
18213,2021,2,86
17288,2021,2,88
18068,2021,2,94
17776,2021,2,89
18148,2021,2,89
18353,2021,2,92
17306,2021,2,89
17999,2021,2,88
18113,2021,2,87
18141,2021,2,90
18220,2021,2,88
17246,2021,2,88
17741,2021,2,87
18063,2021,2,88
18139,2021,2,90
17761,2021,2,88
17958,2021,2,91
18262,2021,2,89
18261,2021,2,87
17970,2021,2,90
17257,2021,2,86
17829,2021,2,90
18199,2021,2,76
20373,2022,1,89
17728,2021,2,92
18014,2021,2,80
18133,2021,2,93
19955,2022,1,95
19852,2022,1,93
19166,2022,1,89
17788,2022,1,88
19223,2022,1,94
17826,2022,1,88
20390,2022,1,87
19959,2022,1,88
20387,2022,1,91
19506,2022,1,98
20190,2022,1,87
19939,2022,1,88
20535,2022,1,87
19123,2022,1,92
20339,2022,1,97
19639,2022,1,88
19654,2022,1,98
20139,2022,1,88
19006,2022,1,80
17699,2022,1,0
18927,2022,1,90
18971,2022,1,87
17857,2022,1,88
17618,2022,1,68
19088,2022,1,87
20545,2022,1,98
20302,2022,1,70
18084,2022,1,91
17644,2021,2,88
17845,2021,2,88
17535,2022,1,88
17995,2022,1,89
19110,2022,1,91
19062,2022,1,88
18041,2022,1,0
19524,2022,1,89
18229,2021,2,87
16676,2022,1,78
19660,2022,1,77
17851,2021,2,80
18260,2021,2,88
19539,2022,2,87
19321,2022,2,86
19432,2022,2,89
19477,2022,2,0
20242,2022,2,87
19597,2022,2,87
18928,2022,2,86
18193,2022,1,80
20156,2022,1,92
19042,2022,2,78
18847,2022,1,91
19533,2022,2,89
19725,2022,1,88
19497,2022,2,90
19935,2022,2,92
19003,2022,2,87
19161,2022,2,90
19412,2022,2,90
19513,2022,2,70
19642,2022,2,88
19395,2022,2,80
19899,2022,2,89
19573,2022,2,94
18951,2022,2,95
19410,2022,2,68
19112,2022,2,92
19882,2022,2,96
20340,2022,2,86
19332,2022,2,89
19604,2022,2,87
18846,2022,2,76
19037,2022,2,90
20396,2022,2,88
19163,2022,2,90
19418,2022,2,80
20529,2022,2,88
19050,2022,2,95
20324,2022,2,78
19883,2022,2,90
19537,2022,2,87
19045,2022,2,79
19663,2022,2,79
20182,2022,2,90
19114,2022,2,77
19653,2022,2,88
20519,2022,2,80
20234,2022,2,88
19031,2022,2,88
20212,2022,2,76
21508,2023,1,87
19059,2023,1,90
21678,2023,1,87
20906,2023,1,88
20994,2023,1,88
21590,2023,1,90
21355,2023,1,76
21624,2023,1,88
20161,2023,1,80
18848,2023,1,91
21425,2023,1,78
21081,2023,1,87
19196,2023,1,86
21112,2023,1,90
21410,2023,1,89
20768,2023,1,86
19606,2023,1,87
21587,2023,1,80
21442,2023,1,88
21835,2023,1,79
20845,2023,1,79
20217,2023,1,90
21167,2023,1,89
21415,2023,1,78
21477,2023,1,95
21522,2023,1,77
21704,2023,1,88
18972,2023,1,79
20867,2023,1,87
21556,2023,1,86
20926,2023,1,79
21733,2023,1,69
21642,2023,1,88
25014,2022,2,90
24979,2022,2,90
21001,2023,1,86
25045,2022,2,90
24925,2022,2,70
25032,2022,2,90
24916,2022,2,90
18837,2022,2,89
18891,2022,2,90
21616,2023,1,78
21283,2023,1,80
18669,2021,1,86
21626,2023,1,88
20121,2022,2,88
19487,2023,1,88
21580,2023,1,86
19063,2023,1,92
17970,2023,1,86
19098,2023,1,90
20855,2023,2,89
21011,2023,2,86
21653,2023,2,76
20762,2023,2,89
20733,2023,2,86
21488,2023,2,87
20970,2023,2,94
21605,2023,1,93
21725,2023,2,87
21521,2023,2,88
20808,2023,2,88
21424,2023,2,90
21506,2023,2,90
20690,2023,2,90
21077,2023,2,87
20739,2023,2,87
21088,2023,2,89
21779,2023,2,86
20799,2023,2,89
21416,2023,2,77
20797,2023,2,89
21046,2023,2,88
21214,2023,2,90
20960,2023,2,87
21140,2023,2,86
20798,2023,2,89
21096,2023,2,78
20757,2023,2,76
20950,2023,2,89
21400,2023,2,78
20772,2023,2,87
20729,2023,2,79
20818,2023,2,87
20955,2023,2,79
20706,2023,2,88
21608,2023,2,88
20776,2023,2,87
21363,2023,2,92
20965,2023,2,90
21699,2023,2,78
26988,2023,2,90
27048,2023,2,90
27108,2023,2,90
27116,2023,2,80
20844,2023,2,77
27040,2023,2,90
27095,2023,2,80
27015,2023,2,80
27109,2023,2,90
27017,2023,2,80
27006,2023,2,90
27047,2023,2,90
27080,2023,2,70
27079,2023,2,90
27066,2023,2,80
24434,2025,1,
25046,2024,1,89
22670,2024,1,93
24715,2025,1,80
23997,2025,1,88
22653,2024,1,77
22376,2024,2,91
23157,2024,1,94
22816,2024,1,78
24144,2025,1,93
22589,2024,2,87
21095,2024,1,83
20555,2024,1,0
24255,2025,1,
22493,2024,2,84
20789,2023,2,90
21219,2024,1,87
22121,2024,2,96
22084,2024,2,88
22981,2024,2,94
21724,2024,1,92
22506,2024,2,91
22755,2024,1,85
22584,2024,1,84
21548,2024,1,0
22149,2024,2,86
22596,2024,1,94
22859,2024,2,88
22420,2024,2,84
22446,2024,2,83
21515,2024,1,87
22872,2024,1,89
20959,2023,2,86
21118,2023,2,87
20848,2023,2,87
21759,2023,2,79
21799,2024,1,86
22087,2024,1,85
23015,2024,1,89
23005,2024,2,90
20793,2024,1,93
22505,2024,2,83
21800,2023,2,90
22171,2024,2,84
22232,2024,2,88
22561,2024,2,88
22145,2024,1,88
22129,2024,1,81
22643,2024,2,85
22554,2024,2,88
22441,2024,2,97
22592,2024,2,88
22553,2024,2,92
22366,2024,2,90
22018,2024,2,85
22429,2024,2,81
23078,2024,2,88
27143,2024,1,80
27162,2024,1,90
27156,2024,1,81
22887,2024,1,82
19518,2022,2,88
22170,2024,1,78
23033,2024,2,82
22955,2024,2,91
22874,2024,2,82
22021,2024,2,90
23864,2025,1,
22869,2024,1,87
20679,2024,1,95
20860,2024,1,95
22022,2024,2,78
22685,2024,1,91
22699,2024,1,85
23017,2024,1,92
22770,2024,1,74
23076,2024,2,89
22071,2024,2,89
24512,2025,1,90
22131,2024,2,89
22779,2024,1,87
22035,2024,2,87
22527,2024,2,90
21422,2023,2,88
21141,2023,2,85
22106,2024,2,87
22008,2024,2,93
22098,2024,2,88
21109,2023,2,87
22050,2024,2,89
22774,2024,1,81
22135,2024,1,90
21054,2023,2,88
22609,2024,1,68
21561,2023,2,87
21570,2023,2,89
22728,2024,1,90
21148,2024,1,82
22009,2024,2,86
23093,2024,1,77
22632,2024,2,86
22879,2024,2,88
22925,2024,2,83
21479,2024,1,84
22974,2024,1,82
22043,2024,2,93
20821,2023,2,70
22293,2024,2,90
21407,2024,1,92
21785,2023,2,80
22045,2024,2,87
22999,2024,2,88
23096,2024,2,85
22026,2024,2,83
22483,2024,2,92
19477,2023,2,0
21134,2024,1,90
20673,2024,1,86
22763,2024,1,84
21576,2024,1,92
22461,2024,2,85
20964,2024,2,89
20944,2024,1,89
22040,2024,2,84
20722,2024,1,83
22089,2024,2,88
22727,2024,1,86
23100,2024,1,90
22413,2024,2,82
23113,2024,2,84
22360,2024,2,91
22427,2024,2,92
22254,2024,2,77
22838,2024,2,94
22241,2024,1,89
24432,2025,1,80
21607,2023,2,88
20875,2023,1,78
21700,2023,2,89
22374,2024,2,89
22389,2024,2,92
22793,2024,1,83
22302,2024,1,82
22565,2024,1,86
22863,2024,2,91
22074,2024,2,88
26460,2024,2,82
22160,2024,1,88
22990,2024,2,88
23031,2024,2,89
22496,2024,2,92
22006,2024,2,90
22075,2024,2,72
22709,2024,1,81
22713,2024,1,87
22395,2024,2,84
22078,2024,2,86
22730,2024,1,88
23102,2024,1,87
23525,2025,1,84
22522,2024,2,81
22843,2024,2,95
23666,2025,1,81
22190,2024,2,95
20800,2023,2,92
24493,2025,1,
24638,2025,1,
24061,2025,1,
22110,2024,2,89
22842,2024,2,83
22391,2024,2,88
21629,2023,2,80
29249,2024,2,90
29221,2024,2,90
29277,2024,2,80
29248,2024,2,90
29236,2024,2,90
29191,2024,2,90
29182,2024,2,90
29173,2024,2,80
29150,2024,2,90
23609,2025,1,
24318,2025,1,
29305,2024,2,90
29290,2024,2,90
29280,2024,2,90
29274,2024,2,90
29246,2024,2,85
24496,2025,1,
24726,2025,1,93
24182,2025,1,
23841,2025,1,74
24117,2025,1,
23838,2025,1,
23693,2025,1,
24296,2025,1,85
23626,2025,1,
24207,2025,1,82
24621,2025,1,79
23823,2025,1,94
24580,2025,1,
23720,2025,1,87
24099,2025,1,
24429,2025,1,
24605,2025,1,
23870,2025,1,
24333,2025,1,
24658,2025,1,88
24181,2025,1,87
24295,2025,1,
24550,2025,1,86
23965,2025,1,
24355,2025,1,
24386,2025,1,
24189,2025,1,
23839,2025,1,
24430,2025,1,83
17313,2021,2,93
17868,2021,2,88
18125,2021,2,79
17309,2021,2,93
18091,2021,2,93
18159,2021,2,90
17252,2021,2,80
17472,2021,2,90
18118,2021,2,77
18172,2021,2,90
17200,2021,2,89
17871,2021,2,86
17964,2021,2,86
18156,2021,2,80
18207,2021,2,89
18081,2021,2,90
18126,2021,2,90
18149,2021,2,90
18544,2021,2,88
17378,2021,2,78
17944,2021,2,88
18237,2021,2,87
18174,2021,2,89
17459,2021,2,86
17355,2021,2,91
18251,2021,2,76
17975,2021,2,76
17483,2021,2,79
20350,2022,1,88
19029,2022,1,88
19851,2022,1,94
19752,2022,1,91
20275,2022,1,78
19858,2022,1,89
19256,2022,1,86
19666,2022,1,90
19516,2022,1,86
20224,2022,1,86
20285,2022,1,89
17750,2022,1,87
19534,2022,1,93
20292,2022,1,88
17631,2022,1,89
19975,2022,1,95
19933,2022,1,92
19000,2022,1,94
19921,2022,1,89
19891,2022,1,86
19204,2022,1,88
19464,2022,1,91
18956,2022,1,90
17205,2022,1,87
19520,2022,1,87
19509,2022,1,89
17211,2022,1,86
18168,2022,1,90
19438,2022,1,90
19254,2022,1,86
18177,2022,1,89
18159,2022,1,89
18179,2022,1,89
19519,2022,1,88
20286,2022,1,78
20546,2022,1,88
18143,2022,1,76
17192,2022,1,87
17643,2022,1,96
19437,2022,1,88
17630,2021,2,79
17696,2022,1,79
19599,2022,1,87
19048,2022,1,91
20210,2022,1,76
18106,2022,1,86
18955,2022,1,91
17979,2022,1,90
18197,2022,1,86
17673,2021,2,86
18094,2021,2,76
18254,2021,2,80
19944,2022,1,93
18144,2022,1,87
19151,2022,1,96
20541,2022,1,89
17682,2022,1,93
20151,2022,1,78
20238,2022,1,77
17250,2021,2,90
17319,2021,2,92
18087,2021,2,89
17607,2021,2,93
17811,2021,2,93
19659,2022,2,88
19475,2022,2,87
19224,2022,2,88
19595,2022,1,88
19375,2022,2,90
19460,2022,1,90
19316,2022,1,90
19089,2022,1,89
20271,2022,1,88
19803,2022,1,94
19391,2022,2,79
20461,2022,2,76
19488,2022,2,87
19455,2022,2,89
19318,2022,2,89
20527,2022,2,86
19724,2022,2,87
20364,2022,2,95
19930,2022,2,76
20173,2022,2,79
19246,2022,2,80
19178,2022,2,78
20317,2022,2,79
19086,2022,2,0
18835,2022,2,80
19837,2022,2,87
18963,2022,2,89
19232,2022,2,66
19396,2022,2,87
18858,2022,2,87
19368,2022,2,87
20235,2022,2,87
20397,2022,2,89
20130,2022,2,87
19226,2022,2,89
19529,2022,2,88
19311,2022,2,90
20930,2023,1,79
19382,2023,1,89
20675,2023,1,92
19925,2022,2,77
21484,2023,1,91
21578,2023,1,89
20715,2023,1,89
21423,2023,1,89
21789,2023,1,86
21487,2023,1,90
21365,2023,1,87
20931,2023,1,90
21475,2023,1,89
20755,2023,1,79
21711,2023,1,87
21663,2023,1,0
21673,2023,1,77
21258,2023,1,88
21451,2023,1,78
19634,2023,1,87
21599,2023,1,87
21128,2023,1,88
20301,2022,2,91
21165,2023,1,78
21650,2023,1,67
20997,2023,1,90
21504,2023,1,86
21290,2023,1,86
20333,2023,1,88
19173,2023,1,89
21572,2023,1,88
21630,2023,1,80
21437,2023,1,87
20315,2023,1,86
21736,2023,1,78
21276,2023,1,87
20933,2023,1,88
20907,2023,1,88
21291,2023,1,87
19378,2023,1,88
21763,2023,1,86
21022,2023,1,90
21163,2023,1,87
21554,2023,1,89
24902,2022,2,80
25050,2022,2,90
24914,2022,2,80
25054,2022,2,70
20355,2023,1,87
21679,2023,1,86
25041,2022,2,90
24970,2022,2,90
24967,2022,2,90
25047,2022,2,90
24946,2022,2,90
19060,2022,2,90
19473,2022,2,96
19641,2022,2,90
24911,2022,2,70
19309,2023,1,86
21373,2023,1,86
18916,2023,1,89
20326,2022,2,87
20289,2022,2,91
21379,2023,1,68
20414,2023,1,77
18269,2022,1,79
20362,2023,1,89
21174,2023,1,78
21544,2023,1,86
21393,2023,1,87
20125,2023,1,91
20951,2023,2,90
21115,2023,2,94
21754,2023,2,76
21012,2023,2,87
20952,2023,2,89
20953,2023,2,89
20709,2023,2,90
20705,2023,2,92
21553,2023,1,68
20740,2023,2,86
21137,2023,2,88
21030,2023,2,89
21272,2023,2,76
21198,2023,2,80
21049,2023,2,86
21113,2023,2,86
21183,2023,2,90
21138,2023,2,88
20753,2023,2,90
20843,2023,2,80
20897,2023,2,82
21029,2023,2,89
21100,2023,2,88
20988,2023,2,87
21402,2023,2,91
21142,2023,2,80
20788,2023,2,87
20946,2023,2,90
20995,2023,2,91
21470,2023,2,92
20898,2023,2,88
21774,2023,2,91
21686,2023,2,88
21762,2023,2,88
21035,2023,2,89
21189,2023,2,92
21093,2023,2,91
21625,2023,2,89
18889,2023,2,90
21144,2023,2,88
27083,2023,2,90
26999,2023,2,90
27105,2023,2,80
27038,2023,2,80
23215,2024,1,78
27058,2023,2,90
27111,2023,2,80
27036,2023,2,90
27022,2023,2,90
27027,2023,2,90
22847,2024,1,85
22449,2024,2,89
22161,2024,1,79
22769,2024,1,82
22740,2024,1,80
24017,2025,1,89
24437,2025,1,
23055,2024,2,88
22913,2024,2,86
22268,2024,2,88
21817,2023,2,86
22100,2024,1,88
22603,2024,2,83
23016,2024,2,91
22997,2024,1,84
24426,2025,1,70
22101,2024,2,86
22019,2024,2,87
22184,2024,1,86
22551,2024,2,91
20728,2023,2,92
22558,2024,1,89
22917,2024,2,90
22640,2024,1,89
22010,2024,2,85
21664,2023,2,79
22703,2024,2,87
22119,2024,1,89
24602,2025,1,88
24533,2025,1,86
22606,2024,1,88
22200,2024,2,87
22526,2024,2,84
22523,2024,2,83
23036,2024,1,81
22225,2024,2,84
20741,2023,2,86
22983,2024,2,83
22495,2024,2,92
22780,2024,1,89
22097,2024,2,84
22183,2024,2,80
23039,2024,1,86
24936,2024,1,81
22593,2024,2,87
22448,2024,2,80
22289,2024,2,89
22569,2024,1,91
23046,2024,2,92
21478,2023,2,87
22471,2024,2,89
21482,2024,1,82
22695,2024,1,83
21548,2023,2,0
22864,2024,1,73
22765,2024,1,82
22924,2024,1,89
22432,2024,2,88
22358,2024,2,88
22080,2024,2,88
24218,2025,1,
20782,2023,2,90
22047,2024,2,95
24073,2025,1,
23873,2025,1,
24681,2025,1,87
22107,2024,1,74
24216,2025,1,
22257,2024,2,90
22235,2024,2,94
22400,2024,2,81
22912,2024,2,89
22850,2024,2,81
22488,2024,2,84
22853,2024,2,89
23213,2024,2,87
22595,2024,1,87
21808,2024,1,90
22788,2024,1,86
21655,2023,2,88
22971,2024,2,93
22249,2024,1,87
22907,2024,1,93
23002,2024,2,87
22802,2024,1,84
22456,2024,2,
22270,2024,2,91
22676,2024,2,85
21464,2023,2,89
21438,2024,1,85
23018,2024,1,87
22489,2024,2,79
21119,2023,2,69
22932,2024,2,84
22264,2024,2,81
22756,2024,1,83
22481,2024,2,88
22185,2024,2,92
21110,2023,2,90
21649,2023,2,89
21904,2024,1,94
22070,2024,2,93
21025,2023,2,79
22665,2024,2,92
21052,2023,2,88
22900,2024,2,90
22371,2024,2,90
22151,2024,1,84
22614,2024,2,93
21086,2023,2,80
20687,2023,2,77
22463,2024,2,82
22423,2024,2,90
22398,2024,2,83
22715,2024,1,87
20714,2024,1,91
22117,2024,1,83
21412,2023,2,90
22452,2024,2,95
22069,2024,2,84
22093,2024,1,82
22023,2024,2,84
21136,2023,1,87
21154,2023,1,80
21516,2023,1,78
21187,2023,1,70
23117,2024,1,78
20857,2024,1,86
23069,2024,1,95
22546,2024,1,79
22388,2024,2,84
24675,2025,1,
22442,2024,2,88
24125,2025,1,
22359,2024,2,90
23042,2024,2,92
22182,2024,2,87
23146,2024,1,83
22193,2024,2,93
20781,2023,2,90
21003,2023,2,86
22772,2024,1,77
23692,2025,1,
22849,2024,2,83
22228,2024,2,85
24217,2025,1,83
22761,2024,1,76
22725,2024,1,82
20555,2024,2,
22969,2024,2,80
24135,2025,1,
22649,2024,1,80
20685,2024,1,87
22239,2024,2,92
23950,2025,1,
22283,2024,1,84
22572,2024,1,80
22972,2024,1,86
22163,2024,2,89
24456,2025,1,
22202,2024,2,92
22507,2024,2,87
22259,2024,1,81
24967,2024,1,0
22675,2024,2,75
22417,2024,2,92
22364,2024,2,79
22136,2024,2,82
22828,2024,1,86
22517,2024,2,94
21501,2023,2,87
22146,2024,2,92
22580,2024,2,86
22086,2024,1,81
22229,2024,2,92
22629,2024,2,82
22785,2024,1,82
29276,2024,2,90
29223,2024,2,65
29265,2024,2,90
29190,2024,2,90
29180,2024,2,90
29156,2024,2,90
29202,2024,2,90
29311,2024,2,90
29303,2024,2,90
29271,2024,2,90
29172,2024,2,90
29158,2024,2,85
29154,2024,2,85
24222,2025,1,
29306,2024,2,85
29304,2024,2,80
29299,2024,2,80
29295,2024,2,80
29283,2024,2,90
29227,2024,2,85
29187,2024,2,85
22287,2024,2,0
24322,2025,1,
23747,2025,1,56
24407,2025,1,
24637,2025,1,
24172,2025,1,85
24346,2025,1,
23829,2025,1,84
24672,2025,1,82
23875,2025,1,
24279,2025,1,86
22298,2025,1,78
24167,2025,1,
21143,2025,1,73
24376,2025,1,92
24522,2025,1,88
24347,2025,1,
24660,2025,1,
22024,2024,2,90
24514,2025,1,90
24477,2025,1,
24001,2025,1,
24661,2025,1,88
17280,2021,2,90
17759,2021,2,86
17990,2021,2,93
18218,2021,2,92
17383,2021,2,87
17942,2021,2,87
17318,2021,2,90
17671,2021,2,90
18017,2021,2,91
17343,2021,2,89
17790,2021,2,87
17643,2021,2,76
18403,2021,2,89
17890,2021,2,80
18027,2021,2,89
18160,2021,2,86
17344,2021,2,86
17629,2021,2,90
17854,2021,2,86
18399,2021,2,90
18105,2021,2,88
18136,2021,2,89
17957,2021,2,88
17653,2021,2,88
17963,2021,2,78
18061,2021,2,87
18140,2021,2,87
17645,2021,2,86
18158,2021,2,88
18205,2021,2,94
18130,2021,2,89
17627,2021,2,92
19209,2022,1,98
18906,2022,1,94
19878,2022,1,93
20247,2022,1,88
19331,2022,1,92
18279,2022,1,86
20454,2022,1,90
19220,2022,1,92
19433,2022,1,95
20196,2022,1,89
19570,2022,1,90
18185,2022,1,87
20552,2022,1,90
18069,2022,1,90
18936,2022,1,79
19934,2022,1,91
19721,2022,1,91
19586,2022,1,86
19517,2022,1,89
17317,2022,1,91
18121,2022,1,88
19619,2022,1,77
17825,2022,1,90
17617,2022,1,86
19611,2022,1,88
17990,2022,1,90
17856,2022,1,90
19206,2022,1,86
20239,2022,1,90
18409,2022,1,88
19543,2022,1,90
19164,2022,1,86
19911,2022,1,86
19253,2022,1,86
19199,2022,1,90
18176,2022,1,86
19889,2022,1,79
17533,2022,1,90
18115,2021,2,90
18188,2021,2,80
17505,2022,1,89
18434,2022,1,87
17511,2022,1,88
17832,2021,2,90
17998,2021,2,95
19885,2022,1,89
20359,2022,2,86
20206,2022,1,86
19443,2022,2,89
20223,2022,1,79
17333,2022,1,87
18995,2022,1,80
20291,2022,1,79
20515,2022,1,87
19898,2022,2,88
19067,2022,1,79
19312,2022,2,90
20194,2022,2,91
19101,2022,2,88
18966,2022,2,87
19039,2022,2,90
19833,2022,2,86
19004,2022,2,86
19249,2022,2,67
19825,2022,2,89
20560,2022,2,86
19397,2022,2,76
19080,2022,2,66
18918,2022,2,87
20284,2022,2,86
20555,2022,2,0
19922,2022,2,86
19252,2022,2,67
20407,2022,2,77
20170,2022,2,88
19219,2022,2,86
18861,2022,2,79
20563,2022,2,89
19702,2022,2,88
19558,2022,2,90
18917,2022,2,79
19699,2022,2,89
20268,2022,2,90
18967,2022,2,91
18947,2022,2,86
20352,2022,2,89
19320,2022,2,86
18594,2022,1,98
21502,2023,1,77
19132,2022,2,86
19636,2022,2,90
20837,2023,1,89
21395,2023,1,87
21277,2023,1,87
21593,2023,1,88
21211,2023,1,89
20839,2023,1,87
21426,2023,1,87
20805,2023,1,79
21031,2023,1,80
20895,2023,1,90
20838,2023,1,79
21667,2023,1,68
21539,2023,1,90
21230,2023,1,80
21760,2023,1,86
21596,2023,1,90
21765,2023,1,79
20878,2023,1,89
21749,2023,1,80
19493,2023,1,87
21796,2023,1,90
21562,2023,1,86
21670,2023,1,87
20881,2023,1,80
19446,2023,1,90
19571,2023,1,87
21647,2023,1,86
21404,2023,1,87
21717,2023,1,77
20564,2023,1,90
20791,2023,1,93
20948,2023,1,70
24977,2022,2,90
24934,2022,2,90
24978,2022,2,90
24923,2022,2,90
25033,2022,2,90
21257,2023,1,79
24976,2022,2,90
24917,2022,2,90
25025,2022,2,90
24904,2022,2,90
24915,2022,2,90
19894,2022,2,86
19924,2022,2,86
21399,2023,1,92
21771,2023,1,76
19354,2022,2,88
20402,2023,1,87
21682,2023,1,77
20547,2022,2,80
21160,2023,1,76
19229,2022,2,86
21406,2023,1,78
21116,2023,1,86
21194,2023,1,76
21449,2023,1,89
19389,2023,1,86
19362,2023,1,87
21151,2023,1,87
16062,2021,2,92
21472,2023,1,90
21114,2023,2,90
20726,2023,2,89
20684,2023,2,87
19065,2023,1,77
20699,2023,2,94
21476,2023,2,90
21050,2023,2,88
20942,2023,2,86
21062,2023,2,91
21117,2023,2,88
20701,2023,2,92
21253,2023,2,90
21511,2023,2,87
21010,2023,2,80
21698,2023,2,77
20766,2023,2,92
21500,2023,2,86
21193,2023,2,80
21491,2023,2,88
19479,2023,2,77
21615,2023,2,88
20824,2023,2,88
20817,2023,2,90
21513,2023,2,95
21124,2023,2,89
21708,2023,2,80
21432,2023,2,87
21537,2023,2,97
21592,2023,2,87
27023,2023,2,87
26993,2023,2,90
27060,2023,2,90
27041,2023,2,80
27039,2023,2,90
27019,2023,2,90
27044,2023,2,90
27093,2023,2,90
27009,2023,2,90
27003,2023,2,90
27069,2023,2,80
27074,2023,2,90
24532,2025,1,
22663,2024,1,86
23091,2024,2,78
21456,2024,1,0
24005,2025,1,
21706,2023,2,87
22633,2024,1,72
22766,2024,1,83
24642,2025,1,
24651,2025,1,91
24238,2025,1,74
22702,2024,1,89
22671,2024,1,87
22914,2024,1,89
22659,2024,1,78
23043,2024,1,84
21519,2023,2,86
20971,2024,1,85
22007,2024,2,90
22141,2024,2,78
22819,2024,1,86
22963,2024,1,87
23040,2024,2,81
22893,2024,2,87
22533,2024,2,91
20765,2024,1,82
22422,2024,2,91
22102,2024,2,89
23152,2024,2,79
21609,2024,1,81
21157,2023,2,77
20879,2023,2,89
21271,2024,1,83
22742,2024,1,78
22898,2024,2,85
20784,2023,2,90
22809,2024,1,84
22575,2024,2,91
21671,2024,1,94
23116,2024,2,
20381,2024,2,
23029,2024,1,80
22438,2024,2,81
23987,2025,1,
24072,2025,1,81
22499,2024,2,92
22198,2024,2,91
22735,2024,1,89
22377,2024,2,90
22156,2024,2,91
24490,2025,1,
21004,2024,1,95
27179,2024,1,90
27151,2024,1,90
27148,2024,1,81
22806,2024,1,94
22686,2024,1,90
22832,2024,1,78
23032,2024,2,88
21260,2023,2,76
21083,2023,2,88
22015,2024,2,90
22236,2024,2,89
22437,2024,2,70
22237,2024,1,83
21563,2023,2,87
22262,2024,2,89
22949,2024,2,94
22852,2024,2,92
23171,2024,2,90
22181,2024,2,90
23068,2024,2,0
20555,2023,2,0
22245,2024,2,87
22036,2024,2,84
22457,2024,2,81
20901,2023,2,91
22987,2024,2,75
22491,2024,2,89
22568,2024,2,86
22281,2024,2,84
22547,2024,2,88
23084,2024,1,85
21270,2023,2,79
21720,2024,1,61
22414,2024,2,91
22294,2024,1,86
20700,2023,2,87
24196,2025,1,
22189,2024,2,85
22836,2024,1,84
21689,2023,2,87
22968,2024,2,
21798,2024,1,87
22091,2024,2,89
23054,2024,1,86
20939,2023,2,79
20713,2023,2,94
22238,2024,1,91
22866,2024,1,90
24451,2025,1,90
22478,2024,2,90
19549,2024,1,0
23014,2024,1,89
22933,2024,1,80
22240,2024,1,93
21627,2023,2,78
24349,2025,1,92
24115,2025,1,85
23071,2024,2,91
22503,2024,2,92
22148,2024,2,88
22250,2024,2,86
22060,2024,2,89
22946,2024,1,82
23082,2024,2,78
22056,2024,2,82
23141,2024,2,81
21127,2024,1,84
19228,2024,1,78
24939,2023,2,87
21005,2023,2,79
21059,2023,2,90
23112,2024,1,88
21665,2023,2,69
22729,2024,1,73
23011,2024,1,91
22167,2024,2,91
22498,2024,2,87
22587,2024,1,91
21213,2024,1,84
24160,2025,1,
22636,2024,2,95
24517,2025,1,
22673,2024,1,81
23810,2025,1,
22638,2024,1,91
22611,2024,1,90
21191,2023,1,87
22996,2024,2,76
20859,2023,2,91
22282,2024,2,83
22905,2024,2,79
22791,2024,1,79
22247,2024,1,82
22873,2024,1,90
22621,2024,1,80
22684,2024,1,91
20812,2023,2,80
22197,2024,1,83
22046,2024,2,93
24053,2025,1,
21495,2023,2,76
24416,2025,1,
22164,2024,1,92
21832,2023,2,77
21705,2023,2,87
24690,2025,1,
22581,2024,2,91
21826,2023,2,88
23699,2025,1,
24589,2025,1,
22042,2024,2,86
22468,2024,2,82
22445,2024,2,93
22586,2024,2,84
21750,2024,1,92
22566,2024,1,81
24654,2025,1,
24480,2025,1,
29288,2024,2,90
29260,2024,2,90
29225,2024,2,85
29220,2024,2,90
29217,2024,2,90
23634,2025,1,
29272,2024,2,90
29210,2024,2,90
29181,2024,2,90
29178,2024,2,90
29159,2024,2,90
29218,2024,2,90
29175,2024,2,90
29174,2024,2,90
29170,2024,2,75
24643,2025,1,88
24670,2025,1,86
29293,2024,2,90
29289,2024,2,80
29238,2024,2,90
29209,2024,2,90
29197,2024,2,90
24701,2025,1,86
24730,2025,1,
24518,2025,1,87
21152,2025,1,86
24284,2025,1,
24300,2025,1,83
24626,2025,1,
24516,2025,1,81
24686,2025,1,
23865,2025,1,
24574,2025,1,
24439,2025,1,
24562,2025,1,84
24121,2025,1,
24691,2025,1,85
24710,2025,1,
24297,2025,1,87
20555,2025,1,
24126,2025,1,90
24229,2025,1,
21663,2025,1,
22726,2025,1,
24443,2025,1,85
23759,2025,1,
24487,2025,1,84
24259,2025,1,79
24018,2025,1,86
23874,2025,1,
19628,2025,1,
23595,2025,1,
24412,2025,1,
24313,2025,1,
22154,2024,2,84
22215,2024,2,91
22516,2024,2,76
24734,2025,1,86
23812,2025,1,
