"TAHUN","MAHASISWA","SKOR_MAT","SKOR_FIS","SKOR_ING","SKOR_IND","SKOR_SKO","SKOR_SKO_NALAR","SKOR_SKO_PAHAM","SKOR_SKO_BACAAN","SKOR_SKO_KUANTITATIF","SKOR_BENAR_SEMUA","SKOR_TOTAL"
2021,21166,24,21,21,10.5,15,,,,,212,
2021,21381,36,30,21,15,12,,,,,212,
2021,21056,15,24,7.5,10.5,11,,,,,212,
2021,21267,12,33,12,12,8,,,,,212,
2021,21151,18,15,7.5,9,10,,,,,212,
2021,21108,42,39,9,9,11,,,,,212,
2021,21549,30,24,9,6,4,,,,,128,57.03
2021,21442,27,18,3,6,3,,,,,128,44.53
2021,21809,15,12,3,3,2,,,,,128,32.61
2021,21495,27,24,13.5,7.5,6,,,,,128,60.94
2021,21630,18,24,4.5,6,2,,,,,128,47.84
2021,21774,24,24,6,6,0,,,,,128,46.88
2021,21555,33,15,7.5,12,3,,,,,128,55.08
2021,21645,27,18,1.5,7.5,4,,,,,128,47.73
2021,21449,15,15,7.5,3,3,,,,,128,33.98
2021,21439,27,24,10.5,6,3,,,,,128,55.08
2021,21741,12,21,9,3,3,,,,,128,37.5
2021,21055,57,51,16.5,16.5,14,,,,,212,
2021,21358,21,30,15,15,13,,,,,212,
2021,21274,12,18,7.5,12,7,,,,,212,
2021,20938,45,33,15,16.5,14,,,,,212,
2021,21164,45,39,18,12,13,,,,,212,
2021,21089,12,9,3,7.5,9,,,,,212,
2021,21066,48,42,16.5,13.5,8,,,,,212,
2021,21074,24,21,12,13.5,8,,,,,212,
2021,21244,33,48,10.5,18,8,,,,,212,
2021,21002,12,15,6,7.5,11,,,,,212,
2021,21106,15,12,6,4.5,6,,,,,212,
2021,21369,21,27,12,15,6,,,,,212,
2021,21220,18,15,4.5,9,13,,,,,212,
2021,21530,24,21,10.5,6,6,,,,,128,52.73
2021,21396,21,18,4.5,3,0,,,,,128,41.59
2021,21559,33,15,4.5,7.5,4,,,,,128,50
2021,21719,9,18,3,3,2,,,,,128,27.34
2021,21553,33,21,10.5,4.5,2,,,,,128,52.85
2021,21556,24,9,6,7.5,2,,,,,128,37.89
2021,21563,45,18,10.5,13.5,4,,,,,128,71.09
2021,21565,33,24,7.5,4.5,6,,,,,128,58.59
2021,21568,39,39,13.5,9,7,,,,,128,83.98
2021,21569,12,9,9,6,6,,,,,128,32.81
2021,21571,9,15,6,6,5,,,,,128,39.02
2021,21572,30,18,4.5,9,6,,,,,128,58
2021,21575,27,15,4.5,7.5,5,,,,,128,46.09
2021,21581,15,15,1.5,7.5,5,,,,,128,38.29
2021,21584,30,30,4.5,7.5,0,,,,,128,56.25
2021,21669,36,21,3,3,6,,,,,128,53.91
2021,21692,39,27,4.5,6,7,,,,,128,70.5
2021,21697,36,15,6,4.5,3,,,,,128,46.54
2021,21698,9,24,6,7.5,3,,,,,128,38.67
2021,21702,42,24,6,6,5,,,,,128,64.84
2021,21705,24,18,4.5,6,5,,,,,128,44.92
2021,21707,21,33,12,7.5,3,,,,,128,59.77
2021,21709,21,3,6,3,0,,,,,128,38.29
2021,21460,24,18,10.5,4.5,5,,,,,128,48.44
2021,21720,18,9,7.5,7.5,5,,,,,128,41.98
2021,21687,42,36,12,12,6,,,,,128,84.38
2021,21583,27,18,6,12,6,,,,,128,53.91
2021,21574,18,18,12,9,4,,,,,128,47.66
2021,21488,36,24,10.5,6,7,,,,,128,65.23
2021,21644,9,18,10.5,9,4,,,,,128,39.45
2021,21811,15,9,7.5,4.5,3,,,,,128,30.47
2021,21708,36,24,6,4.5,1,,,,,128,55.86
2021,21578,30,24,7.5,7.5,2,,,,,128,60.73
2021,21722,12,15,3,6,3,,,,,128,30.47
2021,21724,12,12,4.5,9,4,,,,,128,32.42
2021,21725,18,9,9,9,3,,,,,128,37.5
2021,21727,6,0,9,7.5,4,,,,,128,20.7
2021,21733,12,6,0,10.5,4,,,,,128,30.16
2021,21824,21,9,6,4.5,5,,,,,128,35.55
2021,21827,9,9,4.5,4.5,0,,,,,128,21.09
2021,21832,18,18,4.5,9,0,,,,,128,43.94
2021,21833,12,12,4.5,4.5,5,,,,,128,29.69
2021,21837,0,9,3,1.5,2,,,,,128,19.44
2021,21845,24,6,7.5,3,6,,,,,128,36.33
2021,21657,15,24,1.5,10.5,0,,,,,128,39.84
2021,21666,15,18,1.5,4.5,5,,,,,128,26.04
2021,21420,21,30,9,7.5,6,,,,,128,57.42
2021,21427,30,36,10.5,6,4,,,,,128,72.84
2021,21447,15,15,4.5,3,4,,,,,128,36.19
2021,21434,24,21,10.5,4.5,6,,,,,128,56.83
2021,21674,21,27,3,9,5,,,,,128,50.78
2021,21494,21,12,9,9,0,,,,,128,39.84
2021,21627,36,27,9,10.5,3,,,,,128,66.8
2021,21466,18,18,6,7.5,0,,,,,128,38.67
2021,21693,18,18,6,6,2,,,,,128,44.33
2021,21682,33,21,12,6,3,,,,,128,67.07
2021,21535,27,12,9,9,7,,,,,128,50
2021,21522,24,21,6,4.5,4,,,,,128,46.48
2021,21412,15,15,7.5,3,6,,,,,128,36.33
2021,21717,12,12,1.5,3,2,,,,,128,30.57
2021,21508,15,21,4.5,6,4,,,,,128,44.72
2021,21873,18,12,3,7.5,0,,,,,128,36.91
2021,21493,12,24,3,7.5,6,,,,,128,46.28
2021,21835,15,15,6,7.5,5,,,,,128,37.89
2021,21452,30,15,6,3,1,,,,,128,48.23
2021,21609,33,24,10.5,9,4,,,,,128,62.89
2021,21579,12,21,4.5,7.5,4,,,,,128,38.28
2021,21415,18,24,10.5,9,4,,,,,128,51.17
2021,21437,18,12,10.5,9,8,,,,,128,44.92
2021,21461,39,6,7.5,9,5,,,,,128,51.95
2021,21463,24,15,6,6,6,,,,,128,44.53
2021,21478,33,21,10.5,9,5,,,,,128,61.33
2021,21808,27,15,1.5,3,5,,,,,128,40.23
2021,21391,24,3,10.5,6,5,,,,,128,37.89
2021,21440,30,24,10.5,7.5,5,,,,,128,60.16
2021,21904,6,15,7.5,7.5,6,,,,,128,38.08
2021,21505,18,12,6,4.5,4,,,,,128,40.03
2021,21448,18,21,4.5,9,8,,,,,128,52.53
2021,21754,18,21,9,1.5,3,,,,,128,46.28
2021,21416,18,12,3,3,5,,,,,128,32.03
2021,21729,39,21,7.5,9,7,,,,,128,65.23
2021,21634,36,15,7.5,9,5,,,,,128,61.91
2021,21509,36,24,7.5,0,6,,,,,128,57.42
2021,21468,15,12,12,9,5,,,,,128,41.41
2021,21799,15,18,3,10.5,5,,,,,128,40.23
2021,21615,18,18,4.5,10.5,4,,,,,128,42.97
2021,21473,27,15,4.5,9,5,,,,,128,52.53
2021,21464,27,15,3,12,4,,,,,128,47.66
2021,21469,21,30,7.5,7.5,4,,,,,128,54.69
2021,21470,30,24,6,9,4,,,,,128,57.03
2021,21471,21,24,7.5,7.5,5,,,,,128,50.78
2021,21481,24,21,10.5,6,1,,,,,128,48.83
2021,21483,48,21,6,9,5,,,,,128,69.53
2021,21486,33,24,10.5,7.5,6,,,,,128,63.28
2021,21740,18,21,7.5,7.5,6,,,,,128,46.88
2021,21750,12,12,9,13.5,5,,,,,128,40.23
2021,21759,18,15,4.5,1.5,0,,,,,128,30.47
2021,21760,21,3,1.5,6,6,,,,,128,29.3
2021,21726,15,12,1.5,3,3,,,,,128,24.42
2021,21400,18,21,10.5,7.5,6,,,,,128,54.48
2021,21695,15,18,1.5,3,5,,,,,128,33.2
2021,21585,42,27,9,9,4,,,,,128,71.09
2021,21577,30,12,6,7.5,4,,,,,128,46.48
2021,21588,39,21,12,10.5,5,,,,,128,68.36
2021,21590,21,18,9,10.5,6,,,,,128,50.39
2021,21591,30,12,3,6,3,,,,,128,42.19
2021,21592,42,30,6,6,0,,,,,128,65.63
2021,21594,18,12,4.5,7.5,5,,,,,128,36.72
2021,21599,24,12,1.5,7.5,6,,,,,128,41.13
2021,21586,36,24,7.5,10.5,3,,,,,128,68.55
2021,21561,27,27,9,10.5,5,,,,,128,61.33
2021,21632,24,15,4.5,4.5,4,,,,,128,45.89
2021,21431,45,27,13.5,6,0,,,,,128,71.48
2021,21430,33,27,12,9,2,,,,,128,70.11
2021,21543,30,27,9,6,4,,,,,128,64.64
2021,21762,6,6,6,9,6,,,,,128,31.05
2021,21763,9,9,1.5,4.5,5,,,,,128,22.66
2021,21765,12,6,7.5,6,6,,,,,128,29.3
2021,21761,21,21,7.5,4.5,4,,,,,128,45.31
2021,21766,24,18,4.5,4.5,5,,,,,128,43.75
2021,21602,18,9,0,4.5,2,,,,,128,33.21
2021,21603,18,6,3,3,3,,,,,128,31.05
2021,21605,12,9,7.5,9,3,,,,,128,36.91
2021,21826,21,15,3,9,3,,,,,128,45.11
2021,21411,18,21,4.5,9,1,,,,,128,41.8
2021,21525,33,21,6,6,5,,,,,128,55.47
2021,21838,24,9,6,3,5,,,,,128,36.72
2021,21433,3,6,4.5,3,4,,,,,128,16.02
2021,21422,39,24,13.5,6,7,,,,,128,69.92
2021,21418,27,6,7.5,3,5,,,,,128,43.16
2021,21643,18,21,6,7.5,2,,,,,128,42.58
2021,21680,15,9,10.5,9,4,,,,,128,42.38
2021,21847,15,21,7.5,6,4,,,,,128,41.8
2021,21475,27,18,6,3,3,,,,,128,44.53
2021,21404,15,12,9,6,6,,,,,128,37.5
2021,21604,15,3,6,7.5,7,,,,,128,43.38
2021,21667,30,18,4.5,6,2,,,,,128,51.9
2021,21409,21,18,7.5,9,2,,,,,128,50.19
2021,21589,30,27,6,7.5,5,,,,,128,58.98
2021,21748,24,6,7.5,10.5,2,,,,,128,39.06
2021,21537,12,24,10.5,4.5,6,,,,,128,44.53
2021,21769,27,6,9,4.5,4,,,,,128,39.45
2021,21441,27,15,7.5,9,3,,,,,128,48.05
2021,21551,27,30,7.5,9,3,,,,,128,59.77
2021,21673,6,6,3,7.5,6,,,,,128,32.95
2021,21612,24,27,7.5,6,4,,,,,128,53.52
2021,21557,15,12,6,9,1,,,,,128,38.86
2021,21704,9,12,4.5,7.5,6,,,,,128,30.47
2021,21703,21,15,4.5,10.5,7,,,,,128,45.31
2021,21432,15,15,9,6,5,,,,,128,39.06
2021,21482,15,21,7.5,12,4,,,,,128,46.48
2021,21526,33,21,7.5,7.5,6,,,,,128,58.59
2021,21502,6,6,6,6,5,,,,,128,27.92
2021,21490,36,30,7.5,4.5,3,,,,,128,63.28
2021,21600,27,30,4.5,6,2,,,,,128,54.3
2021,21656,15,15,9,7.5,7,,,,,128,40.1
2021,21393,21,21,4.5,4.5,5,,,,,128,52.81
2021,21560,30,15,10.5,4.5,2,,,,,128,48.44
2021,21755,15,6,4.5,7.5,4,,,,,128,34.17
2021,21751,9,15,7.5,6,4,,,,,128,32.42
2021,21629,27,36,0,7.5,1,,,,,128,55.86
2021,21631,33,9,6,10.5,2,,,,,128,47.27
2021,21639,18,15,10.5,7.5,3,,,,,128,42.19
2021,21640,48,24,9,3,4,,,,,128,74.02
2021,21414,21,9,10.5,10.5,6,,,,,128,49.8
2021,21517,30,24,7.5,9,2,,,,,128,56.64
2021,21401,18,24,9,6,4,,,,,128,47.66
2021,21480,33,15,9,4.5,3,,,,,128,50.39
2021,21507,24,15,15,7.5,6,,,,,128,52.73
2021,21739,24,9,7.5,6,4,,,,,128,39.45
2021,21598,21,15,7.5,7.5,3,,,,,128,42.19
2021,21497,30,21,7.5,6,5,,,,,128,54.3
2021,21499,27,24,6,6,5,,,,,128,53.13
2021,21501,36,18,9,4.5,6,,,,,128,57.42
2021,21503,30,24,12,9,4,,,,,128,61.72
2021,21504,3,12,10.5,7.5,5,,,,,128,29.69
2021,21513,30,15,6,7.5,1,,,,,128,46.48
2021,21515,27,15,4.5,12,2,,,,,128,52.53
2021,21394,30,24,10.5,10.5,5,,,,,128,67.77
2021,21518,27,27,10.5,9,5,,,,,128,61.33
2021,21521,42,21,3,3,5,,,,,128,57.81
2021,21779,18,6,4.5,6,4,,,,,128,35.34
2021,21650,3,3,4.5,7.5,5,,,,,128,17.97
2021,21654,27,18,7.5,3,5,,,,,128,52.53
2021,21655,27,18,0,3,0,,,,,128,37.5
2021,21658,33,15,6,4.5,1,,,,,128,46.48
2021,21660,18,18,6,9,5,,,,,128,43.75
2021,21661,36,30,10.5,9,7,,,,,128,72.27
2021,21662,36,30,7.5,10.5,5,,,,,128,69.53
2021,21406,18,24,4.5,9,2,,,,,128,50.19
2021,21531,27,21,1.5,6,4,,,,,128,46.11
2021,21614,30,18,12,10.5,4,,,,,128,58.2
2021,21405,30,24,7.5,4.5,2,,,,,128,53.13
2021,21699,33,42,9,13.5,3,,,,,128,78.52
2021,21712,15,3,1.5,9,2,,,,,128,23.83
2021,21715,30,39,6,9,3,,,,,128,67.97
2021,21421,24,24,7.5,3,5,,,,,128,49.61
2021,21419,33,21,10.5,9,4,,,,,128,60.55
2021,21681,33,24,7.5,3,5,,,,,128,56.64
2021,21783,12,12,6,3,3,,,,,128,21.35
2021,21787,15,21,4.5,6,5,,,,,128,45.5
2021,21796,15,9,4.5,10.5,4,,,,,128,38.86
2021,21807,30,21,0,3,5,,,,,128,46.09
2021,21716,12,9,4.5,1.5,3,,,,,128,36.53
2021,21542,15,9,10.5,7.5,3,,,,,128,40.42
2021,21491,27,24,4.5,9,1,,,,,128,51.17
2021,21718,9,12,3,6,0,,,,,128,23.44
2021,21728,15,3,6,7.5,2,,,,,128,26.17
2021,21678,18,15,1.5,1.5,6,,,,,128,32.81
2021,21825,9,9,6,10.5,4,,,,,128,30.08
2021,21653,30,21,10.5,9,5,,,,,128,58.98
2021,21426,21,36,12,7.5,6,,,,,128,64.45
2021,21456,30,21,4.5,3,3,,,,,128,48.05
2021,21451,9,9,4.5,6,4,,,,,128,25.39
2021,21424,27,21,4.5,6,5,,,,,128,49.61
2021,21633,21,27,10.5,9,4,,,,,128,55.86
2021,21567,21,15,4.5,6,4,,,,,128,39.45
2021,21458,9,12,4.5,7.5,3,,,,,128,33.39
2021,21392,27,27,9,10.5,3,,,,,128,59.77
2021,21791,12,15,7.5,3,5,,,,,128,33.2
2021,21573,30,27,3,7.5,1,,,,,128,53.52
2021,21407,9,18,3,9,4,,,,,128,38.86
2021,21683,27,15,7.5,3,4,,,,,128,44.14
2021,21516,27,21,4.5,9,1,,,,,128,49.12
2021,21395,36,27,7.5,1.5,5,,,,,128,60.16
2021,21623,15,18,1.5,4.5,4,,,,,128,33.59
2021,21580,6,3,10.5,7.5,4,,,,,128,37.74
2021,21641,21,18,9,9,4,,,,,128,47.66
2021,21462,39,39,6,4.5,3,,,,,128,71.48
2021,21649,33,33,9,7.5,5,,,,,128,73.63
2021,21635,15,9,4.5,3,2,,,,,128,31.44
2021,21566,24,24,1.5,4.5,5,,,,,128,51.36
2021,21465,12,18,7.5,6,6,,,,,128,38.67
2021,21610,33,21,4.5,9,3,,,,,128,55.08
2021,21558,15,9,9,6,3,,,,,128,38.08
2021,21524,27,15,1.5,7.5,3,,,,,128,42.19
2021,21608,6,15,10.5,10.5,4,,,,,128,35.94
2021,21689,30,33,10.5,6,4,,,,,128,65.23
2021,21454,18,15,12,12,5,,,,,128,48.44
2021,21435,24,12,3,7.5,5,,,,,128,40.23
2021,21776,15,6,6,6,0,,,,,128,25.78
2021,21500,15,21,6,6,4,,,,,128,40.63
2021,21663,24,12,1.5,7.5,2,,,,,128,36.72
2021,21429,6,18,12,10.5,4,,,,,128,39.45
2021,21413,18,21,7.5,7.5,5,,,,,128,51.36
2021,21582,27,33,6,6,8,,,,,128,62.5
2021,21800,21,12,3,6,2,,,,,128,34.38
2021,21642,33,15,6,9,1,,,,,128,50
2021,21436,24,21,6,7.5,6,,,,,128,55.66
2021,21514,21,18,10.5,4.5,3,,,,,128,44.53
2021,21523,33,24,6,10.5,5,,,,,128,61.33
2021,21527,21,21,4.5,4.5,2,,,,,128,41.41
2021,21528,15,18,9,6,7,,,,,128,48.23
2021,21529,45,33,12,6,4,,,,,128,78.13
2021,21532,27,21,7.5,9,6,,,,,128,55.08
2021,21534,42,39,9,7.5,7,,,,,128,81.64
2021,21536,12,6,9,6,3,,,,,128,33.39
2021,21540,18,12,6,7.5,5,,,,,128,37.89
2021,21544,9,15,3,7.5,5,,,,,128,34.4
2021,21546,30,24,3,10.5,3,,,,,128,55.08
2021,21664,21,24,12,9,3,,,,,128,53.91
2021,21668,36,24,4.5,7.5,3,,,,,128,63.86
2021,21671,21,21,3,9,5,,,,,128,46.09
2021,21672,39,18,7.5,4.5,4,,,,,128,57.03
2021,21675,0,21,7.5,10.5,3,,,,,128,34.95
2021,21677,36,27,9,10.5,2,,,,,128,66.02
2021,21685,18,30,7.5,7.5,0,,,,,128,54.48
2021,21690,36,12,10.5,9,4,,,,,128,55.86
2021,21691,39,30,13.5,9,5,,,,,128,75.39
2021,21399,21,21,4.5,6,4,,,,,128,44.14
2021,21686,21,27,9,9,4,,,,,128,59.95
2021,21443,21,24,9,7.5,5,,,,,128,51.95
2021,21636,42,24,10.5,7.5,4,,,,,128,68.75
2021,21771,9,15,3,3,2,,,,,128,25
2021,21548,33,27,12,10.5,5,,,,,128,68.36
2021,21626,15,12,4.5,12,5,,,,,128,40.92
2021,21425,9,18,0,3,4,,,,,128,26.56
2021,21817,30,9,4.5,6,4,,,,,128,41.8
2021,21767,18,15,12,10.5,6,,,,,128,48.05
2021,21789,18,15,3,1.5,0,,,,,128,29.3
2021,21512,30,6,4.5,7.5,4,,,,,128,40.63
2021,21647,45,24,9,6,6,,,,,128,70.31
2021,21457,15,6,12,6,2,,,,,128,37.3
2021,21785,15,15,9,7.5,5,,,,,128,45.5
2021,21570,9,12,7.5,9,5,,,,,128,38.47
2021,21818,9,6,3,7.5,5,,,,,128,23.83
2021,21694,45,30,9,10.5,0,,,,,128,73.83
2021,21538,27,27,4.5,7.5,3,,,,,128,53.91
2021,21621,15,12,3,12,5,,,,,128,41.98
2021,21841,18,9,4.5,4.5,3,,,,,128,35.73
2021,21450,30,12,6,9,4,,,,,128,47.66
2021,21444,15,21,12,10.5,4,,,,,128,54.09
2021,21554,18,21,9,4.5,4,,,,,128,49.41
2021,21455,21,27,3,7.5,5,,,,,128,54.88
2021,21688,21,15,9,6,7,,,,,128,45.31
2021,21601,27,27,9,9,4,,,,,128,59.38
2021,21550,12,12,9,7.5,4,,,,,128,40.03
2021,21180,27,18,9,13.5,7,,,,,212,
2021,20940,21,24,13.5,15,13,,,,,212,
2021,21903,6,18,1.5,7.5,2,,,,,128,32.61
2021,21906,27,15,7.5,7.5,6,,,,,128,49.22
2021,21618,18,18,6,10.5,4,,,,,128,49.41
2021,21510,36,27,12,4.5,3,,,,,128,64.45
2021,21676,21,21,6,12,4,,,,,128,50
2021,21562,18,21,6,6,5,,,,,128,43.75
2021,21679,21,18,6,9,4,,,,,128,45.31
2021,21467,33,21,9,4.5,4,,,,,128,55.86
2021,21670,6,15,10.5,1.5,6,,,,,128,30.47
2021,21428,9,3,7.5,7.5,5,,,,,128,30.27
2021,21472,30,21,6,9,4,,,,,128,54.69
2021,21541,27,27,9,9,6,,,,,128,60.94
2021,21520,27,24,9,7.5,3,,,,,128,55.08
2021,21403,36,42,9,6,5,,,,,128,76.56
2021,21477,27,24,7.5,6,4,,,,,128,53.52
2021,21446,9,18,1.5,4.5,6,,,,,128,38.48
2021,21638,15,27,3,6,4,,,,,128,42.97
2021,21736,12,6,4.5,6,2,,,,,128,29.09
2021,21637,6,9,3,4.5,1,,,,,128,38.97
2021,21701,27,30,6,7.5,4,,,,,128,58.2
2021,21747,15,21,1.5,1.5,4,,,,,128,38.86
2021,21753,15,12,12,4.5,7,,,,,128,39.45
2021,21539,39,18,10.5,4.5,5,,,,,128,65.42
2021,21622,21,12,12,9,4,,,,,128,45.31
2021,21696,15,15,6,6,6,,,,,128,42.77
2021,21496,27,30,10.5,12,4,,,,,128,65.23
2021,21506,30,27,10.5,7.5,4,,,,,128,61.72
2021,21597,36,21,9,9,4,,,,,128,61.72
2021,21648,30,24,9,10.5,8,,,,,128,63.67
2021,21368,57,27,15,13.5,13,,,,,212,
2021,21371,36,24,16.5,21,7,,,,,212,
2021,21370,9,21,10.5,10.5,8,,,,,212,
2021,21372,30,21,13.5,10.5,13,,,,,212,
2021,21378,48,42,9,15,6,,,,,212,
2021,20968,15,15,6,9,10,,,,,212,
2021,21360,42,33,10.5,12,10,,,,,212,
2021,20957,42,21,9,10.5,15,,,,,212,
2021,21259,54,33,12,12,12,,,,,212,
2021,21410,30,18,1.5,3,2,,,,,128,42.58
2021,21743,15,12,10.5,6,3,,,,,128,41.59
2021,21684,15,18,7.5,6,4,,,,,128,44.72
2021,21595,18,18,10.5,10.5,4,,,,,128,47.66
2021,21484,12,18,9,3,4,,,,,128,41.2
2021,21511,39,18,7.5,7.5,4,,,,,128,59.38
2021,21397,33,27,10.5,4.5,5,,,,,128,62.5
2021,21090,39,42,12,15,13,,,,,212,
2021,21218,33,18,15,18,11,,,,,212,
2021,21206,33,30,13.5,19.5,5,,,,,212,
2021,21079,36,21,9,16.5,13,,,,,212,
2021,21136,36,27,7.5,10.5,13,,,,,212,
2021,21258,48,48,12,15,14,,,,,212,
2021,21359,21,33,12,13.5,12,,,,,212,
2021,21032,48,42,15,15,13,,,,,212,
2021,20997,39,36,15,18,13,,,,,212,
2021,21036,42,30,9,21,9,,,,,212,
2021,21051,48,27,9,13.5,10,,,,,212,
2021,21059,24,33,12,9,14,,,,,212,
2021,21417,36,33,7.5,7.5,7,,,,,128,71.09
2021,21402,30,30,10.5,7.5,8,,,,,128,67.19
2021,21706,21,18,4.5,9,4,,,,,128,44.14
2021,21552,30,27,6,6,6,,,,,128,58.59
2021,21126,15,12,9,12,14,,,,,212,
2021,21288,18,9,6,12,12,,,,,212,
2021,21377,33,21,16.5,9,10,,,,,212,
2021,21201,45,27,12,6,6,,,,,212,
2021,21380,24,36,15,16.5,11,,,,,212,
2021,21053,27,21,7.5,4.5,6,,,,,212,
2021,21023,42,33,7.5,19.5,12,,,,,212,
2021,21237,18,18,4.5,10.5,10,,,,,212,
2021,21344,24,21,9,12,11,,,,,212,
2021,21037,6,21,12,7.5,8,,,,,212,
2021,21607,27,18,7.5,7.5,5,,,,,128,56.05
2021,21606,9,6,7.5,7.5,7,,,,,128,34.17
2021,21611,27,18,6,7.5,7,,,,,128,51.17
2021,21613,24,15,7.5,10.5,7,,,,,128,50
2021,21616,18,24,3,10.5,5,,,,,128,47.27
2021,21187,30,30,10.5,12,13,,,,,212,
2021,21367,36,24,15,15,13,,,,,212,
2021,21097,48,27,10.5,13.5,10,,,,,212,
2021,21423,21,12,3,6,3,,,,,128,35.16
2021,21564,36,24,4.5,12,5,,,,,128,63.67
2021,21782,24,18,4.5,9,3,,,,,128,45.7
2021,21547,21,12,13.5,4.5,4,,,,,128,42.97
2021,21617,15,12,6,6,3,,,,,128,32.81
2021,21619,12,21,4.5,3,4,,,,,128,40.03
2021,21624,18,18,7.5,0,0,,,,,128,33.98
2021,21625,36,27,7.5,10.5,5,,,,,128,67.19
2021,21628,33,30,6,7.5,0,,,,,128,59.77
2021,21194,27,15,16.5,10.5,11,,,,,212,
2021,21195,48,36,7.5,9,8,,,,,212,
2021,21197,33,42,13.5,15,16,,,,,212,
2021,21273,21,21,12,13.5,6,,,,,212,
2021,21276,15,21,9,7.5,6,,,,,212,
2021,21280,18,18,7.5,9,12,,,,,212,
2021,21291,9,30,7.5,12,12,,,,,212,
2021,21905,36,6,10.5,7.5,7,,,,,128,52.34
2021,21652,21,30,6,1.5,5,,,,,128,49.61
2021,21492,36,30,7.5,7.5,1,,,,,128,64.06
2021,21593,18,18,4.5,7.5,5,,,,,128,41.41
2021,21651,15,21,7.5,10.5,6,,,,,128,46.88
2021,21804,24,9,1.5,9,3,,,,,128,36.33
2021,21217,12,15,7.5,15,12,,,,,212,
2021,21191,15,24,7.5,9,9,,,,,212,
2021,21068,12,18,10.5,12,7,,,,,212,
2021,21104,21,15,4.5,9,12,,,,,212,
2021,21101,36,24,18,18,13,,,,,212,
2021,21167,54,42,9,18,10,,,,,212,
2021,21144,33,42,18,15,9,,,,,212,
2021,21132,12,12,12,10.5,11,,,,,212,
2021,21374,9,18,10.5,7.5,14,,,,,212,
2021,21398,12,9,3,4.5,2,,,,,128,42.44
2021,21798,18,15,9,6,4,,,,,128,40.63
2021,21382,33,30,21,12,10,,,,,212,
2021,21364,24,36,12,15,11,,,,,212,
2021,20984,48,54,15,24,9,,,,,212,
2021,21010,30,36,15,15,11,,,,,212,
2021,21043,33,21,13.5,12,12,,,,,212,
2021,21084,39,18,13.5,18,5,,,,,212,
2021,20990,45,42,13.5,9,11,,,,,212,
2021,21366,33,48,13.5,18,8,,,,,212,
2021,21154,21,39,9,10.5,12,,,,,212,
2021,21155,18,21,7.5,12,9,,,,,212,
2021,21157,51,36,15,15,11,,,,,212,
2021,21453,27,12,12,12,3,,,,,128,56.83
2021,21202,45,30,10.5,18,10,,,,,212,
2021,21275,15,21,9,9,10,,,,,212,
2021,21147,45,45,19.5,13.5,6,,,,,212,
2021,21112,54,36,12,12,12,,,,,212,
2021,21485,33,27,9,9,1,,,,,128,61.72
2021,21700,21,6,7.5,6,5,,,,,128,35.55
2021,21408,18,18,6,6,2,,,,,128,39.06
2021,21519,42,33,12,9,5,,,,,128,78.91
2021,21489,33,27,7.5,7.5,0,,,,,128,58.59
2021,21749,9,3,4.5,1.5,2,,,,,128,20.89
2021,21445,33,15,6,3,6,,,,,128,49.22
2021,21479,33,15,6,10.5,1,,,,,128,51.17
2021,21533,12,15,4.5,6,6,,,,,128,33.98
2021,21123,33,24,12,16.5,8,,,,,212,
2021,21330,30,24,12,19.5,12,,,,,212,
2021,21620,27,21,12,6,2,,,,,128,53.13
2021,21498,24,24,3,4.5,1,,,,,128,49.41
2021,21474,42,27,7.5,10.5,3,,,,,128,75.58
2021,21710,12,9,4.5,3,5,,,,,128,32.75
2021,21487,18,21,10.5,12,5,,,,,128,51.95
2021,21576,30,36,4.5,10.5,2,,,,,128,64.84
2021,21545,18,3,4.5,10.5,4,,,,,128,31.25
2021,21596,12,12,6,6,2,,,,,128,37.46
2021,21290,12,18,6,7.5,4,,,,,212,
2021,21019,33,36,9,13.5,11,,,,,212,
2021,21200,18,15,6,15,13,,,,,212,
2021,20948,15,18,7.5,9,10,,,,,212,
2021,20983,36,33,12,10.5,12,,,,,212,
2021,21071,18,39,19.5,12,9,,,,,212,
2021,21174,15,18,9,13.5,6,,,,,212,
2021,20937,21,30,15,12,11,,,,,212,
2021,21001,36,24,16.5,13.5,10,,,,,212,
2021,20962,27,24,9,15,10,,,,,212,
2021,21159,48,45,13.5,12,12,,,,,212,
2021,20993,30,24,15,16.5,14,,,,,212,
2021,20959,21,24,18,16.5,11,,,,,212,
2021,21376,12,12,6,9,6,,,,,212,
2021,21058,9,12,10.5,16.5,10,,,,,212,
2021,21277,9,9,3,7.5,6,,,,,212,
2021,21361,39,21,13.5,18,11,,,,,212,
2021,21266,18,27,7.5,10.5,6,,,,,212,
2021,21353,6,12,13.5,10.5,8,,,,,212,
2021,21060,33,48,19.5,16.5,14,,,,,212,
2021,21008,30,21,12,13.5,12,,,,,212,
2021,21103,45,33,12,15,12,,,,,212,
2021,21373,15,15,10.5,10.5,7,,,,,212,
2021,21045,33,45,6,13.5,10,,,,,212,
2021,21323,24,18,10.5,13.5,11,,,,,212,
2021,20979,18,27,1.5,7.5,9,,,,,212,
2021,21379,15,15,15,18,6,,,,,212,
2021,21116,54,36,12,13.5,9,,,,,212,
2021,20994,24,30,9,7.5,13,,,,,212,
2021,21091,51,42,10.5,12,9,,,,,212,
2021,21270,27,33,16.5,18,16,,,,,212,
2021,21238,48,48,6,16.5,11,,,,,212,
2021,21160,30,18,10.5,15,13,,,,,212,
2021,21031,15,15,6,12,9,,,,,212,
2021,21178,42,30,16.5,16.5,8,,,,,212,
2021,21181,21,33,19.5,16.5,13,,,,,212,
2021,21184,48,39,9,18,13,,,,,212,
2021,21039,21,27,10.5,12,15,,,,,212,
2021,21216,36,45,6,13.5,9,,,,,212,
2021,21230,18,18,9,9,8,,,,,212,
2021,21121,45,36,21,18,16,,,,,212,
2021,21165,12,18,7.5,6,8,,,,,212,
2021,21070,33,24,18,18,15,,,,,212,
2021,21232,18,27,7.5,15,16,,,,,212,
2021,21241,33,15,10.5,7.5,10,,,,,212,
2021,21340,33,24,16.5,16.5,12,,,,,212,
2021,21342,30,36,13.5,9,13,,,,,212,
2021,21343,24,42,9,12,11,,,,,212,
2021,21745,21,15,4.5,7.5,4,,,,,128,40.63
2021,21459,27,18,10.5,9,4,,,,,128,53.52
2021,21665,45,30,9,9,5,,,,,128,76.56
2021,21438,36,21,7.5,6,7,,,,,128,60.55
2021,21646,24,24,4.5,4.5,5,,,,,128,48.44
2021,21836,24,9,4.5,7.5,6,,,,,128,39.84
2021,21476,36,12,4.5,4.5,6,,,,,128,49.22
2021,21337,21,36,15,15,15,,,,,212,
2021,21236,48,27,6,13.5,13,,,,,212,
2021,21128,48,33,18,12,9,,,,,212,
2021,21067,15,30,9,13.5,12,,,,,212,
2021,20982,39,57,7.5,10.5,13,,,,,212,
2021,21168,36,36,16.5,16.5,13,,,,,212,
2021,21365,27,9,13.5,13.5,11,,,,,212,
2021,21375,9,15,4.5,7.5,10,,,,,212,
2021,21211,36,27,10.5,10.5,12,,,,,212,
2021,21355,33,39,9,10.5,15,,,,,212,
2021,21362,33,30,13.5,10.5,13,,,,,212,
2021,21587,18,18,0,4.5,4,,,,,128,39.53
2021,21659,15,12,9,7.5,3,,,,,128,36.33
2021,21017,39,45,13.5,16.5,6,,,,,212,
2021,21292,6,9,4.5,10.5,8,,,,,212,
2021,21289,9,24,6,0,8,,,,,212,
2021,21192,6,18,7.5,6,4,,,,,212,
2021,21163,39,42,15,16.5,12,,,,,212,
2021,21034,12,9,6,10.5,7,,,,,212,
2021,21283,12,12,3,9,8,,,,,212,
2021,21022,30,27,21,19.5,13,,,,,212,
2021,21065,36,33,13.5,10.5,9,,,,,212,
2021,20977,15,12,6,7.5,9,,,,,212,
2021,21196,18,21,3,3,7,,,,,212,
2021,21264,15,36,18,10.5,8,,,,,212,
2021,21081,33,36,19.5,7.5,13,,,,,212,
2021,21110,36,54,19.5,9,15,,,,,212,
2021,21257,24,24,6,10.5,9,,,,,212,
2021,21129,21,21,10.5,7.5,13,,,,,212,
2021,21143,30,18,9,10.5,12,,,,,212,
2022,22994,21,27,10.5,18,12,,,,,212,41.75
2022,23000,45,21,13.5,16.5,13,,,,,212,51.42
2022,23013,27,30,6,13.5,10,,,,,212,40.8
2022,22983,27,15,16.5,10.5,10,,,,,212,37.26
2022,23030,33,21,10.5,18,12,,,,,212,44.58
2022,23033,27,24,16.5,10.5,13,,,,,212,42.92
2022,23034,42,12,9,19.5,14,,,,,212,45.52
2022,23036,24,15,15,10.5,10,,,,,212,35.14
2022,23039,9,18,3,13.5,9,,,,,212,24.76
2022,23041,24,27,3,9,11,,,,,212,34.91
2022,23054,18,12,7.5,3,9,,,,,212,23.35
2022,22938,45,9,4.5,13.5,8,,,,,212,37.74
2022,22943,33,36,3,18,15,,,,,212,49.53
2022,23078,30,18,10.5,15,12,,,,,212,40.33
2022,23091,18,6,16.5,13.5,14,,,,,212,32.08
2022,23100,18,9,10.5,13.5,14,,,,,212,30.66
2022,23146,9,6,3,6,9,,,,,212,15.57
2022,23149,30,18,6,13.5,10,,,,,212,36.56
2022,22596,24,24,13.5,13.5,13,,,,,212,41.51
2022,22830,21,21,12,15,11,,,,,212,37.74
2022,22571,18,21,7.5,13.5,10,,,,,212,33.02
2022,22763,15,15,6,10.5,12,,,,,212,27.59
2022,22825,18,27,7.5,15,11,,,,,212,37.03
2022,22683,42,42,15,15,13,,,,,212,59.91
2022,22718,18,15,1.5,6,6,,,,,212,21.93
2022,22772,27,6,3,10.5,8,,,,,212,25.71
2022,22618,63,63,10.5,19.5,9,,,,,212,77.83
2022,22595,48,21,10.5,13.5,13,,,,,212,50
2022,22690,45,45,15,13.5,13,,,,,212,62.03
2022,22727,24,18,10.5,9,14,,,,,212,35.61
2022,22733,33,33,9,9,12,,,,,212,45.28
2022,22784,27,24,15,16.5,15,,,,,212,45.99
2022,22801,15,18,15,16.5,13,,,,,212,36.56
2022,22771,3,12,12,12,12,,,,,212,24.06
2022,22564,9,15,1.5,13.5,7,,,,,212,21.7
2022,22610,39,18,9,16.5,15,,,,,212,45.99
2022,22615,9,18,15,16.5,12,,,,,212,33.25
2022,22678,18,27,10.5,15,11,,,,,212,38.44
2022,22816,9,15,12,10.5,9,,,,,212,26.18
2022,22607,18,24,3,10.5,8,,,,,212,29.95
2022,22788,21,27,9,15,14,,,,,212,40.57
2022,22599,15,18,12,21,13,,,,,212,37.26
2022,22822,27,18,9,16.5,13,,,,,212,39.39
2022,22605,21,36,16.5,15,10,,,,,212,46.46
2022,22645,39,42,21,18,16,,,,,212,64.15
2022,22725,39,18,7.5,15,9,,,,,212,41.75
2022,22569,24,33,10.5,9,11,,,,,212,41.27
2022,22790,39,18,9,13.5,12,,,,,212,43.16
2022,22686,39,30,13.5,13.5,11,,,,,212,50.47
2022,22757,24,45,7.5,16.5,11,,,,,212,49.06
2022,22687,30,27,4.5,10.5,14,,,,,212,40.57
2022,23079,33,15,10.5,13.5,14,,,,,212,40.57
2022,23081,30,24,4.5,15,11,,,,,212,39.86
2022,22796,21,30,6,12,16,,,,,212,40.09
2022,22741,21,27,12,15,10,,,,,212,40.09
2022,22668,21,24,13.5,16.5,16,,,,,212,42.92
2022,22704,18,15,10.5,4.5,6,,,,,212,25.47
2022,22769,24,27,7.5,15,13,,,,,212,40.8
2022,22609,30,18,10.5,13.5,10,,,,,212,38.68
2022,22808,21,18,15,16.5,14,,,,,212,39.86
2022,22795,9,24,10.5,9,9,,,,,212,29.01
2022,22641,27,21,12,15,12,,,,,212,41.04
2022,22612,60,15,10.5,15,11,,,,,212,52.59
2022,22778,27,18,13.5,19.5,15,,,,,212,43.87
2022,22698,21,24,18,16.5,15,,,,,212,44.58
2022,22729,15,27,12,16.5,13,,,,,212,39.39
2022,22572,39,24,9,10.5,8,,,,,212,42.69
2022,22755,12,18,9,9,11,,,,,212,27.83
2022,22699,30,18,13.5,13.5,11,,,,,212,40.57
2022,22695,45,36,12,21,11,,,,,212,58.96
2022,22749,33,15,9,19.5,14,,,,,212,42.69
2022,22659,18,18,12,13.5,11,,,,,212,34.2
2022,22713,33,21,13.5,19.5,9,,,,,212,45.28
2022,23068,18,3,15,16.5,16,,,,,212,32.31
2022,23072,27,15,3,13.5,10,,,,,212,32.31
2022,22657,12,12,9,7.5,9,,,,,212,23.35
2022,22685,33,33,7.5,13.5,11,,,,,212,46.23
2022,22694,21,15,21,18,14,,,,,212,41.98
2022,22818,6,0,7.5,12,8,,,,,212,15.8
2022,22821,9,9,4.5,13.5,13,,,,,212,23.11
2022,23050,21,30,4.5,13.5,9,,,,,212,36.79
2022,23064,21,15,6,13.5,14,,,,,212,32.78
2022,23052,21,6,7.5,19.5,10,,,,,212,30.19
2022,23005,39,33,6,10.5,2,,,,,212,42.69
2022,23088,21,6,15,13.5,11,,,,,212,31.37
2022,22711,18,24,15,13.5,16,,,,,212,40.8
2022,22737,42,9,9,19.5,11,,,,,212,42.69
2022,22740,39,3,10.5,12,15,,,,,212,37.5
2022,22746,15,15,12,12,10,,,,,212,30.19
2022,22807,18,18,18,13.5,13,,,,,212,37.97
2022,23107,33,30,4.5,9,9,,,,,212,40.33
2022,23220,15,9,9,13.5,16,,,,,212,
2022,23214,18,27,10.5,13.5,11,,,,,212,
2022,23227,21,21,4.5,4.5,6,,,,,212,
2022,22628,30,33,12,16.5,10,,,,,212,47.88
2022,22617,30,33,12,9,9,,,,,212,43.87
2022,22791,27,21,15,12,13,,,,,212,41.51
2022,22604,24,21,15,15,9,,,,,212,39.62
2022,22726,30,45,19.5,19.5,15,,,,,212,60.85
2022,22789,27,9,9,7.5,9,,,,,212,29.01
2022,22738,21,12,7.5,4.5,8,,,,,212,25
2022,22776,15,27,13.5,15,10,,,,,212,37.97
2022,22735,27,30,18,15,10,,,,,212,47.17
2022,22619,33,36,10.5,13.5,14,,,,,212,50.47
2022,22640,36,21,9,12,11,,,,,212,41.98
2022,22744,21,18,19.5,18,9,,,,,212,40.33
2022,22684,51,27,10.5,12,9,,,,,212,51.65
2022,22728,12,30,9,13.5,17,,,,,212,38.44
2022,22730,21,30,13.5,7.5,12,,,,,212,39.62
2022,22736,42,18,15,18,16,,,,,212,51.42
2022,22739,24,21,16.5,13.5,14,,,,,212,41.98
2022,22748,15,27,19.5,12,13,,,,,212,40.8
2022,22762,60,36,12,21,11,,,,,212,66.04
2022,22767,30,18,13.5,15,14,,,,,212,42.69
2022,22922,45,30,9,19.5,17,,,,,212,56.84
2022,22928,33,27,4.5,16.5,14,,,,,212,44.81
2022,22997,18,21,4.5,9,11,,,,,212,29.95
2022,23032,33,12,15,15,10,,,,,212,40.09
2022,22864,27,21,9,6,5,,,,,212,32.08
2022,23007,27,9,9,13.5,12,,,,,212,33.25
2022,22863,54,30,10.5,15,13,,,,,212,57.78
2022,22913,24,24,7.5,15,14,,,,,212,39.86
2022,22947,69,60,18,19.5,15,,,,,212,85.61
2022,22906,18,33,9,13.5,7,,,,,212,37.97
2022,22974,30,30,9,13.5,13,,,,,212,45.05
2022,22893,33,33,10.5,16.5,13,,,,,212,50
2022,22945,36,27,13.5,13.5,15,,,,,212,49.53
2022,22888,45,15,15,15,16,,,,,212,50
2022,22787,27,24,7.5,16.5,10,,,,,212,40.09
2022,22979,54,42,12,13.5,9,,,,,212,61.56
2022,22999,42,24,7.5,9,7,,,,,212,42.22
2022,23011,27,18,7.5,18,15,,,,,212,40.33
2022,23014,12,12,16.5,13.5,18,,,,,212,33.96
2022,23027,60,33,18,13.5,7,,,,,212,62.03
2022,23215,15,15,1.5,12,12,,,,,212,
2022,23219,27,12,10.5,1.5,0,,,,,212,
2022,22775,39,24,4.5,12,10,,,,,212,42.22
2022,22692,36,18,13.5,16.5,14,,,,,212,46.23
2022,22626,30,39,12,13.5,10,,,,,212,49.29
2022,22752,39,33,12,16.5,15,,,,,212,54.48
2022,22804,27,21,15,10.5,8,,,,,212,38.44
2022,22747,9,12,7.5,7.5,9,,,,,212,21.23
2022,22541,21,27,18,12,7,,,,,212,40.09
2022,22673,15,33,7.5,12,13,,,,,212,37.97
2022,22594,48,39,9,10.5,10,,,,,212,54.95
2022,22731,24,15,12,16.5,14,,,,,212,38.44
2022,22786,39,18,12,16.5,14,,,,,212,46.93
2022,22745,39,30,9,1.5,14,,,,,212,44.1
2022,23084,12,15,7.5,7.5,8,,,,,212,23.58
2022,23095,27,27,12,10.5,9,,,,,212,40.33
2022,23113,33,12,3,16.5,17,,,,,212,38.44
2022,23117,36,9,9,0,9,,,,,212,29.72
2022,22982,60,42,13.5,19.5,14,,,,,212,70.28
2022,22998,27,15,22.5,21,13,,,,,212,46.46
2022,23044,33,27,16.5,13.5,11,,,,,212,47.64
2022,23056,48,12,4.5,12,11,,,,,212,41.27
2022,22923,24,24,7.5,13.5,13,,,,,212,38.68
2022,23010,48,27,4.5,9,14,,,,,212,48.35
2022,23051,36,9,12,16.5,0,,,,,212,34.67
2022,23022,27,15,12,16.5,15,,,,,212,40.33
2022,22770,12,12,7.5,10.5,10,,,,,212,24.53
2022,22655,18,9,4.5,4.5,9,,,,,212,21.23
2022,22661,42,42,13.5,19.5,13,,,,,212,61.32
2022,22558,36,24,9,9,12,,,,,212,42.45
2022,22774,15,33,15,15,16,,,,,212,44.34
2022,22782,57,18,15,18,11,,,,,212,56.13
2022,22535,27,24,13.5,12,9,,,,,212,40.33
2022,22707,21,18,4.5,6,6,,,,,212,26.18
2022,22548,33,30,15,10.5,16,,,,,212,49.29
2022,22633,36,21,10.5,15,12,,,,,212,44.58
2022,22666,33,15,7.5,4.5,9,,,,,212,32.55
2022,22734,30,18,10.5,15,14,,,,,212,41.27
2022,22829,27,18,12,13.5,13,,,,,212,39.39
2022,22900,15,18,9,12,12,,,,,212,31.13
2022,22946,27,24,7.5,9,11,,,,,212,37.03
2022,23167,24,21,4.5,10.5,8,,,,,212,32.08
2022,23174,24,18,12,10.5,11,,,,,212,35.61
2022,22765,18,15,7.5,10.5,13,,,,,212,30.19
2022,22766,24,21,16.5,12,13,,,,,212,40.8
2022,23040,54,21,16.5,15,11,,,,,212,55.42
2022,23061,42,24,21,18,12,,,,,212,55.19
2022,22992,72,60,16.5,21,16,,,,,212,87.5
2022,23031,33,21,9,13.5,12,,,,,212,41.75
2022,22940,36,36,6,16.5,14,,,,,212,51.18
2022,22971,51,30,15,12,10,,,,,212,55.66
2022,23217,24,15,16.5,12,10,,,,,212,36.56
2022,23194,51,3,4.5,4.5,5,,,,,212,32.08
2022,22606,63,60,12,15,11,,,,,212,75.94
2022,22622,9,15,10.5,15,14,,,,,212,29.95
2022,22720,24,21,12,15,13,,,,,212,40.09
2022,22565,21,27,10.5,15,10,,,,,212,39.39
2022,22764,9,12,10.5,16.5,18,,,,,212,31.13
2022,22812,12,27,15,15,9,,,,,212,36.79
2022,22663,18,18,15,13.5,11,,,,,212,35.61
2022,22797,33,39,19.5,13.5,14,,,,,212,56.13
2022,22700,24,18,13.5,21,17,,,,,212,44.1
2022,22630,9,30,12,16.5,10,,,,,212,36.56
2022,22716,39,15,0,12,13,,,,,212,37.26
2022,22631,30,24,13.5,9,12,,,,,212,41.75
2022,22620,24,36,10.5,16.5,11,,,,,212,46.23
2022,22671,15,30,13.5,16.5,12,,,,,212,41.04
2022,23058,45,27,10.5,15,16,,,,,212,53.54
2022,23198,30,15,12,13.5,12,,,,,212,38.92
2022,23223,12,12,7.5,7.5,13,,,,,212,
2022,22638,39,24,6,18,13,,,,,212,47.17
2022,22859,36,9,16.5,16.5,14,,,,,212,43.4
2022,22980,21,12,18,9,14,,,,,212,34.91
2022,22978,42,24,7.5,10.5,10,,,,,212,44.34
2022,23008,33,12,7.5,10.5,10,,,,,212,34.43
2022,22862,27,15,13.5,13.5,14,,,,,212,39.15
2022,23067,15,27,9,7.5,11,,,,,212,32.78
2022,22846,60,48,6,10.5,12,,,,,212,64.39
2022,22939,36,9,10.5,12,12,,,,,212,37.5
2022,23019,51,9,13.5,18,15,,,,,212,50.24
2022,23055,36,24,9,15,11,,,,,212,44.81
2022,23203,30,18,9,7.5,12,,,,,212,36.08
2022,22904,36,9,3,13.5,12,,,,,212,34.67
2022,22815,18,33,7.5,10.5,15,,,,,212,39.62
2022,22566,21,27,4.5,15,11,,,,,212,37.03
2022,22701,42,36,7.5,12,5,,,,,212,48.35
2022,22639,24,24,9,12,11,,,,,212,37.74
2022,22709,18,24,9,15,13,,,,,212,37.26
2022,22819,30,15,12,12,14,,,,,212,39.15
2022,22753,33,42,12,13.5,8,,,,,212,51.18
2022,22824,9,15,6,13.5,11,,,,,212,25.71
2022,22783,30,30,6,13.5,8,,,,,212,41.27
2022,22530,36,21,15,13.5,9,,,,,212,44.58
2022,22688,39,33,10.5,13.5,9,,,,,212,49.53
2022,23188,24,15,3,7.5,14,,,,,212,29.95
2022,22858,18,27,7.5,12,12,,,,,212,36.08
2022,22969,36,21,9,13.5,4,,,,,212,39.39
2022,23096,39,18,7.5,9,13,,,,,212,40.8
2022,22907,27,21,6,9,13,,,,,212,35.85
2022,22909,33,24,3,16.5,9,,,,,212,40.33
2022,22883,45,15,12,16.5,15,,,,,212,48.82
2022,23087,27,12,10.5,13.5,13,,,,,212,35.85
2022,22984,60,39,13.5,15,13,,,,,212,66.27
2022,22840,30,15,13.5,10.5,6,,,,,212,35.38
2022,23065,30,33,13.5,7.5,6,,,,,212,42.45
2022,22611,42,30,7.5,12,13,,,,,212,49.29
2022,22756,27,30,10.5,18,15,,,,,212,47.41
2022,22759,36,39,10.5,18,10,,,,,212,53.54
2022,22719,33,30,6,19.5,15,,,,,212,48.82
2022,22652,39,18,6,15,12,,,,,212,42.45
2022,22785,30,15,9,15,11,,,,,212,37.74
2022,22831,21,30,12,10.5,7,,,,,212,37.97
2022,22809,18,15,6,9,5,,,,,212,25
2022,22637,30,21,10.5,10.5,14,,,,,212,40.57
2022,22724,42,24,15,7.5,11,,,,,212,46.93
2022,22584,24,15,9,6,10,,,,,212,30.19
2022,22588,30,24,4.5,10.5,11,,,,,212,37.74
2022,22832,24,12,4.5,9,9,,,,,212,27.59
2022,23086,18,24,6,13.5,7,,,,,212,32.31
2022,22949,30,24,10.5,13.5,14,,,,,212,43.4
2022,22957,66,57,12,16.5,12,,,,,212,77.12
2022,23046,51,33,19.5,19.5,14,,,,,212,64.62
2022,23102,33,9,6,13.5,11,,,,,212,34.2
2022,22920,42,30,7.5,12,11,,,,,212,48.35
2022,23057,33,0,12,18,13,,,,,212,35.85
2022,22885,30,18,16.5,7.5,8,,,,,212,37.74
2022,23059,36,30,12,15,13,,,,,212,50
2022,22868,45,33,16.5,16.5,12,,,,,212,58.02
2022,22670,18,15,4.5,10.5,5,,,,,212,25
2022,22623,18,27,13.5,15,11,,,,,212,39.86
2022,22624,33,30,6,13.5,13,,,,,212,45.05
2022,22567,24,30,16.5,6,13,,,,,212,42.22
2022,22598,30,18,13.5,12,10,,,,,212,39.39
2022,22552,51,33,12,15,9,,,,,212,56.6
2022,22545,48,21,19.5,9,7,,,,,212,49.29
2022,22613,36,42,15,7.5,11,,,,,212,52.59
2022,22802,21,9,4.5,10.5,10,,,,,212,25.94
2022,22601,30,30,12,10.5,12,,,,,212,44.58
2022,22721,45,33,9,9,15,,,,,212,52.36
2022,22608,27,24,15,15,11,,,,,212,43.4
2022,22600,54,30,13.5,13.5,17,,,,,212,60.38
2022,22654,24,15,19.5,13.5,14,,,,,212,40.57
2022,22706,33,21,12,12,13,,,,,212,42.92
2022,22546,27,15,10.5,16.5,15,,,,,212,39.62
2022,22794,27,27,15,15,11,,,,,212,44.81
2022,22669,21,24,18,13.5,11,,,,,212,41.27
2022,22814,21,27,13.5,9,13,,,,,212,39.39
2022,22649,21,24,15,15,10,,,,,212,40.09
2022,22960,39,24,9,15,14,,,,,212,47.64
2022,22878,18,36,16.5,13.5,8,,,,,212,43.4
2022,22856,27,18,6,15,13,,,,,212,37.26
2022,22866,21,15,12,13.5,9,,,,,212,33.25
2022,23073,9,6,4.5,7.5,10,,,,,212,17.45
2022,22950,48,21,9,13.5,14,,,,,212,49.76
2022,23080,30,18,12,13.5,13,,,,,212,40.8
2022,23112,15,15,13.5,12,14,,,,,212,32.78
2022,22854,18,24,10.5,12,11,,,,,212,35.61
2022,23006,33,30,10.5,16.5,8,,,,,212,46.23
2022,22851,18,15,12,9,10,,,,,212,
2022,22708,30,18,13.5,15,13,,,,,212,42.22
2022,22722,15,15,12,12,13,,,,,212,31.6
2022,22780,30,15,15,15,9,,,,,212,39.62
2022,22529,18,27,7.5,18,11,,,,,212,38.44
2022,22696,36,30,9,13.5,8,,,,,212,45.52
2022,22587,21,30,15,12,10,,,,,212,41.51
2022,22583,30,33,4.5,10.5,11,,,,,212,41.98
2022,22777,39,27,13.5,10.5,14,,,,,212,49.06
2022,22590,39,24,16.5,13.5,8,,,,,212,47.64
2022,22750,12,30,16.5,15,12,,,,,212,40.33
2022,22811,18,24,12,12,11,,,,,212,36.32
2022,22717,18,24,7.5,9,11,,,,,212,32.78
2022,22627,30,30,4.5,13.5,12,,,,,212,42.45
2022,22672,54,33,15,12,17,,,,,212,61.79
2022,22576,45,42,12,9,7,,,,,212,54.25
2022,22680,12,21,9,10.5,9,,,,,212,29.01
2022,22658,39,24,6,15,16,,,,,212,47.17
2022,22702,33,30,12,15,12,,,,,212,48.11
2022,22656,36,42,15,15,16,,,,,212,58.49
2022,22689,33,9,15,16.5,11,,,,,212,39.86
2022,22710,21,30,12,10.5,11,,,,,212,39.86
2022,22779,24,18,13.5,13.5,14,,,,,212,39.15
2022,23150,21,18,12,9,16,,,,,212,35.85
2022,23141,33,24,6,12,10,,,,,212,40.09
2022,22917,18,24,6,12,9,,,,,212,32.55
2022,22853,42,27,10.5,13.5,12,,,,,212,49.53
2022,22976,24,3,13.5,12,11,,,,,212,29.95
2022,22905,27,27,13.5,15,15,,,,,212,45.99
2022,22852,36,18,10.5,10.5,13,,,,,212,41.51
2022,23093,27,12,3,13.5,14,,,,,212,32.78
2022,22845,36,18,7.5,16.5,16,,,,,212,44.34
2022,23004,33,12,18,10.5,13,,,,,212,40.8
2022,23012,27,33,6,12,8,,,,,212,40.57
2022,22754,18,30,0,12,10,,,,,212,33.02
2022,22573,30,30,4.5,16.5,10,,,,,212,42.92
2022,22537,9,30,16.5,13.5,11,,,,,212,37.74
2022,22803,18,0,10.5,15,16,,,,,212,28.07
2022,22800,15,21,16.5,13.5,15,,,,,212,38.21
2022,22559,21,12,6,7.5,11,,,,,212,27.12
2022,22642,30,33,13.5,13.5,14,,,,,212,49.06
2022,22653,36,15,13.5,10.5,11,,,,,212,40.57
2022,22828,24,27,9,12,9,,,,,212,38.21
2022,22705,18,9,7.5,15,15,,,,,212,30.42
2022,22715,24,21,6,19.5,14,,,,,212,39.86
2022,22732,36,15,13.5,15,11,,,,,212,42.69
2022,22742,21,21,16.5,10.5,10,,,,,212,37.26
2022,22743,33,15,9,13.5,10,,,,,212,37.97
2022,22761,18,27,10.5,18,13,,,,,212,40.8
2022,22768,15,27,10.5,15,14,,,,,212,38.44
2022,22773,12,36,9,18,13,,,,,212,41.51
2022,22792,30,24,7.5,12,14,,,,,212,41.27
2022,22805,27,12,13.5,13.5,14,,,,,212,37.74
2022,22806,15,30,10.5,10.5,12,,,,,212,36.79
2022,22810,27,15,13.5,15,13,,,,,212,39.39
2022,23074,18,9,12,15,14,,,,,212,32.08
2022,22892,36,33,10.5,13.5,11,,,,,212,49.06
2022,22844,54,27,19.5,19.5,14,,,,,212,63.21
2022,22860,63,51,18,13.5,14,,,,,212,75.24
2022,23042,42,39,9,0,0,,,,,212,42.45
2022,22869,33,24,6,13.5,10,,,,,212,40.8
2022,22837,33,27,9,19.5,16,,,,,212,49.29
2022,22977,51,27,3,12,12,,,,,212,49.53
2022,22975,30,18,16.5,16.5,14,,,,,212,44.81
2022,22556,21,33,16.5,19.5,16,,,,,212,50
2022,22793,21,24,3,7.5,10,,,,,212,30.9
2022,22646,6,15,4.5,3,8,,,,,212,17.22
2022,22664,18,18,3,7.5,8,,,,,212,25.71
2022,23226,12,12,6,9,8,,,,,212,
2022,22820,24,21,10.5,10.5,14,,,,,212,37.74
2022,22691,39,18,9,12,17,,,,,212,44.81
2022,22758,45,36,7.5,12,14,,,,,212,54.01
2022,22597,33,39,13.5,15,5,,,,,212,49.76
2022,22621,24,27,13.5,16.5,13,,,,,212,44.34
2022,22798,60,42,16.5,15,14,,,,,212,69.58
2022,22557,12,18,1.5,9,8,,,,,212,22.88
2022,22813,21,33,7.5,7.5,9,,,,,212,36.79
2022,22817,12,9,7.5,12,12,,,,,212,24.76
2022,22823,30,15,12,13.5,13,,,,,212,39.39
2022,22914,24,21,10.5,19.5,10,,,,,212,40.09
2022,22937,39,24,10.5,13.5,14,,,,,212,47.64
2022,22948,51,54,6,16.5,13,,,,,212,66.27
2022,22959,30,21,16.5,13.5,16,,,,,212,45.75
2022,22973,30,12,9,9,7,,,,,212,31.6
2022,22981,27,12,15,13.5,12,,,,,212,37.5
2022,22986,30,21,9,10.5,13,,,,,212,39.39
2022,22895,21,9,18,19.5,13,,,,,212,37.97
2022,23063,30,21,9,13.5,12,,,,,212,40.33
2022,22985,36,21,13.5,16.5,13,,,,,212,47.17
2022,22954,57,39,16.5,18,18,,,,,212,70.05
2022,22880,24,27,12,9,8,,,,,212,37.74
2022,22843,42,27,15,15,14,,,,,212,53.3
2022,23070,24,15,9,6,11,,,,,212,30.66
2022,22929,12,18,10.5,12,13,,,,,212,30.9
2022,22898,30,39,7.5,4.5,0,,,,,212,38.21
2022,22894,36,36,7.5,13.5,15,,,,,212,50.94
2022,23028,27,33,10.5,13.5,13,,,,,212,45.75
2022,22951,30,12,3,7.5,9,,,,,212,29.01
2022,22886,36,21,13.5,13.5,12,,,,,212,45.28
2022,22896,27,27,4.5,13.5,14,,,,,212,40.57
2022,22968,51,24,16.5,21,13,,,,,212,59.2
2022,23094,30,12,10.5,12,8,,,,,212,34.2
2022,22847,18,21,6,15,10,,,,,212,33.02
2022,22996,27,18,13.5,15,17,,,,,212,42.69
2022,22963,36,21,13.5,13.5,14,,,,,212,46.23
2022,22967,24,18,7.5,12,12,,,,,212,34.67
2022,23020,33,15,15,13.5,8,,,,,212,39.86
2022,22836,27,21,13.5,15,16,,,,,212,43.63
2022,23060,18,9,7.5,9,10,,,,,212,25.24
2022,22842,48,39,13.5,9,11,,,,,212,56.84
2022,22903,39,12,10.5,15,12,,,,,212,41.75
2022,22875,36,27,6,10.5,4,,,,,212,39.39
2022,22873,36,18,7.5,15,13,,,,,212,42.22
2022,23111,21,24,1.5,6,14,,,,,212,31.37
2022,22835,39,54,15,16.5,11,,,,,212,63.92
2022,22993,51,48,21,18,15,,,,,212,72.17
2022,22891,36,15,15,12,15,,,,,212,43.87
2022,22955,42,36,15,13.5,17,,,,,212,58.25
2022,22918,15,24,9,13.5,10,,,,,212,33.73
2022,23035,48,27,18,18,14,,,,,212,58.96
2022,22879,63,18,3,7.5,10,,,,,212,47.88
2021,21711,24,6,7.5,4.5,4,,,,,128,41.2
2022,22857,33,33,4.5,16.5,7,,,,,212,44.34
2022,22916,24,39,4.5,18,11,,,,,212,45.52
2022,22912,27,27,10.5,9,14,,,,,212,41.27
2022,23002,18,9,9,15,12,,,,,212,29.72
2022,23001,36,24,12,18,13,,,,,212,48.58
2022,22865,27,18,12,13.5,15,,,,,212,40.33
2022,23196,24,6,7.5,12,15,,,,,212,30.42
2022,22930,57,30,15,15,12,,,,,212,60.85
2022,22925,18,24,18,12,11,,,,,212,39.15
2022,23157,21,9,9,12,14,,,,,212,30.66
2022,22870,30,9,12,16.5,12,,,,,212,37.5
2022,23195,21,18,6,9,8,,,,,212,29.25
2022,23053,30,21,7.5,15,11,,,,,212,39.86
2022,23037,21,12,13.5,10.5,10,,,,,212,31.6
2022,23015,45,15,13.5,15,7,,,,,212,45.05
2022,22926,12,12,18,19.5,15,,,,,212,36.08
2022,22871,66,48,18,16.5,14,,,,,212,76.65
2022,23024,63,33,16.5,16.5,1,,,,,212,61.32
2022,23049,33,33,9,9,15,,,,,212,46.7
2022,23038,39,15,9,10.5,12,,,,,212,40.33
2022,22936,33,18,15,9,12,,,,,212,41.04
2022,22838,30,48,18,19.5,0,,,,,212,54.48
2022,23009,0,6,12,15,9,,,,,212,19.81
2022,22972,39,24,3,3,0,,,,,212,32.55
2022,22962,33,18,15,13.5,16,,,,,212,45.05
2022,23018,21,18,9,13.5,13,,,,,212,35.14
2022,23048,33,18,13.5,12,12,,,,,212,41.75
2022,22849,18,21,13.5,16.5,12,,,,,212,38.21
2022,22884,33,24,13.5,15,5,,,,,212,42.69
2022,22956,36,24,13.5,18,16,,,,,212,50.71
2022,22964,36,33,12,13.5,15,,,,,212,51.65
2022,22931,48,21,12,10.5,9,,,,,212,47.41
2022,23077,12,6,19.5,16.5,18,,,,,212,33.96
2022,22882,30,18,9,10.5,9,,,,,212,36.08
2022,22991,39,18,3,16.5,9,,,,,212,40.33
2022,23201,12,21,7.5,13.5,13,,,,,212,31.6
2022,23076,30,9,10.5,12,9,,,,,212,33.25
2022,23029,24,15,6,12,13,,,,,212,33.02
2022,22933,21,15,16.5,15,14,,,,,212,38.44
2022,22872,27,9,18,18,16,,,,,212,41.51
2022,22887,9,27,12,9,8,,,,,212,
2022,23071,30,12,12,18,13,,,,,212,40.09
2022,22988,33,24,6,13.5,12,,,,,212,41.75
2022,23069,18,18,15,16.5,15,,,,,212,38.92
2022,22890,15,15,7.5,10.5,9,,,,,212,26.89
2022,23066,30,12,4.5,12,10,,,,,212,32.31
2022,22850,72,66,15,21,15,,,,,212,89.15
2022,22911,42,21,13.5,10.5,7,,,,,212,44.34
2022,22989,39,39,6,15,9,,,,,212,50.94
2022,23197,21,12,7.5,12,11,,,,,212,29.95
2022,22874,15,24,7.5,19.5,11,,,,,212,36.32
2022,23026,36,24,7.5,15,15,,,,,212,45.99
2022,23090,9,21,16.5,15,16,,,,,212,36.56
2022,22924,27,21,10.5,15,3,,,,,212,36.08
2022,22921,48,21,9,12,14,,,,,212,49.06
2022,22897,45,21,16.5,18,11,,,,,212,52.59
2022,22934,57,33,19.5,19.5,15,,,,,212,67.92
2022,23062,45,30,10.5,15,14,,,,,212,54.01
2022,23047,33,39,1.5,4.5,7,,,,,212,40.09
2022,23082,27,15,7.5,12,18,,,,,212,37.5
2022,23171,30,27,6,10.5,9,,,,,212,38.92
2022,22961,45,30,15,18,15,,,,,212,58.02
2022,22966,39,21,15,9,0,,,,,212,39.62
2022,23105,24,18,13.5,15,14,,,,,212,39.86
2022,22919,24,18,12,16.5,13,,,,,212,39.39
2022,23025,12,15,13.5,10.5,13,,,,,212,30.19
2022,22876,24,39,3,10.5,10,,,,,212,40.8
2022,22932,60,24,15,15,14,,,,,212,60.38
2022,22935,48,12,7.5,12,14,,,,,212,44.1
2022,22901,24,15,10.5,13.5,13,,,,,212,35.85
2022,22942,21,18,6,12,8,,,,,212,30.66
2022,22839,66,57,18,15,14,,,,,212,80.19
2022,22861,33,36,13.5,10.5,12,,,,,212,49.53
2022,23017,21,18,12,9,14,,,,,212,34.91
2022,23116,27,9,15,7.5,12,,,,,212,33.25
2022,22841,30,21,6,9,12,,,,,212,36.79
2022,22941,36,15,3,7.5,11,,,,,212,34.2
2022,23021,33,21,7.5,15,14,,,,,212,42.69
2022,23178,24,12,12,13.5,13,,,,,212,35.14
2022,22889,54,24,10.5,12,12,,,,,212,53.07
2022,22995,51,27,13.5,16.5,10,,,,,212,55.66
2022,23043,30,3,9,13.5,14,,,,,212,32.78
2022,23152,63,24,3,9,17,,,,,212,54.72
2022,22915,33,27,9,16.5,11,,,,,212,45.52
2022,22953,54,24,10.5,13.5,13,,,,,212,54.25
2022,22927,15,15,7.5,15,8,,,,,212,28.54
2022,22899,42,15,9,18,13,,,,,212,45.75
2022,23045,39,21,19.5,9,12,,,,,212,47.41
2022,23213,27,6,6,12,13,,,,,212,30.19
2022,22855,36,30,18,12,16,,,,,212,52.83
2022,22944,30,12,4.5,18,12,,,,,212,36.08
2022,22987,33,27,6,16.5,9,,,,,212,43.16
2022,22952,42,21,22.5,18,11,,,,,212,54.01
2022,22848,30,15,12,12,9,,,,,212,36.79
2022,22902,63,15,13.5,22.5,14,,,,,212,60.38
2022,23103,24,21,10.5,6,9,,,,,212,33.25
2022,23023,27,6,19.5,15,12,,,,,212,37.5
2022,22867,72,60,16.5,22.5,12,,,,,212,86.32
2022,23205,21,21,7.5,13.5,5,,,,,212,32.08
2022,22877,39,24,13.5,13.5,11,,,,,212,47.64
2022,22990,21,27,10.5,13.5,15,,,,,212,41.04
2022,22881,39,15,15,13.5,15,,,,,212,45.99
2023,24221,69,,34,51,50,,,,,400,51
2023,24113,30,,30,15,50,,,,,400,31.25
2023,24282,84,,45,35,40,,,,,400,51
2023,24299,50,,35,20,80,,,,,400,46.25
2023,24193,50,,27,31,45,,,,,400,38.25
2023,24566,65,,10,35,52,,,,,400,40.5
2023,24571,50,,10,40,65,,,,,400,41.25
2023,24066,99,,1,14,57,,,,,400,42.75
2023,24108,6,,31,46,66,,,,,400,37.25
2023,24481,45,,30,25,80,,,,,400,45
2023,24343,63,,42,36,62,,,,,400,50.75
2023,24519,68,,54,26,46,,,,,400,48.5
2023,24224,25,,22,17,55,,,,,400,29.75
2023,24283,48,,40,13,51,,,,,400,38
2023,24444,45,,50,37,37,,,,,400,42.25
2023,24541,20,,65,25,80,,,,,400,47.5
2023,24561,17,,60,35,37,,,,,400,37.25
2023,24564,40,,30,45,65,,,,,400,45
2023,24565,30,,5,45,30,,,,,400,27.5
2023,24574,45,,15,21,36,,,,,400,29.25
2023,24589,4,,32,16,54,,,,,400,26.5
2023,24597,-15,,-5,10,30,,,,,400,5
2023,24603,5,,-5,-5,0,,,,,400,3.13
2023,24604,5,,0,10,5,,,,,400,8.13
2023,24372,99,,55,20,65,,,,,400,59.75
2023,24399,19,,9,46,51,,,,,400,31.25
2023,24456,75,,35,35,40,,,,,400,46.25
2023,24550,34,,31,27,51,,,,,400,35.75
2023,24378,31,,40,30,85,,,,,400,46.5
2023,24420,6,,15,20,50,,,,,400,22.75
2023,24150,8,,60,26,75,,,,,400,42.25
2023,24576,30,,35,25,50,,,,,400,35
2023,24583,48,,32,46,61,,,,,400,46.75
2023,24217,10,,25,30,70,,,,,400,33.75
2023,24239,48,,34,23,54,,,,,400,39.75
2023,24235,31,,40,40,55,,,,,400,41.5
2023,24448,-3,,24,25,85,,,,,400,32.75
2023,24443,5,,35,20,45,,,,,400,26.25
2023,24558,22,,65,38,60,,,,,400,46.25
2023,24593,50,,45,30,35,,,,,400,40
2023,24102,34,,46,45,56,,,,,400,45.25
2023,24104,50,,35,35,45,,,,,400,41.25
2023,24587,22,,7,46,46,,,,,400,30.25
2023,24174,1,,60,35,65,,,,,400,40.25
2023,24487,11,,38,13,61,,,,,400,30.75
2023,24280,40,,50,40,50,,,,,400,45
2023,24580,5,,45,35,15,,,,,400,25
2023,24479,74,,24,31,54,,,,,400,45.75
2023,24450,0,,60,30,70,,,,,400,40
2023,24288,15,,0,-5,10,,,,,400,5
2023,24157,80,,70,20,40,,,,,400,52.5
2023,24284,52,,10,30,45,,,,,400,34.25
2023,24285,74,,42,16,47,,,,,400,44.75
2023,24271,10,,15,15,15,,,,,400,13.75
2023,24273,-5,,25,-5,5,,,,,400,7.44
2023,24490,10,,50,35,55,,,,,400,37.5
2023,24581,-10,,60,30,45,,,,,400,31.25
2023,24218,29,,20,18,60,,,,,400,31.75
2023,24173,65,,25,25,60,,,,,400,43.75
2023,24268,28,,0,18,65,,,,,400,27.75
2023,24578,12,,12,32,68,,,,,400,31
2023,24215,-15,,0,10,50,,,,,400,11.25
2023,24007,43,,50,25,55,,,,,400,43.25
2023,24610,14,,40,45,67,,,,,400,41.5
2023,24071,51,,35,28,60,,,,,400,43.5
2023,24345,79,,33,56,68,,,,,400,59
2023,24484,31,,60,20,35,,,,,400,36.5
2023,23991,88,,55,43,90,,,,,400,69
2023,24543,90,,20,35,50,,,,,400,48.75
2023,24588,43,,20,15,45,,,,,400,30.75
2023,24600,-15,,5,25,25,,,,,400,10
2023,24033,80,,15,40,60,,,,,400,48.75
2023,24177,15,,60,30,55,,,,,400,40
2023,24607,65,,5,25,40,,,,,400,33.75
2023,24555,30,,40,35,60,,,,,400,41.25
2023,24080,-15,,25,25,25,,,,,400,19.94
2023,24542,70,,55,25,65,,,,,400,53.75
2023,24256,-5,,5,10,30,,,,,400,10
2023,24575,70,,20,40,40,,,,,400,42.5
2023,24521,125,,45,35,55,,,,,400,65
2023,24505,40,,15,15,40,,,,,400,27.5
2023,24532,34,,50,25,53,,,,,400,40.5
2023,24168,120,,65,45,51,,,,,400,70.25
2023,24364,4,,32,24,31,,,,,400,22.75
2023,24234,120,,51,15,80,,,,,400,66.5
2023,24486,48,,56,62,45,,,,,400,52.75
2023,24116,76,,60,30,55,,,,,400,55.25
2023,23998,45,,65,35,60,,,,,400,51.25
2023,24160,30,,35,20,45,,,,,400,32.5
2023,24301,86,,25,25,55,,,,,400,47.75
2023,24584,62,,9,-1,55,,,,,400,31.25
2023,24023,43,,65,50,46,,,,,400,51
2023,24269,85,,55,20,45,,,,,400,51.25
2023,24605,57,,56,0,35,,,,,400,37
2023,24009,59,,65,30,66,,,,,400,55
2023,24178,58,,37,41,50,,,,,400,46.5
2023,24133,131,,70,40,61,,,,,400,75.5
2023,24302,40,,35,45,65,,,,,400,46.25
2023,24483,15,,65,25,40,,,,,400,36.25
2023,24197,23,,60,15,70,,,,,400,42
2023,24021,50,,55,35,55,,,,,400,48.75
2023,24220,51,,17,27,55,,,,,400,37.5
2023,24204,95,,35,25,60,,,,,400,53.75
2023,24229,21,,20,30,55,,,,,400,31.5
2023,24323,95,,30,40,50,,,,,400,53.75
2023,24546,65,,0,45,60,,,,,400,42.5
2023,24537,20,,60,30,50,,,,,400,40
2023,24226,62,,66,51,50,,,,,400,57.25
2023,24615,10,,10,30,25,,,,,400,18.75
2023,24238,4,,37,46,48,,,,,400,33.75
2023,24612,48,,45,25,60,,,,,400,44.5
2023,24056,68,,35,20,45,,,,,400,42
2023,24458,25,,10,30,50,,,,,400,28.75
2023,24034,58,,45,30,55,,,,,400,47
2023,24510,20,,3,25,60,,,,,400,27
2023,24252,55,,15,15,30,,,,,400,28.75
2023,24586,25,,15,25,45,,,,,400,27.5
2023,24279,62,,35,20,47,,,,,400,41
2023,24267,-5,,-5,10,25,,,,,400,6.25
2023,24163,8,,35,25,80,,,,,400,41.31
2023,24031,100,,50,25,70,,,,,400,61.25
2023,24237,35,,25,45,50,,,,,400,38.75
2023,24577,55,,10,16,61,,,,,400,35.5
2023,24563,15,,10,35,40,,,,,400,25
2023,24559,60,,30,35,55,,,,,400,45
2023,24287,91,,55,31,37,,,,,400,53.5
2023,24517,33,,50,45,42,,,,,400,42.5
2023,24125,5,,55,20,45,,,,,400,31.25
2023,24548,95,,50,40,65,,,,,400,62.5
2023,24567,36,,30,40,50,,,,,400,39
2023,24274,30,,44,18,65,,,,,400,39.25
2023,24614,40,,40,10,55,,,,,400,36.25
2023,24000,101,,45,50,65,,,,,400,65.25
2023,24248,90,,29,28,57,,,,,400,51
2023,24092,43,,7,50,75,,,,,400,43.75
2023,24250,0,,45,20,30,,,,,400,23.75
2023,24172,-15,,-5,10,30,,,,,400,5
2023,24585,25,,15,15,65,,,,,400,30
2023,23990,-10,,15,10,10,,,,,400,9.94
2023,24195,54,,75,25,35,,,,,400,47.25
2023,24525,43,,29,38,59,,,,,400,42.25
2023,24075,118,,30,30,75,,,,,400,63.25
2023,24303,3,,70,41,60,,,,,400,43.5
2023,24579,93,,31,15,44,,,,,400,45.75
2023,24188,12,,45,50,80,,,,,400,46.75
2023,24326,-10,,35,20,50,,,,,400,23.75
2023,24536,60,,5,10,65,,,,,400,35
2023,24251,65,,20,25,55,,,,,400,41.25
2023,24024,130,,55,45,65,,,,,400,73.75
2023,24572,49,,32,37,59,,,,,400,44.25
2023,24598,5,,5,15,35,,,,,400,15
2023,24601,-5,,5,20,20,,,,,400,12.44
2023,24406,50,,55,40,50,,,,,400,48.75
2023,24391,16,,70,24,53,,,,,400,40.75
2023,24539,92,,25,40,58,,,,,400,53.75
2023,24254,10,,35,15,25,,,,,400,21.25
2023,24194,50,,60,10,40,,,,,400,40
2023,24441,59,,30,16,46,,,,,400,37.75
2023,24211,65,,35,15,50,,,,,400,41.25
2023,24127,40,,35,40,50,,,,,400,41.25
2023,24412,46,,40,22,52,,,,,400,40
2023,24253,25,,15,20,0,,,,,400,15
2023,24219,35,,55,30,56,,,,,400,44
2023,24311,65,,10,20,30,,,,,400,31.25
2023,24411,117,,35,22,57,,,,,400,57.75
2023,24602,8,,15,25,55,,,,,400,25.75
2023,24166,50,,50,35,35,,,,,400,42.5
2023,24591,10,,45,35,55,,,,,400,36.25
2023,24320,-5,,20,5,20,,,,,400,10
2023,24524,65,,45,20,40,,,,,400,42.5
2023,24471,-5,,15,25,30,,,,,400,16.25
2023,24419,100,,75,20,60,,,,,400,63.75
2023,24545,91,,45,57,70,,,,,400,65.75
2023,24608,20,,15,10,50,,,,,400,23.75
2023,24132,60,,40,30,55,,,,,400,46.25
2023,24258,85,,15,25,60,,,,,400,46.25
2023,24030,40,,0,15,45,,,,,400,25
2023,24185,14,,6,7,61,,,,,400,26.31
2023,24570,10,,30,20,45,,,,,400,26.25
2023,24096,40,,65,60,45,,,,,400,52.5
2023,24531,29,,16,46,48,,,,,400,34.75
2023,24181,40,,15,15,35,,,,,400,26.25
2023,24613,15,,21,32,49,,,,,400,29.25
2023,24529,28,,20,25,65,,,,,400,34.5
2023,24296,49,,30,26,58,,,,,400,40.75
2023,24568,20,,40,40,55,,,,,400,38.75
2023,24554,-5,,10,5,10,,,,,400,5
2023,24556,35,,35,35,80,,,,,400,46.25
2023,24240,15,,5,35,65,,,,,400,30
2023,24087,-6,,70,41,57,,,,,400,40.5
2023,24461,20,,45,20,40,,,,,400,31.25
2023,24259,33,,9,18,58,,,,,400,29.5
2023,24538,10,,5,-15,40,,,,,400,10
2023,24590,3,,60,17,60,,,,,400,35
2023,24504,85,,45,35,40,,,,,400,51.25
2023,24306,34,,31,10,60,,,,,400,33.75
2023,24606,15,,50,40,42,,,,,400,36.75
2023,24304,38,,19,22,41,,,,,400,30
2023,24351,12,,28,41,57,,,,,400,34.5
2023,24557,38,,65,5,50,,,,,400,39.5
2023,24203,52,,47,32,35,,,,,400,41.5
2023,24527,18,,2,22,62,,,,,400,26
2023,24147,39,,60,26,80,,,,,400,51.25
2023,24492,15,,51,30,44,,,,,400,35
2023,24247,68,,58,20,49,,,,,400,48.75
2023,24213,38,,17,25,45,,,,,400,31.25
2023,24582,-15,,65,25,40,,,,,400,28.75
2023,24179,41,,19,30,60,,,,,400,37.5
2023,24261,50,,40,40,30,,,,,400,40
2023,24569,41,,30,20,55,,,,,400,36.5
2023,24032,30,,50,40,70,,,,,400,47.5
2023,24495,85,,36,21,52,,,,,400,48.5
2023,24058,43,,40,50,55,,,,,400,47
2023,24466,48,,55,45,70,,,,,400,54.5
2023,24062,88,,47,25,62,,,,,400,55.5
2023,24518,2,,7,27,34,,,,,400,17.5
2023,24128,70,,40,35,50,,,,,400,48.75
2023,24078,59,,50,45,75,,,,,400,57.25
2023,24225,10,,50,30,60,,,,,400,37.5
2023,24485,30,,40,20,75,,,,,400,41.25
2023,24290,85,,15,25,50,,,,,400,43.75
2023,24246,115,,75,60,65,,,,,400,78.75
2023,24232,46,,60,25,80,,,,,400,52.75
2023,24046,72,,45,30,51,,,,,400,49.5
2023,24488,80,,25,25,55,,,,,400,46.25
2023,24470,80,,45,45,55,,,,,400,56.25
2023,24047,80,,20,50,65,,,,,400,53.75
2023,24560,0,,35,30,60,,,,,400,31.25
2023,24549,70,,31,22,56,,,,,400,44.75
2023,24129,34,,60,46,36,,,,,400,44
2023,24562,10,,15,30,55,,,,,400,27.5
2023,24183,-10,,30,15,35,,,,,400,17.5
2023,24227,10,,60,40,45,,,,,400,38.75
2023,24109,68,,6,37,46,,,,,400,39.25
2023,24138,76,,14,47,39,,,,,400,44
2023,24534,92,,60,10,40,,,,,400,50.5
2023,24514,21,,4,13,32,,,,,400,17.5
2023,24361,82,,33,37,59,,,,,400,52.75
2023,24540,41,,65,40,50,,,,,400,49
2023,24276,87,,50,30,40,,,,,400,51.75
2023,24020,20,,50,43,55,,,,,400,42
2023,24202,66,,50,50,65,,,,,400,57.75
2023,24342,85,,46,11,56,,,,,400,49.5
2023,24243,69,,29,55,35,,,,,400,47
2023,23997,35,,50,35,20,,,,,400,35
2023,24151,51,,42,20,85,,,,,400,49.5
2023,24592,55,,15,25,55,,,,,400,37.5
2023,24547,15,,9,0,25,,,,,400,12.25
2023,24528,60,,45,35,75,,,,,400,53.75
2023,24255,45,,55,40,50,,,,,400,47.5
2023,24535,36,,49,25,48,,,,,400,39.5
2023,24533,15,,35,25,45,,,,,400,30
2023,24155,105,,40,40,60,,,,,400,61.25
2023,24098,88,,45,45,50,,,,,400,57
2023,24416,26,,28,35,49,,,,,400,34.5
2023,24266,110,,50,40,45,,,,,400,61.25
2023,24012,-15,,5,20,20,,,,,400,7.5
2023,24530,40,,60,36,45,,,,,400,45.25
2023,24594,25,,15,40,55,,,,,400,33.75
2024,26288,48,,54,60,,96,56,56,80,1000,45
2024,26334,36,,42,36,,80,80,56,40,1000,37
2024,26440,54,,78,78,,72,64,96,56,1000,49.8
2024,26501,48,,90,72,,120,104,112,64,1000,61
2024,26570,18,,54,54,,64,104,104,40,1000,43.8
2024,26321,72,,36,78,,104,128,104,64,1000,58.6
2024,26320,84,,78,84,,104,72,112,96,1000,63
2024,26523,30,,48,12,,72,80,72,72,1000,38.6
2024,26533,24,,48,96,,104,80,80,40,1000,47.2
2024,26524,24,,36,72,,80,96,96,64,1000,46.8
2024,26454,72,,36,72,,88,80,104,72,1000,52.4
2024,26348,18,,96,60,,64,96,104,32,1000,47
2024,26388,72,,96,96,,80,80,120,104,1000,64.8
2024,26386,18,,30,78,,80,96,128,56,1000,48.6
2024,26562,36,,42,78,,96,96,64,72,1000,48.4
2024,26594,54,,72,90,,88,120,104,64,1000,59.2
2024,26283,42,,54,54,,72,112,96,56,1000,48.6
2024,26338,42,,102,60,,80,80,80,112,1000,55.6
2024,26442,72,,78,24,,112,56,32,104,1000,47.8
2024,26449,42,,18,42,,56,48,48,16,1000,
2024,26455,42,,102,84,,88,72,72,88,1000,54.8
2024,26560,24,,66,66,,48,96,112,48,1000,46
2024,26426,18,,54,54,,120,128,120,64,1000,55.8
2024,26590,90,,78,72,,104,80,104,96,1000,62.4
2024,26578,42,,18,54,,88,80,96,88,1000,46.6
2024,26434,36,,66,48,,128,112,96,64,1000,55
2024,26296,42,,42,42,,136,96,64,112,1000,53.4
2024,26370,60,,114,78,,56,64,120,48,1000,54
2024,26628,90,,54,60,,80,88,104,120,1000,59.6
2022,23016,42,30,7.5,10.5,8,,,,,212,46.23
2022,22760,39,42,3,10.5,14,,,,,212,51.18
2024,26325,30,,66,72,,80,104,72,40,1000,46.4
2024,26287,48,,78,24,,88,88,112,56,1000,49.4
2024,26511,30,,42,90,,96,80,64,72,1000,47.4
2024,26554,54,,18,84,,96,104,80,80,1000,51.6
2024,26642,36,,36,42,,128,104,96,88,1000,53
2024,26337,54,,108,102,,72,72,72,88,1000,56.8
2024,26518,30,,36,36,,80,112,104,48,1000,44.6
2024,26336,48,,72,54,,80,128,80,104,1000,56.6
2024,26389,24,,78,96,,88,88,72,48,1000,49.4
2024,26381,18,,60,66,,72,96,72,48,1000,43.2
2024,26392,18,,60,42,,128,104,104,40,1000,49.6
2024,26393,60,,72,72,,136,112,48,104,1000,60.4
2024,26397,114,,108,66,,136,96,96,144,1000,76
2024,26405,6,,60,54,,88,96,88,88,1000,48
2024,26409,66,,84,42,,88,88,104,112,1000,58.4
2024,26319,42,,54,66,,80,96,56,72,1000,46.6
2024,26579,36,,48,54,,136,96,120,56,1000,54.6
2024,26360,30,,60,84,,72,112,72,32,1000,46.2
2024,26308,42,,96,72,,96,72,88,72,1000,53.8
2024,26445,60,,84,90,,120,64,96,72,1000,58.6
2024,26676,48,,84,108,,40,96,80,80,1000,53.6
2024,26417,48,,30,60,,128,112,136,88,1000,60.2
2024,26453,36,,12,78,,88,128,104,80,1000,52.6
2024,26516,36,,18,36,,64,72,48,64,1000,33.8
2024,26630,36,,60,78,,80,104,96,72,1000,52.6
2024,26575,36,,114,84,,96,112,64,80,1000,58.6
2024,26305,54,,90,66,,136,104,80,88,1000,61.8
2024,26345,66,,48,72,,56,104,72,64,1000,48.2
2024,26637,78,,108,78,,72,120,120,72,1000,64.8
2024,26424,66,,36,84,,64,104,104,72,1000,53
2024,26379,42,,90,84,,80,96,104,48,1000,54.4
2024,26497,78,,24,72,,112,120,64,104,1000,57.4
2024,26493,60,,42,102,,120,112,120,104,1000,66
2024,26430,48,,90,84,,96,96,72,104,1000,59
2024,26433,54,,66,24,,112,96,96,80,1000,52.8
2024,26521,36,,54,72,,112,112,88,40,1000,51.4
2024,26658,18,,60,54,,64,80,96,64,1000,43.6
2024,26324,60,,42,78,,64,112,88,96,1000,54
2024,26366,66,,78,60,,72,104,96,96,1000,57.2
2024,26708,54,,48,48,,136,136,120,72,1000,61.4
2024,26470,84,,96,90,,72,120,64,80,1000,60.6
2024,26490,60,,48,72,,120,88,80,88,1000,55.6
2024,26573,60,,102,84,,64,64,96,80,1000,55
2024,26473,60,,30,36,,48,96,88,128,1000,48.6
2024,26663,48,,66,72,,72,104,64,80,1000,50.6
2024,26568,24,,48,42,,64,112,88,40,1000,41.8
2024,26294,48,,30,54,,80,88,80,48,1000,42.8
2024,26380,18,,42,72,,80,104,96,24,1000,43.6
2024,26355,36,,84,84,,48,104,104,88,1000,54.8
2024,26300,60,,78,72,,96,96,112,112,1000,62.6
2024,26666,6,,96,66,,64,88,120,104,1000,54.4
2024,26306,66,,72,78,,96,112,104,104,1000,63.2
2024,26450,48,,90,72,,56,80,96,40,1000,48.2
2024,26347,72,,78,102,,104,96,144,80,1000,67.6
2024,26368,18,,84,72,,72,88,72,80,1000,48.6
2024,26482,36,,84,78,,120,72,112,32,1000,53.4
2024,26500,54,,102,72,,112,96,128,72,1000,63.6
2024,26396,48,,54,78,,56,88,88,56,1000,46.8
2024,26692,78,,48,60,,80,64,72,104,1000,50.6
2024,26448,42,,72,60,,128,104,120,64,1000,59
2024,26459,24,,66,54,,112,96,96,88,1000,53.6
2024,26461,30,,60,78,,96,96,104,48,1000,51.2
2024,26478,72,,96,78,,112,104,64,64,1000,59
2024,26662,60,,78,78,,96,112,104,80,1000,60.8
2024,26513,48,,66,84,,120,80,80,96,1000,57.4
2024,26690,12,,30,36,,80,104,88,48,1000,39.8
2024,26526,48,,66,60,,96,88,80,64,1000,50.2
2024,26701,42,,72,78,,72,104,88,56,1000,51.2
2024,26447,78,,108,78,,72,72,96,64,1000,56.8
2024,26506,66,,96,102,,88,80,64,104,1000,60
2024,26401,36,,66,54,,112,88,96,64,1000,51.6
2024,26617,72,,84,84,,56,88,88,80,1000,55.2
2024,26596,72,,48,60,,136,136,112,80,1000,64.4
2024,26681,78,,84,78,,144,80,104,104,1000,67.2
2024,26702,84,,30,42,,128,120,104,112,1000,62
2024,26492,36,,18,30,,120,96,112,104,1000,51.6
2024,26399,42,,66,66,,112,112,104,136,1000,63.8
2024,26706,30,,60,66,,72,112,96,32,1000,46.8
2024,26378,12,,48,48,,72,96,96,72,1000,44.4
2024,26532,12,,54,42,,112,56,104,64,1000,44.4
2024,26284,48,,54,54,,104,96,88,80,1000,52.4
2024,26576,48,,6,60,,112,104,72,112,1000,51.4
2024,26469,36,,102,66,,72,96,120,72,1000,56.4
2024,26479,84,,78,96,,96,112,120,80,1000,66.6
2024,26485,84,,42,42,,64,56,80,104,1000,47.2
2024,26486,54,,96,78,,112,96,88,80,1000,60.4
2024,26489,18,,18,24,,56,56,48,40,1000,26
2024,26499,0,,30,60,,48,96,40,32,1000,30.6
2024,26502,18,,6,30,,80,104,80,40,1000,35.8
2024,26508,30,,60,54,,56,88,104,24,1000,41.6
2024,26367,102,,66,48,,64,88,64,64,1000,49.6
2024,26404,12,,48,108,,88,88,120,48,1000,51.2
2024,26639,96,,54,18,,56,80,64,128,1000,49.6
2024,26277,72,,96,66,,120,88,96,80,1000,61.8
2024,26641,42,,84,66,,96,120,112,104,1000,62.4
2024,26561,48,,90,66,,104,120,128,96,1000,65.2
2024,26273,72,,30,84,,80,96,72,128,1000,56.2
2024,26391,84,,114,72,,104,104,80,120,1000,67.8
2024,26659,24,,72,66,,64,88,104,56,1000,47.4
2024,26425,30,,72,78,,104,120,80,56,1000,54
2024,26607,54,,42,54,,96,104,96,64,1000,51
2024,26309,12,,30,48,,72,104,120,56,1000,44.2
2024,26494,60,,42,60,,104,88,88,72,1000,51.4
2024,26435,18,,102,84,,136,104,96,96,1000,63.6
2024,26648,30,,24,30,,64,64,72,48,1000,33.2
2024,26605,114,,90,84,,128,136,144,152,1000,84.8
2024,26572,48,,18,12,,48,64,80,88,1000,35.8
2024,26327,48,,66,18,,96,96,112,96,1000,53.2
2024,26598,18,,84,96,,80,120,96,40,1000,53.4
2024,26446,36,,18,36,,120,96,80,56,1000,44.2
2024,26346,60,,48,48,,88,88,72,88,1000,49.2
2024,26356,42,,102,72,,96,96,104,64,1000,57.6
2024,26295,72,,90,84,,88,96,104,48,1000,58.2
2024,26675,78,,102,90,,56,120,72,120,1000,63.8
2024,26278,6,,30,72,,104,104,104,64,1000,48.4
2024,26444,78,,96,84,,72,72,96,64,1000,56.2
2024,26352,60,,108,72,,80,56,80,80,1000,53.6
2024,26436,42,,54,30,,88,112,88,40,1000,45.4
2024,26591,72,,60,72,,80,104,136,112,1000,63.6
2024,26423,72,,96,84,,104,88,64,120,1000,62.8
2024,26566,60,,102,54,,88,96,80,88,1000,56.8
2024,26467,42,,66,78,,80,64,112,48,1000,49
2024,26634,18,,18,54,,64,80,72,48,1000,35.4
2024,26550,12,,96,48,,96,88,104,80,1000,52.4
2024,26427,54,,48,84,,104,104,96,72,1000,56.2
2024,26387,54,,78,78,,96,96,136,72,1000,61
2024,26414,72,,18,60,,112,136,96,80,1000,57.4
2024,26680,54,,114,60,,104,80,80,96,1000,58.8
2024,26395,72,,48,60,,120,96,56,64,1000,51.6
2024,26609,66,,36,90,,104,80,128,72,1000,57.6
2024,26335,78,,102,78,,112,128,112,112,1000,72.2
2024,26529,72,,72,42,,88,112,104,72,1000,56.2
2024,26711,54,,60,48,,72,104,56,40,1000,43.4
2024,26281,48,,96,96,,136,120,104,56,1000,65.6
2024,26498,54,,60,72,,104,144,96,112,1000,64.2
2024,26704,42,,36,42,,64,104,80,72,1000,44
2024,26670,78,,84,72,,80,104,80,32,1000,53
2024,26519,12,,30,60,,56,104,104,40,1000,40.6
2024,26323,54,,96,72,,128,104,112,64,1000,63
2024,26507,36,,54,96,,80,112,72,64,1000,51.4
2024,26691,0,,12,12,,80,64,96,48,1000,31.2
2024,26589,36,,48,24,,88,80,80,88,1000,44.4
2024,26665,78,,90,90,,128,112,80,88,1000,66.6
2024,26624,30,,42,78,,128,120,120,48,1000,56.6
2024,26623,42,,72,78,,80,64,56,80,1000,47.2
2024,26354,30,,54,90,,80,120,136,48,1000,55.8
2024,26488,102,,66,54,,56,80,64,120,1000,54.2
2024,26340,12,,60,66,,96,40,88,80,1000,44.2
2024,26515,72,,60,96,,144,112,104,80,1000,66.8
2024,26275,30,,72,90,,104,136,136,144,1000,71.2
2024,26504,36,,78,54,,72,96,80,64,1000,48
2024,26476,18,,36,78,,56,64,80,24,1000,35.6
2024,26331,18,,42,60,,104,112,104,96,1000,53.6
2024,26286,24,,66,54,,104,120,128,120,1000,61.6
2024,26394,18,,24,48,,72,72,96,72,1000,40.2
2024,26559,36,,60,96,,64,88,80,40,1000,46.4
2024,26652,66,,72,30,,80,96,80,40,1000,46.4
2024,26313,84,,102,72,,128,96,88,104,1000,67.4
2024,26597,36,,84,54,,48,96,88,32,1000,43.8
2024,26326,42,,90,72,,88,112,88,64,1000,55.6
2024,26608,120,,102,72,,104,96,112,120,1000,72.6
2024,26525,12,,30,48,,80,128,104,72,1000,47.4
2024,26483,72,,24,60,,112,64,104,88,1000,52.4
2024,26580,42,,30,60,,112,80,72,128,1000,52.4
2024,26407,66,,60,66,,112,128,112,128,1000,67.2
2024,26372,102,,30,18,,96,64,56,136,1000,50.2
2024,26297,30,,96,90,,88,104,64,56,1000,52.8
2024,26456,36,,84,42,,80,104,104,64,1000,51.4
2024,26343,48,,54,78,,120,96,96,64,1000,55.6
2024,26697,48,,18,66,,112,136,96,96,1000,57.2
2024,26364,60,,72,60,,72,88,96,48,1000,49.6
2024,26552,36,,60,66,,88,112,120,40,1000,52.2
2024,26475,30,,60,84,,56,104,104,56,1000,49.4
2024,26330,30,,24,72,,96,128,104,24,1000,47.8
2024,26615,90,,108,90,,128,128,128,120,1000,79.2
2024,26551,30,,36,42,,64,96,88,64,1000,42
2024,26465,60,,30,72,,96,88,104,104,1000,55.4
2024,26703,48,,42,72,,152,120,96,88,1000,61.8
2024,26643,30,,78,66,,64,88,64,80,1000,47
2024,26303,78,,18,42,,72,80,72,104,1000,46.6
2024,26480,72,,72,54,,112,96,112,104,1000,62.2
2024,26584,108,,60,12,,64,104,96,136,1000,58
2024,26481,30,,36,54,,56,112,104,56,1000,44.8
2024,26382,54,,90,78,,112,112,104,72,1000,62.2
2024,26437,48,,36,66,,112,80,112,120,1000,57.4
2024,26632,60,,90,66,,96,96,48,88,1000,54.4
2024,26344,42,,60,78,,72,120,88,80,1000,54
2024,26540,48,,54,72,,96,72,72,48,1000,46.2
2024,26710,60,,24,90,,120,120,112,40,1000,56.6
2024,26600,36,,30,24,,48,64,88,40,1000,33
2024,26468,60,,102,84,,112,88,88,120,1000,65.4
2024,26299,42,,90,66,,64,120,120,72,1000,57.4
2024,26358,48,,96,72,,88,112,64,112,1000,59.2
2024,26460,18,,60,78,,112,104,88,96,1000,55.6
2024,26543,36,,102,78,,88,104,64,64,1000,53.6
2024,26285,48,,48,66,,56,72,64,120,1000,47.4
2024,26592,66,,42,36,,96,80,96,80,1000,49.6
2024,26564,60,,72,78,,96,104,104,80,1000,59.4
2024,26383,66,,102,78,,80,64,56,128,1000,57.4
2024,26274,42,,102,78,,112,88,64,64,1000,55
2024,26471,24,,96,96,,104,96,112,88,1000,61.6
2024,26342,66,,24,60,,120,96,88,80,1000,53.4
2024,26438,48,,54,78,,72,96,80,72,1000,50
2024,26359,36,,78,66,,80,56,128,88,1000,53.2
2024,26280,0,,18,18,,72,88,80,48,1000,32.4
2024,26565,90,,84,72,,128,112,104,88,1000,67.8
2024,26720,42,,6,30,,24,72,64,32,1000,27
2024,26302,72,,36,66,,96,112,128,112,1000,62.2
2024,26531,54,,84,102,,88,96,96,64,1000,58.4
2024,26402,30,,48,84,,72,88,88,64,1000,47.4
2024,26350,90,,24,78,,120,136,136,136,1000,72
2024,26357,30,,30,48,,104,96,96,88,1000,49.2
2024,26353,36,,6,66,,112,104,104,88,1000,51.6
2024,26463,54,,60,78,,64,128,88,32,1000,50.4
2024,26556,72,,60,84,,120,128,80,88,1000,63.2
2024,26673,36,,72,48,,48,88,88,96,1000,47.6
2024,26705,42,,60,54,,80,112,112,56,1000,51.6
2024,26282,84,,60,84,,120,96,96,64,1000,60.4
2024,26428,90,,102,84,,88,96,104,104,1000,66.8
2024,26415,30,,72,48,,72,72,88,64,1000,44.6
2024,26339,72,,90,84,,96,112,72,80,1000,60.6
2024,26363,36,,48,18,,96,48,40,32,1000,31.8
2024,26553,18,,48,78,,88,112,88,120,1000,55.2
2024,26398,72,,60,54,,112,96,80,152,1000,62.6
2024,26349,48,,66,78,,136,136,112,72,1000,64.8
2024,26373,72,,30,42,,80,104,88,48,1000,46.4
2024,26322,48,,66,54,,64,120,104,88,1000,54.4
2024,26384,12,,78,24,,64,72,48,64,1000,36.2
2024,26510,18,,48,78,,80,96,96,8,1000,42.4
2024,26307,30,,12,48,,96,64,56,24,1000,33
2024,26633,90,,102,78,,152,112,56,64,1000,65.4
2024,26291,18,,66,54,,96,104,104,112,1000,55.4
2024,26293,48,,102,84,,136,88,72,56,1000,58.6
2024,26557,36,,18,66,,88,96,80,160,1000,54.4
2024,26422,36,,48,60,,64,88,104,80,1000,48
2024,26614,36,,48,90,,80,104,104,64,1000,52.6
2024,26419,60,,24,30,,104,88,88,128,1000,52.2
2024,26534,48,,24,96,,64,128,112,32,1000,50.4
2024,26317,18,,36,78,,72,80,120,104,1000,50.8
2024,26341,18,,66,96,,80,112,112,32,1000,51.6
2024,26631,72,,54,90,,136,88,112,96,1000,64.8
2024,26361,72,,30,60,,96,104,80,40,1000,48.2
2024,26610,78,,54,72,,104,104,112,128,1000,65.2
2024,26316,24,,36,78,,64,112,104,72,1000,49
2024,26496,48,,66,72,,96,88,64,56,1000,49
2024,26301,54,,54,72,,104,96,80,72,1000,53.2
2024,26625,24,,24,48,,96,88,80,96,1000,45.6
2024,26484,84,,72,90,,72,104,104,96,1000,62.2
2024,26613,54,,96,48,,128,104,96,120,1000,64.6
2024,26687,36,,30,30,,96,56,40,48,1000,33.6
2024,26452,18,,18,36,,80,104,80,88,1000,42.4
2024,26682,60,,72,84,,88,96,40,72,1000,51.2
2024,26374,30,,60,102,,88,80,72,64,1000,49.6
2024,26527,42,,42,66,,112,104,104,64,1000,53.4
2024,26699,84,,54,90,,112,104,88,96,1000,62.8
2024,26441,54,,90,60,,64,104,104,96,1000,57.2
2024,26649,48,,102,66,,96,104,80,120,1000,61.6
2024,26585,18,,54,48,,112,120,120,88,1000,56
2024,26603,48,,48,60,,56,128,64,56,1000,46
2024,26577,54,,54,66,,96,88,88,56,1000,50.2
2024,26622,42,,84,72,,40,88,96,48,1000,47
2024,26664,36,,66,66,,112,88,112,72,1000,55.2
2024,26672,48,,72,96,,104,120,88,56,1000,58.4
2024,26674,84,,102,24,,104,80,88,48,1000,53
2024,26650,24,,42,54,,56,96,112,40,1000,42.4
2024,26539,42,,90,96,,104,64,80,80,1000,55.6
2024,26581,24,,12,36,,48,48,56,40,1000,26.4
2024,26583,60,,24,78,,96,120,80,104,1000,56.2
2024,26593,48,,78,66,,96,96,104,72,1000,56
2024,26612,54,,102,96,,128,104,104,96,1000,68.4
2024,26620,42,,66,84,,80,128,72,72,1000,54.4
2024,26635,66,,84,60,,88,120,56,80,1000,55.4
2024,26582,60,,72,84,,120,112,64,88,1000,60
2024,26595,42,,18,42,,112,96,112,72,1000,49.4
2024,26646,72,,72,60,,80,80,112,88,1000,56.4
2024,26684,60,,84,78,,80,88,96,104,1000,59
2024,26698,24,,54,42,,88,128,64,40,1000,44
2024,26547,48,,78,78,,128,104,104,32,1000,57.2
2024,26683,96,,78,48,,72,88,80,88,1000,55
2024,26693,6,,0,0,,80,80,112,64,1000,34.2
2024,26549,36,,96,66,,88,72,80,80,1000,51.8
2024,26695,30,,90,0,,48,104,32,0,1000,30.4
2024,26714,54,,84,60,,88,80,72,48,1000,48.6
2024,26713,66,,72,60,,112,104,88,96,1000,59.8
2024,26520,54,,42,54,,128,104,136,96,1000,61.4
2024,26537,54,,42,78,,112,112,104,16,1000,51.8
2024,26538,24,,24,24,,48,48,88,40,1000,29.6
2024,26541,72,,102,84,,96,88,88,120,1000,65
2024,26717,30,,54,66,,104,112,72,88,1000,52.6
2024,26587,84,,30,48,,88,112,96,120,1000,57.8
2024,26599,90,,84,90,,40,64,72,24,1000,46.4
2024,26653,90,,108,42,,144,96,104,80,1000,66.4
2024,26654,66,,96,84,,96,112,112,128,1000,69.4
2024,26655,30,,84,84,,120,80,88,96,1000,58.2
2024,26574,60,,108,48,,64,104,56,72,1000,51.2
2024,26586,12,,48,90,,64,120,120,72,1000,52.6
2024,26626,60,,102,72,,96,112,72,56,1000,57
2024,26636,30,,36,90,,88,128,80,40,1000,49.2
2024,26651,42,,102,90,,104,88,48,56,1000,53
2024,26668,18,,18,30,,96,80,80,40,1000,36.2
2024,26669,24,,72,48,,72,80,96,144,1000,53.6
2024,26671,66,,42,60,,64,112,120,64,1000,52.8
2024,26536,78,,102,78,,72,72,80,104,1000,58.6
2024,26546,48,,102,54,,104,80,120,88,1000,59.6
2024,26716,12,,24,30,,120,104,88,128,1000,50.6
2024,26679,84,,72,72,,104,96,96,104,1000,62.8
2024,26719,30,,42,66,,72,96,72,80,1000,45.8
2024,26616,18,,66,102,,72,112,112,48,1000,53
2024,26709,36,,48,36,,96,72,80,80,1000,44.8
2024,26725,30,,60,60,,112,88,72,40,1000,46.2
2024,26700,48,,60,66,,104,72,104,48,1000,50.2
2024,26688,18,,66,66,,88,104,128,56,1000,52.6
2025,28859,30,,48,78,,56,80,64,56,1000,41.2
2025,28863,78,,120,114,,104,136,112,144,1000,80.8
2025,28864,36,,30,48,,88,72,80,96,1000,45
2025,28868,60,,108,84,,104,112,64,112,1000,64.4
2025,28877,42,,78,90,,88,112,112,64,1000,58.6
2025,28789,66,,114,120,,112,128,112,144,1000,79.6
2025,28880,96,,120,120,,120,88,144,88,1000,77.6
2025,28886,36,,102,114,,96,136,96,72,1000,65.2
2025,28888,30,,90,96,,80,112,120,72,1000,60
2025,28893,36,,42,66,,112,128,96,64,1000,54.4
2025,28902,42,,66,54,,80,112,80,48,1000,48.2
2025,28843,36,,102,102,,96,104,120,32,1000,59.2
2025,28654,30,,42,72,,112,120,88,72,1000,53.6
2025,29095,0,,18,54,,136,96,80,72,1000,45.6
2025,28970,54,,18,96,,104,104,104,96,1000,57.6
2025,28735,24,,12,66,,96,128,120,64,1000,51
2025,28923,18,,24,108,,104,120,104,64,1000,54.2
2025,28871,108,,90,102,,64,96,120,160,1000,74
2025,29077,30,,48,90,,64,96,88,56,1000,47.2
2025,29075,66,,42,60,,64,88,48,88,1000,45.6
2025,28710,66,,102,102,,48,96,56,96,1000,56.6
2025,29048,36,,60,60,,40,88,72,32,1000,38.8
2025,28776,60,,78,78,,112,112,64,96,1000,60
2025,28651,30,,12,54,,120,64,72,24,1000,37.6
2025,28679,102,,108,120,,96,120,128,144,1000,81.8
2025,28874,42,,84,66,,72,64,128,96,1000,55.2
2025,28849,30,,78,90,,120,88,96,48,1000,55
2025,28670,24,,60,108,,112,96,88,48,1000,53.6
2025,28989,90,,114,102,,96,96,112,104,1000,71.4
2025,28828,24,,18,54,,104,136,72,64,1000,47.2
2025,28905,36,,48,72,,24,64,88,40,1000,37.2
2025,28909,78,,66,114,,64,80,96,88,1000,58.6
2025,28911,66,,36,90,,112,120,72,120,1000,61.6
2025,28914,30,,12,90,,120,104,80,48,1000,48.4
2025,28916,60,,96,90,,96,128,88,80,1000,63.8
2025,28921,18,,30,54,,40,64,48,48,1000,30.2
2025,28924,78,,36,78,,72,112,80,144,1000,60
2025,28928,72,,108,96,,136,128,112,136,1000,78.8
2025,28931,66,,84,102,,104,56,104,56,1000,57.2
2025,28933,96,,102,96,,64,96,104,128,1000,68.6
2025,28934,30,,84,60,,24,80,56,24,1000,35.8
2025,28936,102,,120,120,,152,104,120,128,1000,84.6
2025,28837,54,,48,42,,112,120,88,104,1000,56.8
2025,28760,60,,114,84,,120,88,88,64,1000,61.8
2025,28803,24,,36,72,,104,104,88,64,1000,49.2
2025,28655,66,,30,66,,104,120,104,96,1000,58.6
2025,29066,36,,48,84,,64,80,88,64,1000,46.4
2025,28870,18,,48,78,,80,64,40,48,1000,37.6
2025,28899,36,,78,78,,120,96,112,64,1000,58.4
2025,28826,12,,66,84,,104,104,88,40,1000,49.8
2025,28952,24,,36,54,,88,80,56,40,1000,37.8
2025,28741,24,,78,102,,104,128,96,64,1000,59.6
2025,28906,42,,54,84,,128,120,112,88,1000,62.8
2025,28756,72,,120,114,,88,96,136,104,1000,73
2025,28790,12,,30,72,,104,96,80,72,1000,46.6
2025,28894,90,,114,108,,112,88,104,136,1000,75.2
2025,29033,42,,90,96,,72,80,96,48,1000,52.4
2025,28754,66,,30,78,,120,88,88,120,1000,59
2025,28687,30,,12,66,,64,104,80,80,1000,43.6
2025,28938,42,,30,90,,104,72,72,80,1000,49
2025,28937,60,,108,48,,120,88,80,120,1000,62.4
2025,28949,90,,90,102,,136,88,96,144,1000,74.6
2025,28980,78,,84,84,,88,56,96,104,1000,59
2025,28985,60,,72,108,,88,112,120,96,1000,65.6
2025,28988,78,,114,114,,80,112,128,88,1000,71.4
2025,28994,102,,108,72,,128,96,48,48,1000,60.2
2025,28996,78,,114,108,,64,112,72,112,1000,66
2025,29006,90,,78,36,,88,96,152,128,1000,66.8
2025,29009,60,,84,78,,88,64,104,112,1000,59
2025,29010,36,,12,96,,72,112,112,64,1000,50.4
2025,29014,72,,96,114,,96,56,72,72,1000,57.8
2025,28717,60,,90,96,,144,112,112,128,1000,74.2
2025,28695,90,,60,84,,80,64,40,136,1000,55.4
2025,28751,78,,54,78,,64,72,88,104,1000,53.8
2025,29068,24,,30,78,,96,96,80,80,1000,48.4
2025,28910,24,,54,48,,56,88,64,56,1000,39
2025,29070,12,,36,108,,48,64,64,136,1000,46.8
2025,28867,72,,102,84,,56,128,104,80,1000,62.6
2025,29099,36,,30,96,,64,112,104,64,1000,50.6
2025,28858,24,,36,42,,72,64,32,40,1000,31
2025,28738,60,,66,90,,56,128,88,136,1000,62.4
2025,28966,18,,84,90,,72,96,88,48,1000,49.6
2025,28935,48,,18,66,,104,104,48,104,1000,49.2
2025,28964,12,,72,90,,88,96,56,64,1000,47.8
2025,28941,78,,120,114,,80,104,120,136,1000,75.2
2025,28777,12,,72,78,,96,112,88,32,1000,49
2025,28686,54,,120,114,,80,120,112,88,1000,68.8
2025,28835,48,,42,96,,80,120,72,56,1000,51.4
2025,28782,96,,102,108,,120,112,104,120,1000,76.2
2025,28774,90,,96,108,,128,40,64,128,1000,65.4
2025,28694,18,,84,96,,128,104,88,112,1000,63
2025,28866,36,,108,90,,72,80,80,104,1000,57
2025,28755,84,,30,90,,64,104,96,88,1000,55.6
2025,29020,84,,114,120,,136,96,96,152,1000,79.8
2025,29021,36,,54,90,,96,80,80,112,1000,54.8
2025,29026,72,,60,96,,104,88,96,112,1000,62.8
2025,29030,36,,18,66,,104,80,64,8,1000,37.6
2025,29032,48,,108,108,,72,88,80,40,1000,54.4
2025,29038,102,,84,96,,128,96,80,120,1000,70.6
2025,29041,90,,114,114,,104,88,128,112,1000,75
2025,29049,12,,36,78,,120,96,72,56,1000,47
2025,29054,60,,48,84,,88,96,72,56,1000,50.4
2025,29057,48,,48,90,,112,120,104,112,1000,57.6
2025,29064,30,,90,78,,104,96,96,48,1000,54.2
2025,28727,30,,54,60,,88,96,80,40,1000,44.8
2025,28682,96,,108,120,,120,144,120,96,1000,80.4
2025,28665,54,,78,66,,88,80,104,96,1000,56.6
2025,28743,96,,96,120,,96,112,120,120,1000,76
2025,28861,18,,72,96,,112,128,96,120,1000,64.2
2025,29005,18,,24,42,,88,80,24,40,1000,31.6
2025,29087,84,,66,60,,48,72,56,120,1000,50.6
2025,29086,0,,6,90,,136,128,128,104,1000,59.2
2025,28932,0,,0,0,,128,120,144,80,1000,47.2
2025,29096,42,,42,48,,104,120,72,80,1000,50.8
2025,29028,72,,96,108,,80,80,136,88,1000,66
2025,28892,54,,114,108,,80,56,104,128,1000,64.4
2025,28883,90,,96,120,,88,136,128,152,1000,81
2025,28775,102,,114,114,,104,120,104,144,1000,80.2
2025,28975,54,,120,114,,96,104,136,120,1000,74.4
2025,28800,30,,36,102,,120,112,104,64,1000,56.8
2025,28673,84,,108,90,,80,128,88,144,1000,72.2
2025,28879,30,,84,96,,112,72,112,40,1000,54.6
2025,28818,66,,36,84,,96,72,120,80,1000,55.4
2025,29091,18,,30,78,,80,88,80,80,1000,45.4
2025,28703,24,,60,96,,120,80,64,24,1000,46.8
2025,28872,72,,108,96,,104,88,96,128,1000,69.2
2025,29065,18,,60,120,,120,96,88,56,1000,55.8
2025,29073,24,,48,90,,64,80,88,80,1000,47.4
2025,29079,0,,12,102,,136,96,88,112,1000,54.6
2025,29080,48,,18,66,,80,136,112,64,1000,52.4
2025,29081,12,,18,60,,96,64,80,104,1000,43.4
2025,29085,30,,72,96,,120,104,104,72,1000,59.8
2025,29088,24,,60,54,,104,88,80,32,1000,44.2
2025,29100,36,,42,72,,80,120,64,64,1000,47.8
2025,29101,72,,72,84,,64,72,88,80,1000,53.2
2025,28857,24,,30,96,,104,128,72,32,1000,48.6
2025,28819,0,,24,102,,104,88,88,144,1000,55
2025,28724,60,,108,114,,112,80,96,112,1000,68.2
2025,29092,42,,30,90,,96,112,64,32,1000,46.6
2025,28739,30,,84,84,,80,96,96,80,1000,55
2025,29102,30,,24,36,,8,56,72,40,1000,26.6
2025,28817,30,,102,90,,96,72,72,88,1000,55
2025,29024,84,,84,60,,40,48,40,120,1000,47.6
2025,28759,60,,48,96,,120,104,96,96,1000,62
2025,29013,96,,114,90,,104,64,88,88,1000,64.4
2025,28948,24,,84,72,,128,104,112,64,1000,58.8
2025,29025,60,,96,102,,96,112,96,80,1000,64.2
2025,29034,48,,102,102,,112,88,88,144,1000,68.4
2025,29035,24,,24,90,,120,104,64,88,1000,51.4
2025,29059,36,,48,78,,104,88,80,64,1000,49.8
2025,29074,42,,42,66,,64,72,80,80,1000,44.6
2025,28643,24,,30,66,,16,72,72,40,1000,32
2025,28900,30,,84,90,,112,136,144,80,1000,67.6
2025,28918,48,,60,84,,96,104,64,96,1000,55.2
2025,28855,36,,42,108,,88,120,88,104,1000,58.6
2025,28885,24,,78,78,,80,104,56,64,1000,48.4
2025,28940,12,,30,30,,32,48,24,40,1000,21.6
2025,28845,30,,96,90,,112,112,112,64,1000,61.6
2025,28781,108,,114,120,,104,128,120,104,1000,79.8
2025,28691,18,,18,36,,24,40,48,32,1000,21.6
2025,28992,96,,120,120,,128,128,96,88,1000,77.6
2025,29046,102,,90,90,,88,112,120,128,1000,73
2025,28729,54,,108,102,,128,64,88,144,1000,68.8
2025,28947,24,,24,96,,136,104,120,88,1000,59.2
2025,28953,36,,84,78,,88,112,120,48,1000,56.6
2025,28955,30,,36,102,,104,104,72,72,1000,52
2025,28956,30,,102,102,,128,112,88,64,1000,62.6
2025,28974,102,,102,84,,64,96,80,120,1000,64.8
2025,28981,42,,84,78,,112,96,96,72,1000,58
2025,28982,12,,36,90,,56,96,120,24,1000,43.4
2025,29043,30,,42,84,,80,112,128,72,1000,54.8
2025,29047,24,,48,66,,120,120,104,64,1000,54.6
2025,29071,36,,54,84,,80,104,88,56,1000,50.2
2025,28758,36,,90,78,,104,136,96,136,1000,67.6
2025,28671,36,,48,96,,104,120,96,56,1000,55.6
2025,28742,78,,114,114,,72,104,136,152,1000,77
2025,28749,42,,36,114,,88,112,104,104,1000,60
2025,28995,24,,42,72,,96,104,80,88,1000,50.6
2025,28962,48,,78,78,,72,104,88,56,1000,52.4
2025,28998,96,,114,120,,80,48,144,120,1000,72.2
2025,28984,12,,60,90,,128,96,64,56,1000,50.6
2025,28833,24,,12,60,,128,72,72,48,1000,64.4
2025,28657,48,,54,60,,64,80,72,64,1000,44.2
2025,29060,36,,36,84,,72,96,128,24,1000,47.6
2025,29055,18,,60,84,,80,112,112,40,1000,50.6
2025,28718,72,,108,114,,120,128,128,136,1000,80.6
2025,28675,0,,0,0,,136,112,128,96,1000,47.2
2025,28770,30,,84,84,,112,112,88,72,1000,58.2
2025,29062,30,,36,96,,112,88,88,88,1000,53.8
2025,28925,36,,54,42,,120,96,88,56,1000,49.2
2025,28929,24,,36,48,,40,48,80,48,1000,32.4
2025,28889,36,,30,78,,112,136,72,88,1000,55.2
2025,28851,60,,72,78,,104,88,96,104,1000,60.2
2025,28722,84,,114,120,,104,96,136,96,1000,75
2025,28850,24,,84,84,,56,72,56,40,1000,41.6
2025,28725,18,,108,96,,64,64,112,88,1000,55
2025,28991,24,,42,60,,56,104,128,32,1000,44.6
2025,28884,30,,114,90,,88,160,104,64,1000,65
2025,28792,30,,30,72,,120,104,80,24,1000,46
2025,28979,30,,102,102,,120,120,96,56,1000,62.6
2025,29089,30,,24,78,,96,104,80,72,1000,48.4
2025,28644,66,,90,90,,64,88,64,112,1000,57.4
2025,28716,42,,72,84,,104,88,88,64,1000,54.2
2025,29045,42,,114,102,,96,128,88,64,1000,63.4
2025,28834,30,,60,48,,136,104,88,96,1000,56.2
2025,28976,54,,102,114,,88,144,120,136,1000,75.8
2025,29061,36,,54,78,,136,72,80,56,1000,51.2
2025,28908,24,,36,84,,120,96,112,48,1000,52
2025,28811,18,,24,84,,72,104,48,48,1000,39.8
2025,28856,66,,72,78,,120,64,72,96,1000,56.8
2025,28945,18,,18,78,,120,104,112,80,1000,53
2025,28708,96,,96,84,,104,96,88,136,1000,70
2025,28990,36,,72,102,,120,80,104,80,1000,59.4
2025,28898,84,,108,120,,112,104,120,120,1000,76.8
2025,28653,60,,48,96,,112,88,88,120,1000,61.2
2025,29084,36,,36,84,,80,96,96,56,1000,48.4
2025,28667,72,,78,54,,32,88,104,120,1000,54.8
2025,28943,66,,72,102,,80,88,88,112,1000,60.8
2025,28810,30,,24,78,,64,64,88,24,1000,37.2
2025,28813,78,,84,66,,104,136,112,120,1000,70
2025,28688,84,,108,114,,80,104,120,112,1000,72.2
2025,29039,30,,36,66,,80,96,48,40,1000,39.6
2025,28875,0,,48,90,,88,96,96,40,1000,45.8
2025,28973,90,,120,120,,136,104,112,160,1000,84.2
2025,28809,96,,72,102,,144,96,80,136,1000,72.6
2025,29031,72,,66,84,,88,120,96,88,1000,61.4
2025,29004,30,,42,84,,120,72,96,88,1000,53.2
2025,28904,90,,108,96,,96,88,120,112,1000,71
2025,28844,90,,114,120,,120,136,112,136,1000,82.8
2025,28963,36,,72,84,,88,88,112,120,1000,60
2025,29078,30,,36,66,,96,96,88,104,1000,51.6
2025,29093,36,,36,90,,96,104,80,88,1000,53
2025,28804,42,,24,96,,128,72,120,88,1000,57
2025,28825,78,,114,120,,112,72,120,136,1000,75.2
2025,28795,84,,96,102,,112,120,96,136,1000,74.6
2025,28836,24,,36,54,,40,40,40,40,1000,27.4
2025,28656,90,,120,120,,120,120,128,112,1000,81
2025,28709,90,,114,72,,112,88,88,120,1000,68.4
2025,29050,42,,54,72,,112,88,64,88,1000,52
2025,28882,30,,54,102,,128,88,96,64,1000,56.2
2025,29007,24,,42,90,,88,72,112,136,1000,56.4
2025,28917,18,,96,66,,136,80,88,64,1000,54.8
2025,29042,30,,84,78,,128,104,128,56,1000,60.8
2025,28647,30,,72,114,,104,96,80,32,1000,52.8
2025,28677,90,,108,120,,112,144,120,144,1000,83.8
2025,28757,78,,114,114,,88,120,120,120,1000,75.4
2025,28773,36,,72,96,,112,128,112,56,1000,61.2
2025,28702,24,,72,102,,104,80,112,96,1000,59
2025,28887,36,,84,114,,72,104,104,152,1000,66.6
2025,29036,54,,24,66,,120,120,96,56,1000,53.6
2025,29069,30,,60,78,,40,80,48,48,1000,38.4
2025,29094,48,,36,90,,88,80,80,88,1000,51
2025,29056,42,,48,114,,72,104,104,56,1000,54
2025,28723,30,,54,90,,120,96,96,56,1000,54.2
2025,28820,36,,114,114,,112,96,144,128,1000,74.4
2025,28744,48,,96,120,,88,80,144,80,1000,65.6
2025,28780,90,,120,114,,88,80,136,104,1000,73.2
2025,28999,84,,120,114,,120,128,128,128,1000,82.2
2025,28778,18,,42,60,,64,88,80,48,1000,40
2025,28881,72,,48,18,,64,40,40,104,1000,38.6
2025,28930,66,,114,120,,72,104,128,88,1000,69.2
2025,28812,24,,72,96,,96,96,112,136,1000,63.2
2025,29098,30,,42,72,,72,80,80,72,1000,44.8
2025,29017,102,,96,96,,80,96,128,88,1000,68.6
2025,28865,66,,36,48,,128,72,80,112,1000,54.2
2025,28797,84,,102,96,,128,128,104,136,1000,77.8
2025,28784,6,,48,84,,80,112,96,40,1000,46.6
2025,28752,60,,36,96,,112,88,96,88,1000,57.6
2025,28672,60,,60,60,,64,80,56,120,1000,50
2025,28794,108,,120,114,,112,80,48,88,1000,67
2025,28987,42,,78,114,,96,120,104,80,1000,63.4
2025,28965,84,,84,72,,96,112,80,104,1000,63.2
2025,29016,78,,54,114,,64,88,64,96,1000,55.8
2025,28715,72,,78,84,,136,128,112,80,1000,69
2025,28983,42,,108,114,,88,64,72,72,1000,56
2025,28926,24,,60,90,,96,96,80,32,1000,47.8
2025,28968,30,,60,54,,64,56,104,40,1000,40.8
2025,28678,54,,66,90,,136,120,104,96,1000,66.6
2025,28896,12,,24,90,,96,104,72,16,1000,41.4
2025,28762,48,,72,84,,104,104,104,56,1000,57.2
2025,28791,30,,66,84,,120,88,56,56,1000,50
2025,28689,24,,6,54,,80,88,64,40,1000,35.6
2025,28645,84,,120,120,,88,104,96,80,1000,69.2
2025,29082,12,,60,72,,88,72,72,8,1000,38.4
2025,29053,72,,84,78,,104,112,120,72,1000,64.2
2025,28798,90,,114,120,,120,96,144,112,1000,79.6
2025,28912,18,,36,90,,72,88,96,80,1000,48
2025,28957,84,,108,90,,64,80,64,96,1000,58.6
2025,28700,12,,36,84,,80,120,64,8,1000,40.4
2025,28712,36,,78,48,,80,96,88,120,1000,54.6
2025,28734,42,,30,72,,96,72,40,40,1000,39.2
2025,28846,24,,84,96,,112,96,120,96,1000,62.8
2025,28726,102,,114,108,,104,88,88,88,1000,69.2
2025,28764,24,,48,90,,112,72,80,80,1000,50.6
2025,28690,66,,120,54,,72,96,48,64,1000,52
2025,28693,30,,36,102,,80,64,128,128,1000,56.8
2025,28815,18,,6,18,,24,40,64,32,1000,20.2
2025,28993,66,,114,114,,96,88,80,136,1000,69.4
2025,28954,30,,90,78,,72,96,72,64,1000,50.2
2025,28890,30,,12,78,,96,80,64,112,1000,47.2
2025,29052,24,,48,60,,120,104,72,72,1000,50
2025,28683,54,,84,78,,136,96,104,152,1000,70.4
2025,28939,24,,78,78,,120,144,120,88,1000,65.2
2025,29058,18,,36,90,,88,88,88,80,1000,48.8
2025,28950,54,,114,120,,96,80,112,96,1000,67.2
2025,28669,42,,18,114,,112,88,104,112,1000,59
2025,28730,72,,90,90,,104,104,112,72,1000,64.4
2025,28769,90,,120,120,,88,80,104,136,1000,73.8
2025,28720,36,,84,108,,128,136,128,112,1000,73.2
2025,28745,84,,90,54,,120,112,88,128,1000,67.6
2025,29011,78,,114,120,,96,80,72,144,1000,70.4
2025,28913,48,,42,90,,120,96,96,72,1000,56.4
2025,28823,36,,54,102,,72,104,136,48,1000,55.2
2025,29083,90,,66,42,,48,72,56,104,1000,47.8
2025,29051,30,,102,108,,96,112,120,64,1000,63.2
2025,28860,54,,114,96,,64,128,72,64,1000,59.2
2025,29018,24,,42,108,,120,96,88,104,1000,58.2
2025,28772,84,,120,120,,120,128,96,88,1000,75.6
2025,28728,24,,36,96,,104,128,64,56,1000,50.8
2025,29000,24,,96,78,,96,72,72,24,1000,46.2
2025,28862,66,,84,96,,112,88,120,112,1000,67.8
2025,28750,42,,60,102,,80,48,104,56,1000,49.2
2025,28869,30,,84,102,,96,96,88,32,1000,52.8
2025,28852,84,,90,102,,80,56,64,88,1000,56.4
2025,28971,24,,24,84,,80,96,72,64,1000,44.4
2025,28922,78,,102,90,,64,104,56,104,1000,59.8
2025,29027,90,,120,108,,88,136,112,152,1000,80.6
2025,28895,18,,90,90,,72,128,120,56,1000,57.4
2025,28701,42,,30,84,,88,96,112,88,1000,54
2025,28680,78,,48,90,,72,120,64,128,1000,60
2025,28674,48,,24,48,,88,56,48,104,1000,41.6
2025,28977,84,,36,60,,104,88,88,136,1000,59.6
2025,28831,54,,54,102,,128,88,88,80,1000,59.4
2025,28748,102,,108,120,,56,64,40,136,1000,62.6
2025,29040,84,,102,108,,96,96,72,136,1000,69.4
2025,28787,60,,114,78,,96,88,80,128,1000,64.4
2025,28959,36,,84,84,,104,136,120,96,1000,66
2025,28802,36,,78,66,,40,96,56,48,1000,42
2025,29067,36,,84,102,,96,80,112,16,1000,52.6
2025,28707,12,,72,96,,80,96,112,64,1000,53.2
2025,28847,60,,72,114,,128,96,144,96,1000,71
2025,28698,66,,48,66,,96,96,96,128,1000,59.6
2025,29072,6,,30,78,,80,80,96,56,1000,42.6
2025,29001,108,,114,120,,120,136,128,144,1000,87
2025,28646,60,,18,30,,72,72,88,88,1000,42.8
2025,28685,78,,120,120,,104,80,120,128,1000,75
2025,28830,108,,108,96,,88,80,112,128,1000,72
2025,28919,72,,90,114,,112,120,128,120,1000,75.6
2025,28873,84,,114,120,,96,112,136,112,1000,77.4
2025,28903,24,,90,78,,128,120,112,56,1000,60.8
2025,28978,6,,120,120,,80,120,136,80,1000,66.2
2025,28915,36,,78,78,,56,72,72,80,1000,47.2
2025,29003,84,,120,120,,104,104,120,88,1000,74
2025,28736,18,,18,84,,112,96,64,64,1000,45.6
2025,29029,84,,114,108,,96,128,160,144,1000,83.4
2025,28907,42,,36,90,,56,96,88,16,1000,42.4
2025,29015,42,,96,78,,56,104,88,96,1000,56
2025,28824,6,,12,84,,80,104,80,40,1000,40.6
2025,28753,90,,114,108,,136,136,88,144,1000,81.6
2025,28771,78,,120,120,,40,56,144,88,1000,64.6
2025,28785,12,,54,108,,96,104,96,64,1000,53.4
2025,28920,90,,96,108,,120,96,112,112,1000,73.4
2025,28779,72,,120,108,,96,112,112,48,1000,66.8
2025,29022,48,,84,96,,88,104,96,72,1000,58.8
2025,28732,48,,78,90,,112,112,96,112,1000,64.8
2025,28897,42,,30,66,,96,104,64,48,1000,45
2025,28927,78,,114,120,,128,120,120,136,1000,81.6
2025,29103,18,,66,90,,80,72,112,48,1000,48.6
2025,28946,42,,96,90,,80,112,80,40,1000,54
2025,28838,24,,108,114,,104,80,96,104,1000,63
2025,28878,96,,114,108,,96,120,128,48,1000,71
2025,28951,72,,114,96,,104,128,112,96,1000,72.2
2025,29023,54,,114,120,,88,112,64,72,1000,62.4
2025,29076,24,,78,102,,88,80,48,88,1000,50.8
2025,28840,0,,42,66,,80,96,64,32,1000,38
2025,28737,96,,114,114,,56,112,112,120,1000,72.4
2025,28664,66,,90,72,,88,72,72,104,1000,56.4
2025,28668,60,,96,78,,128,112,128,152,1000,75.4
2025,28796,48,,18,36,,64,64,64,32,1000,32.6
2025,28699,72,,102,96,,120,88,80,120,1000,67.8
2025,29090,36,,48,96,,88,88,112,40,1000,50.8
2025,29008,72,,90,114,,144,104,104,128,1000,75.6
2025,28714,78,,114,120,,112,144,136,88,1000,79.2
2025,28969,30,,30,102,,56,112,104,112,1000,54.6
2025,28891,84,,120,120,,112,112,96,128,1000,77.2
2025,28944,84,,114,114,,80,112,104,96,1000,70.4
2025,28705,24,,66,108,,144,112,80,32,1000,56.6
2025,28681,36,,42,72,,88,72,88,32,1000,43
2025,28719,30,,54,78,,112,88,96,32,1000,49
2025,28746,90,,108,78,,120,104,96,136,1000,73.2
2025,28652,60,,36,78,,152,88,96,88,1000,59.8
2025,29002,54,,66,72,,96,112,120,88,1000,60.8
2025,28676,48,,108,90,,120,112,120,96,1000,69.4
2025,28839,12,,48,72,,88,104,80,56,1000,46
2025,28958,24,,78,84,,136,96,88,24,1000,53
2025,28788,60,,120,96,,104,64,112,88,1000,64.4
2025,28713,78,,24,78,,88,96,104,128,1000,59.6
2025,28733,18,,72,60,,48,104,56,40,1000,39.8
2025,28766,42,,54,78,,112,80,80,64,1000,51
2025,28767,72,,36,54,,88,96,72,104,1000,52.2
2025,28768,36,,48,36,,32,64,64,48,1000,32.8
2025,28783,30,,72,102,,80,112,96,56,1000,54.8
2025,28801,60,,108,114,,136,88,72,96,1000,67.4
2025,28786,48,,114,102,,120,88,96,64,1000,63.2
2025,28666,60,,48,30,,72,88,48,120,1000,46.6
2025,28747,36,,42,60,,112,56,64,56,1000,42.6
2025,28997,90,,114,108,,120,88,96,136,1000,75.2
2025,29063,30,,54,90,,64,96,96,80,1000,51
2025,28986,0,,42,108,,112,160,104,72,1000,59.8
2025,29044,84,,60,42,,72,56,48,120,1000,48.2
2025,28876,60,,24,90,,120,112,104,88,1000,59.8
2025,28660,12,,96,72,,128,72,80,104,1000,56.4
2025,28711,90,,102,84,,144,128,96,120,1000,76.4
2025,29097,30,,42,78,,72,104,104,64,1000,49.4
2025,28692,84,,84,84,,64,88,72,136,1000,61.2
2025,28765,78,,120,120,,128,104,104,144,1000,79.8
2025,28854,12,,78,48,,40,64,72,144,1000,45.8
2025,29019,42,,60,78,,128,120,80,56,1000,56.4
2025,28901,96,,108,96,,104,88,88,104,1000,68.4
2025,28721,18,,66,90,,64,72,80,8,1000,39.8
2025,28763,96,,108,96,,64,64,72,144,1000,45.6
2025,29012,114,,120,120,,96,80,96,104,1000,73
2025,29037,12,,30,78,,112,104,104,88,1000,52.8
2025,28793,66,,42,66,,80,128,88,48,1000,51.8
2025,28808,30,,30,90,,120,96,112,72,1000,55
2025,28814,72,,114,120,,128,120,128,80,1000,76.2
2025,28816,78,,108,120,,136,120,112,120,1000,79.4
2025,28821,90,,120,120,,104,104,112,112,1000,76.2
2025,28822,66,,120,102,,104,104,80,112,1000,68.8
2025,28827,84,,114,114,,136,112,128,144,1000,83.2
2025,28829,42,,42,78,,104,96,88,56,1000,50.6
2025,28832,12,,12,90,,80,96,96,32,1000,41.8
2025,28841,54,,102,96,,96,80,80,120,1000,62.8
2025,28842,66,,96,114,,104,96,80,112,1000,66.8
2025,28848,66,,60,84,,88,104,72,96,1000,57
2025,28853,42,,90,84,,104,104,104,56,1000,58.4
