"TAHUN","MAHASISWA","JENIS_SEKOLAH","NILAI_RAPOR_RATA","NILAI_UN_RATA","NILAI_PRESTASI1","NILAI_PRESTASI2","NILAI_PRESTASI3","NILAI_TOTAL"
2022,22076,"SMA",0,85.33,0,0,0,34.132
2022,22027,"SMK",0,87.23,50,25,9,43.292
2022,22203,"SMA",0,88.6,42.5,42.5,5,44.44
2022,22226,"SMA",0,90.67,0,0,0,36.268
2022,22028,"SMA",0,88.27,0,0,0,35.308
2022,22128,"MA",0,96.8,37.5,9,9,44.27
2022,22078,"SMA",0,82.33,76.5,0,0,40.582
2022,22242,"SMK",0,85.48,0,0,0,34.192
2022,22083,"MA",0,94.87,2.5,0,0,38.198
2022,22120,"MA",0,96.07,67.5,63,58.5,57.328
2022,22122,"MA",0,96.67,63,37.5,35,52.218
2022,22073,"SMA",0,84.47,0,0,0,33.788
2022,22109,"MA",0,86.93,90,90,5,53.272
2022,22050,"SMA",0,90.53,63,0,0,42.512
2022,22159,"SMK",0,88.63,67.5,58.5,0,48.052
2022,22082,"SMK",0,90.93,9,0,0,37.272
2022,22070,"SMA",0,90.33,9,9,9,38.832
2022,22201,"SMA",0,89.33,85,67.5,21.25,53.107
2022,22131,"SMA",0,83.13,76.5,75,9,49.302
2022,22068,"SMA",0,84.13,85,76.5,63,56.102
2022,22264,"SMK",0,86.67,76.5,76.5,76.5,57.618
2022,22118,"SMA",0,85.93,37.5,21.25,0,40.247
2022,22015,"SMK",0,91.14,100,32.5,10,50.706
2022,22186,"SMK",0,92.75,21.25,21.25,17.5,43.1
2022,22211,"SMA",0,87.6,63,54,9,47.64
2022,22134,"SMK",0,89.21,42.5,21.25,5,42.559
2022,22042,"MA",0,95.93,85,76.5,0,54.522
2022,22043,"MA",0,96.73,85,76.5,63,61.142
2022,22095,"MA",0,96.6,76.5,9,0,47.19
2022,22075,"SMA",0,87.73,90,9,9,45.892
2022,22090,"SMA",0,83.2,90,67.5,9,49.93
2022,22008,"SMA",0,88.53,90,67.5,42.5,55.412
2022,22059,"SMA",0,83.8,76.5,67.5,9,48.82
2022,22167,"SMA",0,88.4,90,9,0,45.26
2022,22088,"SMA",0,87,90,76.5,67.5,58.2
2022,22033,"SMA",0,86.67,0,0,0,34.668
2022,22293,"SMK",0,89.39,85,76.5,21.25,54.031
2022,22173,"SMK",0,87.93,0,0,0,35.172
2022,22213,"SMK",0,89.39,0,0,0,35.756
2022,22263,"SMK",0,90.64,67.5,50,25,50.506
2022,22265,"SMK",0,91.14,0,0,0,36.456
2022,22217,"SMA",0,89.8,25,21.25,18.75,42.42
2022,22171,"SMA",0,88.27,0,0,0,35.308
2022,22278,"SMK",0,88.07,0,0,0,35.228
2022,22092,"SMK",0,84.44,0,0,0,33.776
2022,22182,"SMA",0,90,9,0,0,36.9
2022,22010,"SMA",0,86.47,76.5,76.5,75,57.388
2022,22181,"SMK",0,86.11,37.5,18.75,5,40.569
2022,22101,"SMK",0,88,90,18.75,2.5,46.325
2022,22066,"SMA",0,88.2,25,0,0,37.78
2022,22091,"SMA",0,82.6,76.5,76.5,21.25,50.465
2022,22235,"SMA",0,88.4,18.75,9,9,39.035
2022,22032,"SMA",0,87.53,9,0,0,35.912
2022,22281,"SMK",0,92.12,35,0,0,40.348
2022,22144,"SMK",0,90.26,42.5,0,0,40.354
2022,22011,"SMA",0,90,0,0,0,36
2022,22074,"SMA",0,89.67,67.5,0,0,42.618
2022,22029,"SMA",0,87.27,9,9,9,37.608
2022,22017,"SMA",0,89.27,10,9,0,37.608
2022,22206,"SMK",0,87.09,67.5,0,0,41.586
2022,22200,"MA",0,86.47,90,90,67.5,59.338
2022,22209,"MA",0,87.6,90,90,9,53.94
2022,22163,"SMA",0,88.53,0,0,0,35.412
2022,22214,"SMA",0,86.73,0,0,0,34.692
2022,22071,"MA",0,96.6,9,0,0,39.54
2022,22047,"MA",0,95.8,9,0,0,39.22
2022,22022,"MA",0,96,0,0,0,38.4
2022,22243,"SMK",0,87.72,32.5,16.25,2.5,40.213
2022,22031,"SMK",0,84.37,42.5,2.5,0,38.248
2022,22031,"SMK",0,84.37,42.5,2.5,0,38.248
2022,22225,"SMA",0,84.33,9,0,0,34.632
2022,22248,"MA",0,86.27,9,9,9,37.208
2022,22140,"MA",0,96.67,5,2.5,0,39.418
2022,22270,"SMK",0,88.91,10,0,0,36.564
2022,22290,"SMK",0,87.65,9,0,0,35.96
2022,22062,"SMA",0,87.13,0,0,0,34.852
2022,22030,"SMA",0,89.33,76.5,5,5,44.382
2022,22046,"SMK",0,91.63,0,0,0,36.652
2022,22185,"SMA",0,89.27,90,67.5,63,57.758
2022,22215,"SMK",0,88.35,37.5,17.5,0,40.84
2022,22111,"SMA",0,89.2,9,9,0,37.48
2022,22110,"SMA",0,87.93,9,2.5,2.5,36.572
2022,22124,"SMA",0,91.13,42.5,37.5,21.25,46.577
2022,22136,"SMA",0,92.13,0,0,0,36.852
2022,22146,"SMA",0,85.87,10,9,9,37.148
2022,22063,"SMK",0,86.07,90,90,67.5,59.178
2022,22021,"SMA",0,86.67,0,0,0,34.668
2022,22094,"SMK",0,88.42,9,5,0,36.768
2022,22297,"SMK",0,86.6,0,0,0,34.64
2022,22274,"SMA",0,81.13,76.5,21.25,21.25,44.352
2022,22244,"SMK",0,86.04,76.5,67.5,21.25,50.941
2022,22102,"SMK",0,90.72,2.5,0,0,36.538
2022,22228,"SMK",0,90.42,50,9,2.5,42.318
2022,22192,"SMK",0,91,21.25,0,0,38.525
2022,22262,"SMK",0,90.23,0,0,0,36.092
2022,22009,"SMA",0,84.47,42.5,42.5,0,42.288
2022,22055,"SMK",0,86.6,25,0,0,37.14
2022,22204,"MA",0,88.67,0,0,0,35.468
2022,22239,"SMK",0,91.14,67.5,9,9,45.006
2022,22057,"SMA",0,87.33,90,85,76.5,60.082
2022,22148,"SMA",0,86.67,90,90,75,60.168
2022,22261,"SMK",0,86.84,76.5,37.5,0,46.136
2022,22229,"SMK",0,89.32,42.5,0,0,39.978
2022,22198,"SMK",0,89.81,90,0,0,44.924
2022,22282,"SMK",0,87.72,0,0,0,35.088
2022,22069,"SMK",0,93.38,0,0,0,37.352
2022,22044,"MA",0,84.2,76.5,0,0,41.33
2022,22275,"SMK",0,96.73,0,0,0,38.692
2022,22172,"SMA",0,87.87,9,9,9,37.848
2022,22202,"SMK",0,89.71,32.5,0,0,39.134
2022,22072,"SMK",0,93.1,0,0,0,37.24
2022,22054,"SMA",0,87.87,67.5,37.5,0,45.648
2022,22020,"SMA",0,88.73,0,0,0,35.492
2022,22152,"SMK",0,88.14,0,0,0,35.256
2022,22141,"SMA",0,84.33,67.5,0,0,40.482
2022,22257,"SMK",0,91.35,0,0,0,36.54
2022,22035,"SMK",0,90.58,17.5,0,0,37.982
2022,22273,"SMK",0,89.67,0,0,0,35.868
2022,22060,"SMK",0,94.35,0,0,0,37.74
2022,22221,"SMA",0,84.8,90,63,2.5,49.47
2022,22236,"SMK",0,94.77,0,0,0,37.908
2022,22207,"SMK",0,92.82,90,76.5,0,53.778
2022,22266,"SMK",0,88.98,0,0,0,35.592
2022,22098,"SMK",0,86.46,90,76.5,0,51.234
2022,22038,"SMA",0,85,90,76.5,76.5,58.3
2022,22065,"SMA",0,83.67,85,85,0,50.468
2022,22193,"SMA",0,87.07,9,0,0,35.728
2022,22183,"SMA",0,86.13,9,0,0,35.352
2022,22026,"SMA",0,91.8,76.5,54,9,50.67
2022,22255,"SMK",0,85.62,9,0,0,35.148
2022,22155,"SMK",0,88.28,25,0,0,37.812
2022,22040,"SMK",0,87.09,76.5,63,63,55.086
2022,22080,"SMA",0,89.73,10,9,9,38.692
2022,22084,"SMA",0,86.67,0,0,0,34.668
2022,22016,"SMA",0,88.6,9,9,9,38.14
2022,22245,"SMK",0,88.28,76.5,76.5,0,50.612
2022,22224,"SMK",0,89.74,0,0,0,35.896
2022,22108,"SMA",0,89.6,42.5,2.5,2.5,40.59
2022,22143,"SMA",0,86.33,63,63,0,47.132
2022,22034,"SMA",0,89.13,0,0,0,35.652
2022,22051,"SMA",0,92.87,76.5,9,9,46.598
2022,22154,"SMA",0,88.2,67.5,9,0,42.93
2022,22123,"SMK",0,87.86,0,0,0,35.144
2022,22049,"MA",0,89.13,21.25,5,0,38.277
2022,22064,"SMK",0,95.26,50,9,9,44.904
2022,22232,"SMA",0,88.07,0,0,0,35.228
2022,22052,"SMK",0,91.49,76.5,21.25,21.25,48.496
2022,22045,"SMK",0,90.86,0,0,0,36.344
2022,22041,"SMA",0,89.67,0,0,0,35.868
2022,22138,"SMK",0,85.27,18.75,18.75,9,38.758
2022,22097,"SMK",0,95.54,10,0,0,39.216
2022,22156,"SMK",0,85.9,9,9,9,37.06
2022,22258,"SMK",0,87.12,90,5,0,44.348
2022,22168,"SMK",0,81.71,76.5,76.5,0,47.984
2022,22256,"SMK",0,95.66,0,0,0,38.264
2022,22048,"SMK",0,91.98,76.5,76.5,0,52.092
2022,22165,"SMK",0,84.36,90,90,67.5,58.494
2022,22190,"SMA",0,89.53,76.5,9,9,45.262
2022,22179,"SMK",0,89.95,90,76.5,42.5,56.88
2022,22058,"SMK",0,83.74,76.5,0,0,41.146
2022,22018,"SMK",0,88.21,0,0,0,35.284
2022,22077,"SMK",0,91.98,90,50,0,50.792
2022,22056,"SMK",0,87.37,0,0,0,34.948
2022,22169,"SMK",0,93.51,0,0,0,37.404
2022,22287,"SMA",0,89.47,0,0,0,35.788
2022,22157,"MA",0,85.27,75,37.5,5,45.858
2022,22037,"SMK",0,88.07,63,9,9,43.328
2022,22006,"SMA",0,84.87,42.5,9,9,39.998
2022,22061,"SMA",0,90.6,76.5,18,0,45.69
2022,22113,"SMK",0,90.72,0,0,0,36.288
2022,22013,"SMK",0,87.72,50,5,0,40.588
2022,22036,"SMK",0,93.38,9,5,0,38.752
2022,22105,"SMK",0,88.21,63,0,0,41.584
2022,22085,"MA",0,88.07,65,0,0,41.728
2022,22149,"SMK",0,87.86,90,63,25,52.944
2022,22121,"SMK",0,90.58,63,63,9,49.732
2022,22153,"SMK",0,88.56,0,0,0,35.424
2022,22053,"SMK",0,82.9,63,0,0,39.46
2022,22012,"SMK",0,93.38,0,0,0,37.352
2022,22024,"SMK",0,89.05,50,0,0,40.62
2022,22250,"SMK",0,94.91,0,0,0,37.964
2022,22268,"SMK",0,87.56,63,0,0,41.324
2022,22139,"SMK",0,96.05,9,5,2.5,40.07
2022,22112,"SMK",0,93.79,0,0,0,37.516
2022,22007,"SMA",0,88.8,0,0,0,35.52
2022,22023,"SMA",0,87.07,0,0,0,34.828
2022,22254,"SMK",0,89.71,90,0,0,44.884
2022,22216,"SMK",0,95.19,21.25,21.25,21.25,44.451
2022,22176,"SMK",0,86.88,63,0,0,41.052
2022,22189,"SMK",0,84.23,76.5,67.5,0,48.092
2022,22272,"SMK",0,88.99,67.5,50,2.5,47.596
2022,22019,"SMK",0,89.67,0,0,0,35.868
2022,22025,"MA",0,83.33,76.5,50,25,48.482
2022,22166,"SMK",0,86.01,90,90,67.5,59.154
2022,22039,"SMA",0,88.13,100,100,0,55.252
2022,22276,"SMK",0,87.93,0,0,0,35.172
2022,22269,"SMK",0,93.17,0,0,0,37.268
2022,22289,"SMK",0,91.14,63,0,0,42.756
2022,22104,"SMK",0,86.95,25,21.25,21.25,41.53
2022,22014,"SMA",0,85.13,9,9,9,36.752
2022,22233,"SMK",0,88.16,21.25,5,0,37.889
2022,22089,"SMK",0,88.35,63,0,0,41.64
2022,22191,"SMK",0,86.67,90,90,42.5,56.918
2022,22180,"SMA",0,92.67,76.5,25,21.25,49.343
2022,22106,"SMK",0,86.18,76.5,76.5,67.5,56.522
2023,23564,"SMA",0,0,70,50,0,12
2023,23771,"SMK",0,0,100,100,100,30
2023,23761,"MA",0,0,60,48,0,10.8
2023,23662,"SMK",0,0,50,0,0,5
2023,23828,"SMK",0,0,0,0,0,0
2023,23824,"SMK",0,0,0,0,0,0
2023,23757,"SMK",0,0,0,0,0,0
2023,23704,"SMK",0,0,80,0,0,8
2023,23847,"SMK",0,0,0,0,0,0
2023,23595,"SMK",0,0,0,0,0,0
2023,23524,"MA",0,0,64,60,48,17.2
2023,23532,"SMK",0,0,60,60,50,17
2023,23812,"SMK",0,0,0,0,0,0
2023,23585,"SMA",0,0,50,50,0,10
2023,23684,"SMK",0,0,60,60,60,18
2023,23751,"SMK",0,0,80,64,48,19.2
2023,23714,"SMA",0,0,0,0,0,0
2023,23805,"SMK",0,0,60,50,40,15
2023,23863,"SMK",0,0,0,0,0,0
2023,23873,"SMK",0,0,0,0,0,0
2023,23593,"SMK",0,0,64,60,0,12.4
2023,23852,"MA",0,0,60,60,50,17
2023,23829,"SMK",0,0,0,0,0,0
2023,23827,"SMA",0,0,0,0,0,0
2023,23523,"MA",0,0,80,80,60,22
2023,23782,"SMK",0,0,0,0,0,0
2023,23545,"MA",0,0,50,30,0,8
2023,23788,"SMK",0,0,0,0,0,0
2023,23705,"MA",0,0,50,0,0,5
2023,23798,"SMK",0,0,0,0,0,0
2023,23732,"SMK",0,0,0,0,0,0
2023,23815,"SMA",0,0,0,0,0,0
2023,23851,"SMK",0,0,50,0,0,5
2023,23861,"SMK",0,0,0,0,0,0
2023,23765,"SMA",0,0,0,0,0,0
2023,23765,"SMA",0,0,0,0,0,0
2023,23722,"SMA",0,0,80,70,50,20
2023,23633,"SMA",0,0,100,80,48,22.8
2023,23661,"SMA",0,0,60,0,0,6
2023,23559,"SMA",0,0,50,0,0,5
2023,23578,"SMK",0,0,0,0,0,0
2023,23534,"SMA",0,0,0,0,0,0
2023,23870,"SMK",0,0,0,0,0,0
2023,23802,"SMA",0,0,80,60,50,19
2023,23872,"SMK",0,0,0,0,0,0
2023,23691,"SMK",0,0,0,0,0,0
2023,23682,"SMA",0,0,50,40,0,9
2023,23842,"SMK",0,0,50,0,0,5
2023,23596,"MA",0,0,0,0,0,0
2023,23555,"SMA",0,0,0,0,0,0
2023,23703,"SMA",0,0,0,0,0,0
2023,23676,"SMK",0,0,60,50,36,14.6
2023,23678,"SMK",0,0,60,50,36,14.6
2023,23813,"SMA",0,0,0,0,0,0
2023,23838,"SMK",0,0,50,40,0,9
2023,23553,"SMA",0,0,0,0,0,0
2023,23598,"MA",0,0,80,64,60,20.4
2023,23677,"SMK",0,0,50,48,0,9.8
2023,23681,"SMK",0,0,0,0,0,0
2023,23544,"SMK",0,0,60,40,40,14
2023,23609,"SMK",0,0,0,0,0,0
2023,23786,"MA",0,0,50,30,0,8
2023,23713,"SMA",0,0,0,0,0,0
2023,23767,"SMK",0,0,60,60,50,17
2023,23787,"SMK",0,0,0,0,0,0
2023,23526,"SMA",0,0,0,0,0,0
2023,23563,"SMA",0,0,70,70,60,20
2023,23605,"SMA",0,0,0,0,0,0
2023,23600,"SMA",0,0,60,48,0,10.8
2023,23607,"SMA",0,0,20,0,0,2
2023,23618,"MA",0,0,80,80,60,22
2023,23759,"SMK",0,0,0,0,0,0
2023,23759,"SMK",0,0,0,0,0,0
2023,23726,"SMA",0,0,40,0,0,4
2023,23610,"SMK",0,0,0,0,0,0
2023,23679,"SMK",0,0,50,50,48,14.8
2023,23575,"MA",0,0,60,60,50,17
2023,23850,"SMA",0,0,70,0,0,7
2023,23670,"SMK",0,0,60,0,0,6
2023,23763,"SMK",0,0,60,0,0,6
2023,23588,"SMA",0,0,80,60,60,20
2023,23800,"SMA",0,0,0,0,0,0
2023,23690,"SMK",0,0,48,0,0,4.8
2023,23823,"SMK",0,0,0,0,0,0
2023,23823,"SMK",0,0,0,0,0,0
2023,23572,"MA",0,0,60,60,48,16.8
2023,23602,"MA",0,0,70,60,50,18
2023,23648,"SMA",0,0,40,0,0,4
2023,23866,"SMA",0,0,50,50,25,12.5
2023,23762,"SMA",0,0,60,0,0,6
2023,23718,"MA",0,0,60,0,0,6
2023,23770,"SMA",0,0,0,0,0,0
2023,23816,"SMA",0,0,80,50,50,18
2023,23606,"SMK",0,0,40,40,40,12
2023,23835,"MA",0,0,80,60,50,19
2023,23789,"SMA",0,0,50,0,0,5
2023,23683,"SMA",0,0,0,0,0,0
2023,23717,"SMK",0,0,50,50,50,15
2023,23541,"SMK",0,0,0,0,0,0
2023,23638,"SMA",0,0,0,0,0,0
2023,23768,"SMK",0,0,80,64,60,20.4
2023,23637,"SMA",0,0,100,80,80,26
2023,23814,"SMA",0,0,60,50,48,15.8
2023,23582,"SMA",0,0,50,0,0,5
2023,23750,"SMA",0,0,50,50,0,10
2023,23644,"SMK",0,0,0,0,0,0
2023,23697,"SMK",0,0,50,50,40,14
2023,23740,"SMK",0,0,40,0,0,4
2023,23698,"SMK",0,0,50,0,0,5
2023,23567,"SMA",0,0,80,80,50,21
2023,23781,"SMA",0,0,50,50,0,10
2023,23744,"SMA",0,0,0,0,0,0
2023,23639,"SMA",0,0,60,0,0,6
2023,23584,"MA",0,0,60,60,60,18
2023,23560,"SMA",0,0,0,0,0,0
2023,23764,"SMA",0,0,0,0,0,0
2023,23720,"SMA",0,0,50,0,0,5
2023,23746,"SMA",0,0,60,0,0,6
2023,23831,"SMK",0,0,0,0,0,0
2023,23766,"MA",0,0,60,50,50,16
2023,23826,"SMK",0,0,0,0,0,0
2023,23826,"SMK",0,0,0,0,0,0
2023,23721,"SMA",0,0,50,36,0,8.6
2023,23517,"SMK",0,0,0,0,0,0
2023,23822,"SMK",0,0,50,50,50,15
2023,23807,"SMK",0,0,50,50,0,10
2023,23875,"SMK",0,0,0,0,0,0
2023,23793,"SMA",0,0,64,0,0,6.4
2023,23552,"SMA",0,0,60,48,36,14.4
2023,23737,"SMA",0,0,0,0,0,0
2023,23694,"SMA",0,0,0,0,0,0
2023,23836,"SMA",0,0,0,0,0,0
2023,23604,"SMK",0,0,0,0,0,0
2023,23779,"SMA",0,0,50,0,0,5
2023,23779,"SMA",0,0,50,0,0,5
2023,23871,"SMK",0,0,0,0,0,0
2023,23739,"SMA",0,0,50,50,48,14.8
2023,23747,"SMK",0,0,0,0,0,0
2023,23542,"SMA",0,0,80,80,60,22
2023,23700,"SMA",0,0,50,50,0,10
2023,23551,"SMA",0,0,60,0,0,6
2023,23730,"MA",0,0,60,50,0,11
2023,23536,"SMA",0,0,0,0,0,0
2023,23664,"SMK",0,0,70,64,48,18.2
2023,23566,"SMA",0,0,0,0,0,0
2023,23727,"SMK",0,0,60,60,48,16.8
2023,23865,"SMK",0,0,0,0,0,0
2023,23865,"SMK",0,0,0,0,0,0
2023,23672,"SMA",0,0,0,0,0,0
2023,23825,"SMK",0,0,50,40,40,13
2023,23528,"SMK",0,0,0,0,0,0
2023,23634,"MA",0,0,0,0,0,0
2023,23809,"SMK",0,0,0,0,0,0
2023,23734,"SMA",0,0,48,0,0,4.8
2023,23673,"SMA",0,0,0,0,0,0
2023,23574,"MA",0,0,60,50,50,16
2023,23699,"SMK",0,0,70,0,0,7
2023,24839,"SMK",0,0,0,0,0,0
2023,23568,"SMA",0,0,0,0,0,0
2023,23636,"SMK",0,0,0,0,0,0
2023,23693,"SMK",0,0,60,50,0,11
2023,23839,"SMK",0,0,0,0,0,0
2023,23623,"SMK",0,0,0,0,0,0
2023,23577,"SMA",0,0,50,0,0,5
2023,23821,"SMK",0,0,0,0,0,0
2023,23529,"SMK",0,0,50,0,0,5
2023,23711,"SMA",0,0,80,80,60,22
2023,23632,"SMK",0,0,50,50,0,10
2023,23804,"SMK",0,0,0,0,0,0
2023,23665,"SMA",0,0,64,50,48,16.2
2023,23752,"SMK",0,0,50,50,30,13
2023,23820,"SMK",0,0,80,60,0,14
2023,23688,"SMK",0,0,0,0,0,0
2023,23755,"SMK",0,0,0,0,0,0
2023,23625,"MA",0,0,48,40,0,8.8
2023,23724,"SMA",0,0,0,0,0,0
2023,23520,"SMK",0,0,50,0,0,5
2023,23589,"SMK",0,0,80,80,48,20.8
2023,23614,"SMA",0,0,80,64,48,19.2
2023,23862,"SMA",0,0,0,0,0,0
2023,23580,"SMK",0,0,60,0,0,6
2023,23738,"SMA",0,0,0,0,0,0
2023,23591,"SMK",0,0,50,0,0,5
2023,23743,"SMK",0,0,0,0,0,0
2023,23777,"SMK",0,0,60,0,0,6
2023,23629,"SMK",0,0,80,64,50,19.4
2023,23659,"SMK",0,0,50,0,0,5
2023,23562,"SMA",0,0,80,80,64,22.4
2023,23597,"SMK",0,0,50,25,0,7.5
2023,23834,"SMK",0,0,36,30,0,6.6
2023,23627,"SMA",0,0,0,0,0,0
2023,23795,"SMK",0,0,60,60,0,12
2023,23728,"SMK",0,0,0,0,0,0
2023,23558,"SMA",0,0,50,0,0,5
2023,23549,"SMK",0,0,0,0,0,0
2023,23640,"SMK",0,0,0,0,0,0
2023,23753,"MA",0,0,50,40,30,12
2023,23843,"SMK",0,0,0,0,0,0
2023,23516,"MA",0,0,80,48,0,12.8
2023,23548,"SMA",0,0,60,60,60,18
2023,23641,"SMA",0,0,80,80,30,19
2023,23695,"SMK",0,0,60,50,0,11
2023,23543,"SMA",0,0,0,0,0,0
2023,23783,"MA",0,0,80,80,20,18
2023,23689,"SMA",0,0,64,48,36,14.8
2023,23601,"SMK",0,0,0,0,0,0
2023,23830,"SMK",0,0,60,60,0,12
2023,23772,"SMA",0,0,80,40,0,12
2023,23556,"SMK",0,0,80,60,60,20
2023,23620,"SMA",0,0,80,48,0,12.8
2023,23794,"SMK",0,0,0,0,0,0
2023,23615,"SMK",0,0,0,0,0,0
2023,23754,"SMK",0,0,0,0,0,0
2023,23650,"SMK",0,0,0,0,0,0
2023,23547,"SMK",0,0,80,40,0,12
2023,23818,"SMK",0,0,0,0,0,0
2023,23554,"SMA",0,0,50,50,50,15
2023,23841,"SMK",0,0,0,0,0,0
2023,23841,"SMK",0,0,0,0,0,0
2023,23671,"SMK",0,0,80,60,60,20
2023,23590,"MA",0,0,80,0,0,8
2023,23660,"SMK",0,0,0,0,0,0
2023,23608,"MA",0,0,60,50,48,15.8
2023,23565,"SMK",0,0,80,50,40,17
2023,23792,"SMK",0,0,0,0,0,0
2023,23840,"SMK",0,0,0,0,0,0
2023,23748,"SMK",0,0,0,0,0,0
2023,23619,"SMK",0,0,0,0,0,0
2023,23742,"SMA",0,0,30,0,0,3
2023,23550,"SMA",0,0,0,0,0,0
2023,23645,"SMK",0,0,0,0,0,0
2023,23845,"SMK",0,0,50,50,50,15
2023,23635,"SMK",0,0,50,0,0,5
2023,23675,"SMA",0,0,0,0,0,0
2023,23537,"SMK",0,0,30,0,0,3
2023,23630,"SMK",0,0,50,0,0,5
2023,23592,"SMA",0,0,80,60,50,19
2023,23791,"SMK",0,0,0,0,0,0
2023,23612,"SMK",0,0,80,60,50,19
2023,23810,"SMA",0,0,60,0,0,6
2023,23668,"SMA",0,0,80,80,0,16
2023,23642,"SMA",0,0,80,0,0,8
2023,23719,"SMA",0,0,60,40,0,10
2023,23775,"SMK",0,0,0,0,0,0
2023,23518,"SMK",0,0,60,60,60,18
2023,23808,"SMA",0,0,0,0,0,0
2023,23784,"SMK",0,0,0,0,0,0
2023,23666,"SMK",0,0,0,0,0,0
2023,23760,"SMK",0,0,0,0,0,0
2023,23819,"SMA",0,0,60,50,40,15
2023,23749,"SMK",0,0,60,60,36,15.6
2023,23733,"MA",0,0,50,50,50,15
2023,23617,"SMK",0,0,50,50,0,10
2023,23801,"SMK",0,0,60,36,0,9.6
2023,23797,"SMK",0,0,50,50,50,15
2023,23780,"SMA",0,0,80,80,0,16
2023,23624,"SMK",0,0,0,0,0,0
2023,23837,"SMK",0,0,0,0,0,0
2023,23806,"SMK",0,0,50,50,36,13.6
2023,23581,"SMK",0,0,64,0,0,6.4
2023,23712,"SMA",0,0,50,0,0,5
2023,23723,"MA",0,0,100,80,60,24
2023,23799,"SMA",0,0,50,50,50,15
2023,23735,"SMA",0,0,40,40,40,12
2023,23844,"SMA",0,0,64,50,50,16.4
2023,23521,"SMK",0,0,0,0,0,0
2023,23576,"SMK",0,0,50,40,0,9
2023,23667,"SMA",0,0,0,0,0,0
2023,23583,"SMK",0,0,0,0,0,0
2023,23874,"SMK",0,0,0,0,0,0
2023,23647,"SMA",0,0,60,50,48,15.8
2023,23811,"MA",0,0,60,50,48,15.8
2023,23680,"SMA",0,0,0,0,0,0
2023,23776,"SMK",0,0,50,0,0,5
2023,23702,"SMK",0,0,0,0,0,0
2023,23859,"SMA",0,0,80,60,50,19
2023,23868,"SMA",0,0,50,50,50,15
2023,23796,"SMK",0,0,30,0,0,3
2023,23832,"SMK",0,0,0,0,0,0
2023,23685,"SMK",0,0,0,0,0,0
2023,23803,"SMK",0,0,0,0,0,0
2023,23525,"MA",0,0,0,0,0,0
2023,23587,"SMA",0,0,80,64,48,19.2
2023,23531,"SMA",0,0,0,0,0,0
2023,23692,"SMK",0,0,0,0,0,0
2023,23774,"SMK",0,0,0,0,0,0
2023,23817,"SMA",0,0,0,0,0,0
2023,23613,"SMA",0,0,0,0,0,0
2023,23785,"SMK",0,0,100,50,50,20
2023,23533,"SMK",0,0,60,50,48,15.8
2023,23527,"SMA",0,0,0,0,0,0
2023,23867,"SMA",0,0,60,36,30,12.6
2023,23626,"SMK",0,0,0,0,0,0
2023,23869,"SMK",0,0,0,0,0,0
2023,23701,"SMA",0,0,0,0,0,0
2023,23539,"SMK",0,0,80,0,0,8
2023,23546,"SMK",0,0,80,80,50,21
2023,23651,"SMK",0,0,0,0,0,0
2023,23646,"SMK",0,0,60,48,40,14.8
2023,23741,"SMK",0,0,60,50,0,11
2023,23756,"SMK",0,0,50,48,40,13.8
2023,23599,"SMK",0,0,50,30,0,8
2023,23538,"SMK",0,0,0,0,0,0
2023,23540,"SMK",0,0,60,0,0,6
2023,23579,"SMA",0,0,0,0,0,0
2023,23622,"SMK",0,0,100,0,0,10
2023,23773,"SMA",0,0,50,30,25,10.5
2023,23860,"MA",0,0,60,0,0,6
2023,23864,"MA",0,0,50,40,30,12
2023,23725,"SMK",0,0,48,30,0,7.8
2023,23631,"SMK",0,0,60,0,0,6
2023,23569,"SMK",0,0,0,0,0,0
2023,23557,"SMK",0,0,80,0,0,8
2023,23628,"SMK",0,0,0,0,0,0
2023,23611,"SMK",0,0,48,30,0,7.8
2023,23769,"SMA",0,0,80,50,36,16.6
2023,23594,"SMA",0,0,0,0,0,0
2023,23669,"SMK",0,0,64,60,40,16.4
2023,23573,"SMK",0,0,0,0,0,0
2023,23522,"SMK",0,0,50,40,0,9
2023,23729,"SMK",0,0,80,0,0,8
2023,23696,"SMK",0,0,50,50,0,10
2023,23649,"SMA",0,0,60,60,30,15
2023,23674,"SMA",0,0,60,48,30,13.8
2023,23715,"SMA",0,0,64,48,48,16
2023,23745,"SMK",0,0,0,0,0,0
2023,23616,"SMK",0,0,0,0,0,0
2023,23621,"SMK",0,0,0,0,0,0
2023,23643,"SMA",0,0,60,60,60,18
2023,23710,"SMK",0,0,50,50,0,10
2023,23736,"SMA",0,0,80,80,0,16
2023,23833,"SMK",0,0,0,0,0,0
2023,23586,"SMA",0,0,0,0,0,0
2023,23519,"SMA",0,0,0,0,0,0
2023,23758,"SMK",0,0,64,50,50,16.4
2023,23731,"SMK",0,0,60,48,48,15.6
2023,23716,"SMK",0,0,0,0,0,0
2023,23571,"SMK",0,0,0,0,0,0
2023,23790,"SMA",0,0,50,50,40,14
2023,23570,"SMK",0,0,0,0,0,0
2023,23570,"SMK",0,0,0,0,0,0
2023,23658,"SMK",0,0,0,0,0,0
2023,23603,"SMA",0,0,0,0,0,0
2023,23663,"SMK",0,0,60,50,40,15
2023,23657,"SMK",0,0,0,0,0,0
2023,23561,"SMK",0,0,0,0,0,0
2023,23778,"MA",0,0,85,85,50,22
2023,23846,"SMA",0,0,0,0,0,0
2023,23846,"SMA",0,0,0,0,0,0
2023,23530,"SMA",0,0,0,0,0,0
2023,23535,"SMK",0,0,0,0,0,0
2024,25345,"MA",75.74,0,0,0,0,22.722
2024,25415,"SMK",77.41,0,48,15,0,29.523
2024,25352,"SMK",76.55,0,0,0,0,22.965
2024,25551,"MA",74.2,0,64,48,48,38.26
2024,25557,"SMK",75.08,0,40,25,25,31.524
2024,25555,"SMK",74.8,0,60,0,0,28.44
2024,25619,"SMK",75.93,0,64,0,0,29.179
2024,25541,"SMK",77.84,0,64,64,48,40.952
2024,25563,"SMK",73.38,0,50,40,30,34.014
2024,25438,"SMK",72.46,0,50,50,0,31.738
2024,25617,"SMA",81.43,0,48,0,0,29.229
2024,25553,"SMK",76.04,0,50,50,40,36.812
2024,25543,"SMK",80.44,0,48,30,0,31.932
2024,25445,"SMK",78.98,0,50,0,0,28.694
2024,25567,"SMK",78.82,0,0,0,0,23.646
2024,25559,"SMK",72.14,0,0,0,0,21.642
2024,25550,"SMK",68.97,0,80,0,0,28.691
2024,25678,"SMK",76.48,0,24,0,0,25.344
2024,25529,"SMK",78.15,0,80,50,0,36.445
2024,25659,"SMK",71.99,0,0,0,0,21.597
2024,25365,"SMA",76.92,0,50,18,0,29.876
2024,25313,"SMK",77.26,0,50,24,18,32.378
2024,25568,"SMK",77.58,0,0,0,0,23.274
2024,25437,"SMK",76,0,60,0,0,28.8
2024,25437,"SMK",76,0,60,0,0,28.8
2024,25412,"SMK",69.36,0,50,50,50,35.808
2024,25350,"SMK",71.08,0,80,0,0,29.324
2024,25404,"SMA",75.49,0,24,24,0,27.447
2024,25336,"SMK",70.84,0,40,0,0,25.252
2024,25576,"MA",80.85,0,50,0,0,29.255
2024,25583,"SMK",74.18,0,0,0,0,22.254
2024,25372,"MA",75.1,0,48,48,40,36.13
2024,25380,"SMK",76.02,0,40,30,18,31.606
2024,25331,"SMK",74.19,0,0,0,0,22.257
2024,25600,"SMK",72.15,0,50,15,0,28.145
2024,25509,"SMK",83.08,0,0,0,0,24.924
2024,25376,"SMK",67.37,0,40,0,0,24.211
2024,25523,"SMK",75.32,0,0,0,0,22.596
2024,25530,"SMK",75.48,0,0,0,0,22.644
2024,25530,"SMK",75.48,0,0,0,0,22.644
2024,25343,"SMK",75.12,0,0,0,0,22.536
2024,25570,"SMK",72.12,0,80,0,0,29.636
2024,25440,"SMK",72.88,0,0,0,0,21.864
2024,25337,"SMA",79.83,0,30,30,0,29.949
2024,25668,"SMK",75.23,0,48,36,18,32.769
2024,25725,"SMK",77.3,0,18,0,0,24.99
2024,25375,"SMA",83.46,0,0,0,0,25.038
2024,25512,"SMK",83.71,0,100,50,48,44.913
2024,25464,"SMK",76.08,0,0,0,0,22.824
2024,25540,"SMA",82.05,0,0,0,0,24.615
2024,25614,"SMK",74.84,0,0,0,0,22.452
2024,25660,"SMK",78.73,0,36,18,0,29.019
2024,25663,"SMK",76.96,0,60,18,0,30.888
2024,25363,"MA",75.06,0,80,48,48,40.118
2024,25569,"SMK",74.19,0,0,0,0,22.257
2024,25525,"SMK",78.48,0,80,60,36,41.144
2024,25673,"SMK",77.52,0,60,18,0,31.056
2024,25718,"SMK",80.3,0,36,0,0,27.69
2024,25592,"SMK",72.52,0,0,0,0,21.756
2024,25347,"SMK",80.65,0,80,64,50,43.595
2024,25401,"SMK",78.49,0,60,36,18,34.947
2024,25300,"SMA",78.93,0,0,0,0,23.679
2024,25644,"SMK",75.7,0,0,0,0,22.71
2024,25427,"SMK",77.44,0,70,50,20,37.232
2024,25378,"SMK",76.26,0,80,50,25,38.378
2024,25307,"SMA",78.32,0,24,24,24,30.696
2024,25721,"SMK",73.96,0,40,0,0,26.188
2024,25366,"SMK",80.55,0,0,0,0,24.165
2024,25560,"SMA",78.77,0,40,30,24,33.031
2024,25433,"SMA",83.75,0,40,40,40,37.125
2024,25476,"SMK",70.9,0,50,50,0,31.27
2024,25628,"SMK",78.8,0,100,80,60,47.64
2024,25500,"SMK",72.07,0,0,0,0,21.621
2024,25500,"SMK",72.07,0,0,0,0,21.621
2024,25398,"SMK",77.54,0,80,48,40,40.062
2024,25613,"SMK",80.22,0,0,0,0,24.066
2024,25431,"SMK",65.71,0,80,50,0,32.713
2024,25496,"SMA",82.38,0,80,64,64,45.514
2024,25364,"SMA",87.49,0,80,64,0,40.647
2024,25324,"SMK",78.95,0,48,36,0,32.085
2024,25489,"SMK",77.55,0,30,30,0,29.265
2024,25687,"SMA",76.98,0,60,36,18,34.494
2024,25603,"SMK",78.21,0,80,60,48,42.263
2024,25507,"SMA",77.01,0,60,60,60,41.103
2024,25397,"SMK",77.97,0,60,24,24,34.191
2024,25460,"SMK",79.36,0,36,0,0,27.408
2024,25447,"SMK",80.08,0,0,0,0,24.024
2024,25426,"SMK",79.49,0,64,64,0,36.647
2024,25608,"MA",77.44,0,80,64,64,44.032
2024,25310,"SMK",81.57,0,64,15,0,32.371
2024,25396,"SMK",70.81,0,0,0,0,21.243
2024,25432,"SMA",84.88,0,80,48,30,41.264
2024,25311,"SMK",73.69,0,0,0,0,22.107
2024,25399,"SMK",77.72,0,100,80,60,47.316
2024,25326,"SMA",81.64,0,50,50,40,38.492
2024,25705,"SMK",78.58,0,0,0,0,23.574
2024,25508,"SMK",78.62,0,0,0,0,23.586
2024,25574,"SMK",71.97,0,60,50,0,32.591
2024,25531,"SMK",67.19,0,80,80,0,36.157
2024,25407,"SMK",76.71,0,80,0,0,31.013
2024,25621,"SMK",83.59,0,0,0,0,25.077
2024,25573,"SMK",73.84,0,60,24,24,32.952
2024,25436,"SMA",73.19,0,60,24,18,32.157
2024,25491,"SMK",78.08,0,60,0,0,29.424
2024,25575,"SMA",77.76,0,0,0,0,23.328
2024,25587,"SMK",76.16,0,50,0,0,27.848
2024,25665,"SMK",74.8,0,50,0,0,27.44
2024,25620,"SMK",72.72,0,60,60,50,38.816
2024,25379,"SMA",82.29,0,48,24,18,33.687
2024,25419,"SMK",74.91,0,0,0,0,22.473
2024,25316,"SMK",74.17,0,0,0,0,22.251
2024,25406,"SMK",75.31,0,50,50,40,36.593
2024,25323,"SMK",75.39,0,64,0,0,29.017
2024,25513,"MA",78.72,0,50,24,0,31.016
2024,25319,"SMK",75.06,0,50,30,0,30.518
2024,25641,"SMA",81.44,0,80,64,30,41.832
2024,25519,"SMK",76.14,0,50,50,40,36.842
2024,25578,"SMK",74.84,0,60,20,0,30.452
2024,25537,"SMA",77.31,0,0,0,0,23.193
2024,25667,"SMK",68.64,0,36,20,0,26.192
2024,25667,"SMK",68.64,0,36,20,0,26.192
2024,25322,"SMK",79.46,0,0,0,0,23.838
2024,25453,"SMK",80.53,0,60,0,0,30.159
2024,25532,"SMA",79.09,0,80,24,24,36.527
2024,25492,"SMA",82.97,0,0,0,0,24.891
2024,25692,"MA",72.81,0,0,0,0,21.843
2024,25692,"MA",72.81,0,0,0,0,21.843
2024,25484,"SMA",79.93,0,50,0,0,28.979
2024,25677,"SMK",78.71,0,0,0,0,23.613
2024,25639,"MA",73.95,0,48,15,15,29.985
2024,25411,"MA",75.05,0,80,50,40,39.515
2024,25676,"SMA",79.8,0,0,0,0,23.94
2024,25728,"SMK",77.33,0,80,64,40,41.599
2024,25717,"MA",87.92,0,85,20,18,38.676
2024,25533,"MA",74.19,0,18,0,0,24.057
2024,25562,"SMK",78.97,0,80,80,40,43.691
2024,25565,"SMK",76.08,0,0,0,0,22.824
2024,25679,"SMK",72.09,0,0,0,0,21.627
2024,25321,"SMA",82.77,0,48,0,0,29.631
2024,25384,"SMA",83.11,0,80,80,48,45.733
2024,25605,"SMK",76.24,0,0,0,0,22.872
2024,25528,"SMK",79.43,0,48,0,0,28.629
2024,25636,"SMK",74.92,0,60,50,50,38.476
2024,25367,"SMK",78.8,0,0,0,0,23.64
2024,25685,"SMK",78.32,0,80,0,0,31.496
2024,25526,"SMK",78.16,0,40,20,0,29.448
2024,25315,"SMK",78.45,0,0,0,0,23.535
2024,25351,"MA",74.88,0,60,60,18,36.264
2024,25539,"SMK",75.45,0,0,0,0,22.635
2024,25402,"SMK",70.82,0,60,0,0,27.246
2024,25594,"SMK",75.06,0,50,0,0,27.518
2024,25629,"SMK",77.11,0,50,50,0,33.133
2024,25698,"SMK",71.28,0,0,0,0,21.384
2024,25648,"SMK",75.67,0,0,0,0,22.701
2024,25561,"MA",76.9,0,30,30,24,31.47
2024,25304,"SMK",69.66,0,80,80,80,44.898
2024,25642,"SMK",78.48,0,50,18,0,30.344
2024,25630,"SMK",74.16,0,0,0,0,22.248
2024,25514,"SMK",78.53,0,0,0,0,23.559
2024,25355,"SMA",80.8,0,25,18,0,28.54
2024,25385,"SMK",70.07,0,60,48,0,31.821
2024,25719,"SMK",79.59,0,0,0,0,23.877
2024,25395,"MA",78.81,0,50,0,0,28.643
2024,25306,"SMA",89.27,0,80,50,48,44.581
2024,25303,"SMA",80.61,0,80,0,0,32.183
2024,25334,"SMK",81.34,0,80,80,18,42.202
2024,25499,"SMK",78.98,0,0,0,0,23.694
2024,25482,"SMK",81.16,0,0,0,0,24.348
2024,25446,"MA",87.88,0,80,0,0,34.364
2024,25386,"SMA",83.3,0,100,24,18,39.19
2024,25634,"SMK",76.61,0,0,0,0,22.983
2024,25701,"SMK",73.1,0,0,0,0,21.93
2024,25428,"MA",73.12,0,0,0,0,21.936
2024,25732,"SMK",76.02,0,48,0,0,27.606
2024,25408,"SMK",75.28,0,64,60,48,39.784
2024,25584,"SMK",77.65,0,0,0,0,23.295
2024,25695,"SMK",77.68,0,0,0,0,23.304
2024,25723,"SMA",67.72,0,0,0,0,20.316
2024,25586,"SMA",71.81,0,0,0,0,21.543
2024,25633,"SMK",78.54,0,80,0,0,31.562
2024,25413,"MA",75.22,0,0,0,0,22.566
2024,25413,"MA",75.22,0,0,0,0,22.566
2024,25377,"MA",74.96,0,80,80,0,38.488
2024,25417,"MA",76.08,0,80,64,30,40.224
2024,25640,"SMK",70.04,0,0,0,0,21.012
2024,25571,"SMK",76.34,0,50,50,50,37.902
2024,25590,"SMK",75.43,0,50,50,0,32.629
2024,25416,"SMK",81.19,0,0,0,0,24.357
2024,25418,"SMK",75.84,0,50,15,0,29.252
2024,25653,"SMA",77.81,0,48,0,0,28.143
2024,25468,"SMA",82.81,0,40,0,0,28.843
2024,25655,"SMK",78.82,0,48,30,0,31.446
2024,25606,"SMK",74.62,0,40,40,24,32.786
2024,25467,"SMK",76.45,0,64,24,24,34.135
2024,25593,"SMK",73.79,0,100,40,15,37.637
2024,25558,"SMK",56.52,0,60,50,0,27.956
2024,25622,"SMA",83.41,0,50,0,0,30.023
2024,25472,"SMK",72.32,0,80,60,0,35.696
2024,25650,"SMA",81.34,0,0,0,0,24.402
2024,25515,"SMA",82.25,0,80,0,0,32.675
2024,25479,"SMK",76.25,0,24,24,24,30.075
2024,25724,"SMK",79.04,0,64,18,0,31.912
2024,25599,"SMK",71.94,0,40,40,24,31.982
2024,25697,"SMK",52.42,0,40,24,18,23.926
2024,25495,"MA",80.39,0,100,64,48,45.317
2024,25369,"SMK",74.15,0,60,50,48,38.045
2024,25631,"SMK",78.05,0,0,0,0,23.415
2024,25715,"SMK",77.09,0,50,50,40,37.127
2024,25473,"SMK",75.08,0,0,0,0,22.524
2024,25451,"SMK",76.14,0,60,0,0,28.842
2024,25388,"SMA",81.33,0,40,30,0,31.399
2024,25536,"SMK",78.2,0,80,60,0,37.46
2024,25441,"SMK",75.02,0,30,0,0,25.506
2024,25501,"SMA",76.38,0,50,40,0,31.914
2024,25470,"SMK",74.79,0,80,40,18,36.237
2024,25422,"SMK",83.47,0,80,64,40,43.441
2024,25548,"SMK",74.39,0,0,0,0,22.317
2024,25704,"SMK",75.08,0,80,18,0,32.324
2024,25643,"SMK",71.29,0,0,0,0,21.387
2024,25643,"SMK",71.29,0,0,0,0,21.387
2024,25338,"SMK",78.34,0,70,60,60,42.502
2024,25510,"SMK",71.78,0,80,64,60,41.934
2024,25344,"SMK",80.53,0,100,80,0,42.159
2024,25348,"SMK",75.29,0,0,0,0,22.587
2024,25348,"SMK",75.29,0,0,0,0,22.587
2024,25317,"SMK",74.82,0,0,0,0,22.446
2024,25674,"SMK",74.87,0,50,15,15,30.461
2024,25652,"SMK",72.1,0,50,0,0,26.63
2024,25626,"SMK",79.23,0,80,80,64,46.169
2024,25391,"SMA",82.6,0,60,24,0,33.18
2024,25471,"MA",76.47,0,18,18,18,28.341
2024,25638,"SMK",74.48,0,80,0,0,30.344
2024,25455,"SMK",80.09,0,0,0,0,24.027
2024,25624,"MA",76.41,0,80,60,50,41.923
2024,25425,"SMK",78.55,0,24,24,0,28.365
2024,25522,"SMK",77.91,0,0,0,0,23.373
2024,25459,"SMK",79.77,0,48,0,0,28.731
2024,25727,"SMK",68.09,0,0,0,0,20.427
2024,25699,"SMK",77.18,0,0,0,0,23.154
2024,25382,"SMA",80.59,0,60,24,18,34.377
2024,25731,"SMK",79.93,0,0,0,0,23.979
2024,25318,"SMK",71.39,0,50,40,24,32.817
2024,25301,"SMA",78.52,0,0,0,0,23.556
2024,25683,"SMK",52.19,0,0,0,0,15.657
2024,25545,"SMA",76.95,0,40,24,0,29.485
2024,25612,"SMK",78.34,0,80,70,0,38.502
2024,25712,"SMA",68.79,0,0,0,0,20.637
2024,25450,"SMK",76.08,0,40,0,0,26.824
2024,25684,"SMK",55.05,0,40,36,24,26.515
2024,25339,"SMK",74.65,0,0,0,0,22.395
2024,25361,"SMA",79.07,0,80,40,0,35.721
2024,25358,"SMK",77.59,0,80,0,0,31.277
2024,25305,"SMK",74.68,0,0,0,0,22.404
2024,25689,"SMA",82.43,0,60,20,0,32.729
2024,25686,"SMA",77.76,0,40,25,20,31.828
2024,25381,"SMK",69.95,0,0,0,0,20.985
2024,25312,"SMA",82.16,0,20,0,0,26.648
2024,25518,"SMK",78.23,0,50,50,0,33.469
2024,25362,"MA",79.08,0,80,80,18,41.524
2024,25394,"MA",74.39,0,50,40,0,31.317
2024,25429,"SMA",79.6,0,64,60,18,38.08
2024,25661,"SMK",77.86,0,50,50,0,33.358
2024,25602,"SMA",79.7,0,50,36,0,32.51
2024,25449,"SMA",78.38,0,40,40,0,31.514
2024,25618,"SMK",75.46,0,50,50,50,37.638
2024,25497,"SMK",78.48,0,80,0,0,31.544
2024,25577,"SMK",75.32,0,0,0,0,22.596
2024,25577,"SMK",75.32,0,0,0,0,22.596
2024,25591,"SMK",80.11,0,80,48,40,40.833
2024,25623,"MA",88.78,0,80,50,48,44.434
2024,25340,"SMK",79.4,0,0,0,0,23.82
2024,25421,"SMA",84.5,0,0,0,0,25.35
2024,25527,"SMK",73.7,0,30,0,0,25.11
2024,25647,"SMA",83.65,0,0,0,0,25.095
2024,25647,"SMA",83.65,0,0,0,0,25.095
2024,25651,"MA",72.66,0,80,64,64,42.598
2024,25327,"SMK",71.9,0,0,0,0,21.57
2024,25538,"SMK",71.31,0,50,40,0,30.393
2024,25538,"SMK",71.31,0,50,40,0,30.393
2024,25469,"SMA",84.58,0,64,18,0,33.574
2024,25457,"SMK",74.65,0,0,0,0,22.395
2024,25595,"SMK",76.71,0,60,0,0,29.013
2024,25572,"SMK",74.35,0,60,0,0,28.305
2024,25481,"SMK",81.81,0,40,0,0,28.543
2024,25671,"SMA",74.25,0,60,48,0,33.075
2024,25439,"SMK",76.66,0,50,40,36,35.598
2024,25597,"SMK",78.54,0,0,0,0,23.562
2024,25370,"SMK",77.28,0,60,50,18,35.984
2024,25325,"SMK",79.58,0,50,50,40,37.874
2024,25353,"SMK",70.02,0,60,50,24,34.406
2024,25458,"SMK",78.81,0,0,0,0,23.643
2024,25400,"SMA",82.16,0,50,18,18,33.248
2024,25610,"SMA",78.32,0,50,18,0,30.296
2024,25625,"SMK",71.36,0,50,30,15,30.908
2024,25520,"SMK",72.54,0,80,48,36,38.162
2024,25580,"SMK",76.69,0,0,0,0,23.007
2024,25654,"SMK",74.51,0,50,50,0,32.353
2024,25517,"SMK",74.63,0,60,48,36,36.789
2024,25335,"SMK",80.75,0,0,0,0,24.225
2024,25616,"SMK",76.58,0,80,48,24,38.174
2024,25487,"SMK",75.86,0,0,0,0,22.758
2024,25498,"SMK",79.83,0,0,0,0,23.949
2024,25733,"SMK",74,0,0,0,0,22.2
2024,25693,"SMK",74.04,0,0,0,0,22.212
2024,25424,"SMA",80.1,0,24,0,0,26.43
2024,25328,"SMK",80.87,0,80,80,80,48.261
2024,25392,"MA",84.13,0,50,0,0,30.239
2024,25308,"SMA",80.09,0,80,80,0,40.027
2024,25607,"SMK",77.41,0,50,0,0,28.223
2024,25442,"SMK",86.09,0,80,36,0,37.427
2024,25330,"SMK",74.3,0,50,50,0,32.29
2024,25346,"SMK",74.03,0,0,0,0,22.209
2024,25604,"MA",79.97,0,80,80,60,45.991
2024,25534,"SMK",76.58,0,50,0,0,27.974
2024,25609,"SMK",71.43,0,0,0,0,21.429
2024,25589,"SMK",75.33,0,0,0,0,22.599
2024,25329,"SMK",78.43,0,48,48,0,33.129
2024,25635,"SMA",80.83,0,60,50,0,35.249
2024,25389,"SMK",75.28,0,60,0,0,28.584
2024,25502,"SMK",79.22,0,0,0,0,23.766
2024,25730,"SMK",77.77,0,50,48,40,37.131
2024,25309,"SMK",74.32,0,0,0,0,22.296
2024,25656,"SMK",74.51,0,0,0,0,22.353
2024,25488,"SMA",81.42,0,80,70,36,43.026
2024,25690,"SMA",86.96,0,60,0,0,32.088
2024,25646,"SMK",71.85,0,0,0,0,21.555
2024,25430,"SMA",85.27,0,18,18,18,30.981
2024,25410,"SMK",73.26,0,64,0,0,28.378
2024,25332,"SMK",73.63,0,0,0,0,22.089
2024,25403,"SMA",76.76,0,0,0,0,23.028
2024,25716,"SMK",74.73,0,0,0,0,22.419
2024,25342,"SMA",82.14,0,0,0,0,24.642
2024,25452,"SMK",69.72,0,40,40,18,30.716
2024,25688,"SMA",83.81,0,60,0,0,31.143
2024,25611,"SMK",80.23,0,0,0,0,24.069
2024,25359,"SMK",77.46,0,100,64,50,44.638
2024,25547,"SMA",78.31,0,0,0,0,23.493
2024,25299,"SMK",69.15,0,50,50,18,32.545
2024,25601,"MA",87.08,0,70,60,20,41.124
2024,25349,"SMA",87.29,0,100,100,80,54.187
2024,25506,"SMK",77.26,0,0,0,0,23.178
2024,25454,"SMA",80.07,0,80,0,0,32.021
2024,25474,"SMA",77.07,0,48,48,0,32.721
2024,25314,"SMK",75.83,0,50,0,0,27.749
2024,25393,"SMA",80.48,0,100,80,64,48.544
2024,25658,"MA",74.77,0,40,0,0,26.431
2024,25505,"SMK",73.76,0,0,0,0,22.128
2024,25714,"SMA",78.94,0,60,0,0,29.682
2024,25588,"SMA",71.65,0,0,0,0,21.495
2024,25448,"SMK",77.44,0,50,0,0,28.232
2024,25357,"SMA",79.98,0,80,48,40,40.794
2024,25535,"SMK",69.74,0,80,0,0,28.922
2024,25710,"SMA",68.37,0,0,0,0,20.511
2024,25383,"SMA",81.53,0,85,0,0,32.959
2024,25672,"SMK",78.27,0,0,0,0,23.481
2024,25672,"SMK",78.27,0,0,0,0,23.481
2024,25645,"SMA",83.27,0,36,0,0,28.581
2024,25444,"SMK",78.95,0,40,0,0,27.685
2024,25566,"SMK",75.39,0,30,0,0,25.617
2024,25657,"SMK",72.9,0,0,0,0,21.87
2024,25320,"SMA",86.63,0,18,0,0,27.789
2024,25356,"SMA",78.49,0,0,0,0,23.547
2024,25664,"MA",88.63,0,40,24,24,35.389
2024,25516,"SMA",77.8,0,0,0,0,23.34
2024,25581,"SMA",82.07,0,40,0,0,28.621
2024,25544,"SMA",81.81,0,0,0,0,24.543
2024,25486,"SMK",67.74,0,60,50,0,31.322
2024,25549,"SMA",85.53,0,24,0,0,28.059
2024,25443,"SMA",81.13,0,100,80,48,47.139
2024,25585,"SMA",81.8,0,60,0,0,30.54
2024,25680,"SMK",77.84,0,0,0,0,23.352
2024,25354,"SMK",76.68,0,40,0,0,27.004
2024,25734,"SMA",87.87,0,40,40,40,38.361
2024,25503,"SMK",74.4,0,0,0,0,22.32
2024,25503,"SMK",74.4,0,0,0,0,22.32
2024,25524,"SMA",82.33,0,60,60,60,42.699
2024,25666,"SMK",76.68,0,0,0,0,23.004
2024,25675,"SMK",73.77,0,0,0,0,22.131
2024,25670,"SMA",76.98,0,0,0,0,23.094
2024,25490,"SMK",74.57,0,0,0,0,22.371
2024,25579,"SMK",75.74,0,0,0,0,22.722
2024,25483,"SMA",81.93,0,85,0,0,33.079
2024,25706,"SMK",73.68,0,18,18,0,25.704
2024,25709,"SMA",67.84,0,0,0,0,20.352
2024,25546,"SMK",76.32,0,50,40,0,31.896
2024,25554,"SMK",69,0,80,0,0,28.7
2024,25511,"SMA",82.25,0,100,64,50,46.075
2024,25707,"SMK",73.81,0,0,0,0,22.143
2024,25681,"SMK",76.55,0,0,0,0,22.965
2024,25681,"SMK",76.55,0,0,0,0,22.965
2024,25632,"SMA",81.56,0,24,0,0,26.868
2024,25615,"SMK",74.62,0,0,0,0,22.386
2024,25477,"SMK",74.9,0,80,60,24,38.87
2024,25371,"SMA",69.22,0,0,0,0,20.766
2024,25711,"SMK",75.1,0,0,0,0,22.53
2024,25696,"SMK",75.88,0,0,0,0,22.764
2024,25374,"SMA",79.61,0,0,0,0,23.883
2024,25374,"SMA",79.61,0,0,0,0,23.883
2024,25556,"SMK",71.47,0,48,48,36,34.641
2024,25729,"MA",88.28,0,80,64,64,47.284
2024,25409,"SMK",72.78,0,80,0,0,29.834
2024,25435,"MA",88.59,0,80,64,64,47.377
2024,25691,"SMK",79.41,0,60,0,0,29.823
2024,25542,"SMA",80.64,0,48,0,0,28.992
2024,25434,"SMA",82.84,0,85,80,0,41.352
2024,25373,"SMK",76.23,0,0,0,0,22.869
2024,25373,"SMK",76.23,0,0,0,0,22.869
2024,25368,"SMK",74.29,0,60,60,60,40.287
2024,25456,"SMA",76.1,0,80,24,24,35.63
2024,25627,"SMK",74.85,0,60,40,0,32.455
2024,25420,"MA",80.06,0,36,0,0,27.618
2024,25390,"MA",88.78,0,40,20,0,32.634
2024,25405,"MA",88.06,0,48,24,20,35.618
2024,25333,"SMK",79.05,0,64,0,0,30.115
2024,25703,"SMK",72.37,0,0,0,0,21.711
2024,25564,"SMK",76.78,0,0,0,0,23.034
2024,25700,"SMK",76.69,0,60,48,0,33.807
2024,25702,"SMK",72.57,0,0,0,0,21.771
2024,25478,"SMA",86.17,0,80,80,64,48.251
2024,25485,"SMK",79.54,0,0,0,0,23.862
2024,25708,"SMK",70.16,0,50,0,0,26.048
2024,25708,"SMK",70.16,0,50,0,0,26.048
2024,25726,"SMA",78.15,0,0,0,0,23.445
2024,25726,"SMA",78.15,0,0,0,0,23.445
2024,25720,"SMA",82.51,0,40,0,0,28.753
2024,25713,"SMK",72.64,0,50,50,18,33.592
2024,25552,"SMA",81.27,0,24,18,0,28.581
2024,25649,"SMK",77.02,0,48,24,0,30.306
2024,25598,"SMK",77.25,0,50,0,0,28.175
2024,25596,"SMA",78.95,0,80,24,24,36.485
2024,25521,"SMK",77.76,0,48,0,0,28.128
2024,25302,"SMK",73.29,0,50,50,40,35.987
2024,25682,"SMK",73.37,0,80,0,0,30.011
2024,25669,"SMA",77.77,0,0,0,0,23.331
2024,25669,"SMA",77.77,0,0,0,0,23.331
2024,25504,"SMK",77.85,0,0,0,0,23.355
2024,25637,"SMK",76.69,0,60,0,0,29.007
2024,25694,"SMK",74.72,0,60,60,0,34.416
2024,25360,"SMK",76.28,0,0,0,0,22.884
2024,25582,"SMK",78.18,0,50,50,15,34.954
2024,25387,"SMK",79.85,0,40,40,0,31.955
2024,25480,"SMK",81.4,0,18,0,0,26.22
2024,25475,"SMK",77.21,0,50,50,24,35.563
2024,25423,"MA",88.63,0,80,40,30,41.589
2024,25341,"SMK",81.87,0,50,50,50,39.561
2024,25662,"SMK",76.67,0,80,0,0,31.001
2024,25494,"MA",89.06,0,48,0,0,31.518
2024,25722,"SMK",79.02,0,0,0,0,23.706
2024,25414,"MA",88.06,0,80,0,0,34.418
2025,27530,"SMK",80.51,0,0,0,0,24.153
2025,27343,"SMK",79.21,0,50,0,0,28.763
2025,27532,"SMK",72.11,0,80,60,18,37.433
2025,27246,"SMK",80.2,0,50,50,40,38.06
2025,27357,"SMA",82.4,0,50,0,0,29.72
2025,27415,"SMK",79.79,0,80,50,0,36.937
2025,27541,"SMK",74.28,0,50,30,0,30.284
2025,27541,"SMK",74.28,0,50,30,0,30.284
2025,27281,"SMK",78.02,0,100,100,60,49.406
2025,27487,"SMA",84.08,0,40,40,0,33.224
2025,27693,"SMA",83,0,50,50,50,39.9
2025,27356,"SMK",76.5,0,0,0,0,22.95
2025,27356,"SMK",76.5,0,0,0,0,22.95
2025,27481,"SMA",79.78,0,40,25,15,31.934
2025,27546,"MA",82.66,0,50,30,18,34.598
2025,27280,"SMA",89.78,0,85,0,0,35.434
2025,27615,"SMK",78.78,0,20,20,0,27.634
2025,27704,"SMA",85.05,0,50,0,0,30.515
2025,27394,"SMA",77.58,0,50,15,0,29.774
2025,27327,"MA",80.53,0,50,48,0,33.959
2025,27671,"SMK",73.86,0,60,50,15,34.658
2025,27527,"SMA",77.36,0,36,20,0,28.808
2025,27658,"MA",88.06,0,100,80,60,50.418
2025,27413,"MA",83.12,0,60,50,40,39.936
2025,27457,"MA",89.2,0,50,40,30,38.76
2025,27255,"SMA",82.3,0,0,0,0,24.69
2025,27301,"SMK",75.43,0,0,0,0,22.629
2025,27227,"SMA",84.88,0,60,0,0,31.464
2025,27469,"SMK",66.55,0,0,0,0,19.965
2025,27491,"SMK",74.69,0,80,40,0,34.407
2025,27262,"SMA",79.78,0,40,24,20,32.334
2025,27485,"MA",88.06,0,50,24,24,36.218
2025,27584,"SMA",81.03,0,50,18,0,31.109
2025,27275,"SMK",76.98,0,0,0,0,23.094
2025,27258,"MA",77.06,0,80,30,24,36.518
2025,27459,"MA",76.89,0,40,40,30,34.067
2025,27648,"SMK",79.21,0,0,0,0,23.763
2025,27648,"SMK",79.21,0,0,0,0,23.763
2025,27705,"SMK",76.58,0,0,0,0,22.974
2025,27564,"SMK",79.76,0,64,30,24,35.728
2025,27626,"SMA",74.1,0,100,40,0,36.23
2025,27551,"SMA",88.01,0,50,24,24,36.203
2025,27244,"SMK",80.81,0,60,0,0,30.243
2025,27694,"SMK",72.86,0,0,0,0,21.858
2025,27688,"SMK",78.27,0,100,0,0,33.481
2025,27502,"SMA",74.94,0,0,0,0,22.482
2025,27448,"SMA",82.15,0,30,30,25,33.145
2025,27521,"SMA",80,0,50,40,40,37
2025,27425,"MA",88.49,0,50,30,0,34.547
2025,27518,"SMK",66.93,0,0,0,0,20.079
2025,27518,"SMK",66.93,0,0,0,0,20.079
2025,27385,"SMK",79.84,0,80,30,30,37.952
2025,27523,"SMA",80.12,0,40,18,15,31.336
2025,27722,"SMK",77.82,0,0,0,0,23.346
2025,27268,"SMK",79.99,0,60,0,0,29.997
2025,27716,"SMK",78.08,0,0,0,0,23.424
2025,27286,"SMA",81.22,0,60,48,48,39.966
2025,27265,"SMK",74.76,0,18,15,0,25.728
2025,27526,"SMK",68.84,0,0,0,0,20.652
2025,27687,"SMK",77.37,0,0,0,0,23.211
2025,27554,"SMK",75.28,0,0,0,0,22.584
2025,27710,"MA",81.84,0,85,40,30,40.052
2025,27440,"SMK",76.15,0,100,60,50,43.845
2025,27287,"SMK",71.27,0,50,0,0,26.381
2025,27528,"SMK",78.14,0,100,100,24,45.842
2025,27662,"SMK",79.77,0,60,0,0,29.931
2025,27384,"SMA",85.67,0,15,0,0,27.201
2025,27319,"SMA",79.02,0,0,0,0,23.706
2025,27702,"SMK",73.04,0,0,0,0,21.912
2025,27702,"SMK",73.04,0,0,0,0,21.912
2025,27649,"SMA",75.93,0,0,0,0,22.779
2025,27289,"SMA",83.86,0,18,18,0,28.758
2025,27313,"SMA",81.92,0,24,0,0,26.976
2025,27661,"SMA",81.87,0,18,0,0,26.361
2025,27361,"MA",80.47,0,0,0,0,24.141
2025,27692,"SMK",80.68,0,0,0,0,24.204
2025,27728,"SMA",82.22,0,70,70,15,40.166
2025,27453,"SMA",86.51,0,18,0,0,27.753
2025,27240,"MA",76.76,0,60,0,0,29.028
2025,27696,"SMK",76.34,0,40,0,0,26.902
2025,27335,"SMA",83.6,0,50,40,40,38.08
2025,27359,"SMA",83.96,0,0,0,0,25.188
2025,27657,"SMA",78.52,0,30,30,30,32.556
2025,27276,"MA",88.47,0,50,50,50,41.541
2025,27290,"SMA",81.05,0,50,50,50,39.315
2025,27590,"SMA",76.26,0,50,50,48,37.678
2025,27522,"SMA",85.26,0,30,18,18,32.178
2025,27635,"SMA",78.5,0,50,0,0,28.55
2025,27475,"SMK",76.31,0,0,0,0,22.893
2025,27407,"SMK",81.57,0,0,0,0,24.471
2025,27589,"SMK",80.29,0,0,0,0,24.087
2025,27322,"MA",84.2,0,50,50,0,35.26
2025,27718,"MA",76.67,0,40,0,0,27.001
2025,27550,"MA",73.89,0,40,40,0,30.167
2025,27478,"SMA",81.21,0,50,40,30,36.363
2025,27494,"SMA",78.71,0,50,0,0,28.613
2025,27668,"SMK",78.51,0,80,64,0,37.953
2025,27451,"SMA",81.23,0,40,0,0,28.369
2025,27300,"SMA",80.57,0,0,0,0,24.171
2025,27248,"MA",77.53,0,18,0,0,25.059
2025,27534,"MA",75.14,0,80,48,48,40.142
2025,27316,"MA",75.17,0,60,15,0,30.051
2025,27653,"MA",52.04,0,0,0,0,15.612
2025,27653,"MA",52.04,0,0,0,0,15.612
2025,27570,"MA",76.61,0,18,18,0,26.583
2025,27519,"MA",77.52,0,0,0,0,23.256
2025,27207,"SMA",85.75,0,64,48,25,39.425
2025,27708,"SMK",81.11,0,60,36,36,37.533
2025,27567,"SMK",68.49,0,0,0,0,20.547
2025,27594,"SMA",81.14,0,40,24,24,33.142
2025,27712,"SMK",69.83,0,0,0,0,20.949
2025,27216,"SMA",79.5,0,15,0,0,25.35
2025,27349,"SMK",74.82,0,50,20,20,31.446
2025,27611,"SMA",79.95,0,30,0,0,26.985
2025,27509,"MA",75.42,0,40,24,0,29.026
2025,27351,"SMA",78.64,0,30,0,0,26.592
2025,27221,"SMK",74.44,0,50,0,0,27.332
2025,27547,"SMA",79.16,0,0,0,0,23.748
2025,27331,"SMA",75.11,0,60,50,40,37.533
2025,27342,"SMA",81.08,0,0,0,0,24.324
2025,27373,"MA",82.98,0,50,0,0,29.894
2025,27601,"SMA",78.08,0,0,0,0,23.424
2025,27251,"SMA",80.21,0,40,0,0,28.063
2025,27632,"SMK",73,0,50,50,50,36.9
2025,27380,"SMA",85.65,0,50,0,0,30.695
2025,27579,"SMA",83.07,0,24,0,0,27.321
2025,27215,"SMA",79.35,0,48,36,36,35.805
2025,27586,"SMA",82.39,0,0,0,0,24.717
2025,27424,"SMA",73.51,0,85,0,0,30.553
2025,27713,"SMA",81.3,0,0,0,0,24.39
2025,27363,"SMK",80.59,0,60,60,0,36.177
2025,27559,"SMK",79.83,0,60,24,0,32.349
2025,27312,"SMA",82.99,0,60,0,0,30.897
2025,27585,"SMA",77.56,0,50,0,0,28.268
2025,27366,"SMA",73.33,0,0,0,0,21.999
2025,27681,"SMA",82.05,0,0,0,0,24.615
2025,27683,"SMK",75.66,0,0,0,0,22.698
2025,27587,"SMK",70.47,0,0,0,0,21.141
2025,27682,"SMK",78.41,0,36,36,36,34.323
2025,27263,"SMK",72.83,0,100,30,24,37.249
2025,27474,"SMK",69.42,0,0,0,0,20.826
2025,27517,"SMK",73.6,0,80,60,50,41.08
2025,27595,"SMA",82.47,0,50,15,0,31.241
2025,27506,"SMA",80.38,0,50,15,0,30.614
2025,27293,"SMA",83.6,0,40,30,0,32.08
2025,27228,"SMA",82.11,0,40,0,0,28.633
2025,27698,"SMK",73.88,0,0,0,0,22.164
2025,27420,"SMA",84.68,0,48,0,0,30.204
2025,27691,"SMK",79.31,0,50,30,24,34.193
2025,27284,"MA",75.95,0,40,18,18,30.385
2025,27499,"SMA",80.45,0,50,0,0,29.135
2025,27566,"SMK",80.31,0,60,18,0,31.893
2025,27328,"SMK",79.6,0,50,0,0,28.88
2025,27214,"SMA",77.76,0,50,40,30,35.328
2025,27511,"SMK",78.15,0,50,0,0,28.445
2025,27358,"SMK",76.27,0,40,0,0,26.881
2025,27464,"SMA",84.48,0,0,0,0,25.344
2025,27724,"SMK",78.61,0,60,18,0,31.383
2025,27292,"SMA",84.99,0,50,0,0,30.497
2025,27613,"MA",80.68,0,36,24,18,32.004
2025,27288,"SMA",80.38,0,50,30,0,32.114
2025,27461,"SMA",81.81,0,24,18,0,28.743
2025,27597,"SMA",82,0,85,0,0,33.1
2025,27466,"SMA",83.73,0,0,0,0,25.119
2025,27218,"SMK",79.97,0,100,0,0,33.991
2025,27239,"SMK",77.95,0,50,18,18,31.985
2025,27709,"SMK",73.89,0,60,24,18,32.367
2025,27231,"MA",79.7,0,64,0,0,30.31
2025,27654,"SMK",75.05,0,0,0,0,22.515
2025,27588,"SMK",74.23,0,60,60,50,39.269
2025,27686,"SMK",84.41,0,0,0,0,25.323
2025,27442,"SMK",79.45,0,50,40,36,36.435
2025,27460,"SMK",79.61,0,0,0,0,23.883
2025,27479,"SMA",76.31,0,0,0,0,22.893
2025,27479,"SMA",76.31,0,0,0,0,22.893
2025,27659,"SMK",72.35,0,60,60,0,33.705
2025,27336,"SMK",74.04,0,40,15,0,27.712
2025,27645,"SMK",74.95,0,50,50,0,32.485
2025,27279,"SMA",83.3,0,0,0,0,24.99
2025,27557,"SMK",74.55,0,80,80,0,38.365
2025,27605,"SMK",75.17,0,50,30,30,33.551
2025,27582,"SMK",82.13,0,48,40,0,33.439
2025,27401,"SMK",78.43,0,24,0,0,25.929
2025,27699,"SMA",84.68,0,70,0,0,32.404
2025,27418,"MA",76.24,0,50,0,0,27.872
2025,27544,"SMA",75.1,0,0,0,0,22.53
2025,27679,"SMA",82.33,0,30,0,0,27.699
2025,27607,"SMA",81.45,0,0,0,0,24.435
2025,27568,"SMA",81.96,0,50,0,0,29.588
2025,27575,"SMK",75.52,0,18,0,0,24.456
2025,27223,"SMA",81.67,0,0,0,0,24.501
2025,27520,"SMK",75.83,0,80,64,60,43.149
2025,27540,"SMK",71.19,0,36,24,24,29.757
2025,27241,"SMK",73.69,0,18,18,0,25.707
2025,27676,"SMK",77.93,0,50,20,0,30.379
2025,27504,"MA",78.89,0,40,18,0,29.467
2025,27437,"SMA",85.1,0,0,0,0,25.53
2025,27726,"SMK",71.79,0,0,0,0,21.537
2025,27365,"SMK",77.27,0,60,36,18,34.581
2025,27543,"SMK",79.15,0,50,48,40,37.545
2025,27484,"SMK",78.75,0,60,30,15,34.125
2025,27213,"SMA",81.85,0,60,60,20,38.555
2025,27233,"SMK",78.38,0,24,18,0,27.714
2025,27266,"SMK",74.87,0,60,60,20,36.461
2025,27549,"MA",76.82,0,0,0,0,23.046
2025,27408,"SMA",84.84,0,50,48,15,36.752
2025,27462,"SMK",78.02,0,60,60,50,40.406
2025,27410,"SMA",83.13,0,0,0,0,24.939
2025,27416,"SMA",82.78,0,50,48,48,39.434
2025,27725,"SMK",72.43,0,30,30,25,30.229
2025,27563,"SMK",70.71,0,0,0,0,21.213
2025,27563,"SMK",70.71,0,0,0,0,21.213
2025,27334,"SMA",77.55,0,50,50,0,33.265
2025,27652,"SMA",75.4,0,0,0,0,22.62
2025,27483,"SMK",70.76,0,50,48,40,35.028
2025,27707,"SMK",78.57,0,48,0,0,28.371
2025,27402,"SMK",72.86,0,50,50,40,35.858
2025,27680,"SMK",71.92,0,50,0,0,26.576
2025,27217,"SMA",79.23,0,50,40,40,36.769
2025,27684,"SMK",72.47,0,50,50,40,35.741
2025,27674,"SMK",72.67,0,50,40,0,30.801
2025,27454,"SMA",86.4,0,70,50,18,39.72
2025,27376,"SMA",84.6,0,50,18,0,32.18
2025,27516,"SMK",76.89,0,0,0,0,23.067
2025,27598,"MA",77.43,0,50,50,36,36.829
2025,27631,"SMK",73.37,0,0,0,0,22.011
2025,27556,"SMK",76.41,0,60,0,0,28.923
2025,27371,"SMA",78.71,0,0,0,0,23.613
2025,27660,"SMK",73.02,0,50,40,40,34.906
2025,27369,"SMK",79.08,0,50,36,36,35.924
2025,27393,"SMK",73.68,0,50,0,0,27.104
2025,27389,"SMA",82.68,0,50,0,0,29.804
2025,27257,"SMA",77.73,0,0,0,0,23.319
2025,27257,"SMA",77.73,0,0,0,0,23.319
2025,27299,"SMK",78.75,0,50,30,0,31.625
2025,27455,"SMA",79.58,0,36,15,0,28.974
2025,27721,"MA",73.99,0,50,0,0,27.197
2025,27720,"MA",88.06,0,15,15,15,30.918
2025,27715,"MA",88.78,0,18,18,18,32.034
2025,27701,"SMK",80.37,0,0,0,0,24.111
2025,27493,"SMA",86.34,0,50,0,0,30.902
2025,27524,"SMA",77.72,0,50,40,30,35.316
2025,27638,"SMK",75.13,0,50,50,0,32.539
2025,27305,"SMA",76.56,0,60,30,0,31.968
2025,27397,"MA",87.7,0,24,24,0,31.11
2025,27542,"SMK",74.86,0,0,0,0,22.458
2025,27272,"SMK",80.66,0,48,48,30,36.798
2025,27406,"SMA",74.31,0,60,50,0,33.293
2025,27581,"SMK",72.52,0,15,0,0,23.256
2025,27347,"SMA",81.48,0,50,0,0,29.444
2025,27205,"SMK",77.35,0,40,30,24,32.605
2025,27700,"SMK",69.36,0,40,0,0,24.808
2025,27700,"SMK",69.36,0,40,0,0,24.808
2025,27434,"MA",83.38,0,50,30,0,33.014
2025,27545,"SMK",76.79,0,60,48,0,33.837
2025,27445,"SMK",73.63,0,80,0,0,30.089
2025,27452,"SMK",72.64,0,80,60,30,38.792
2025,27569,"SMK",68.15,0,40,0,0,24.445
2025,27490,"SMK",75.52,0,0,0,0,22.656
2025,27234,"SMK",72.67,0,100,0,0,31.801
2025,27237,"SMK",77.46,0,0,0,0,23.238
2025,27404,"SMK",77.36,0,0,0,0,23.208
2025,27458,"SMK",66.4,0,60,0,0,25.92
2025,27473,"SMK",71.57,0,80,80,0,37.471
2025,27253,"MA",77.59,0,80,60,48,42.077
2025,27495,"SMA",82.2,0,60,0,0,30.66
2025,27501,"SMK",73,0,80,80,36,41.5
2025,27651,"MA",80.44,0,60,60,40,40.132
2025,27535,"SMK",69.48,0,80,60,60,40.844
2025,27443,"MA",74.74,0,0,0,0,22.422
2025,27443,"MA",74.74,0,0,0,0,22.422
2025,27245,"SMK",73.64,0,48,0,0,26.892
2025,27387,"SMA",77.36,0,50,0,0,28.208
2025,27510,"SMK",80.85,0,60,60,48,41.055
2025,27209,"SMA",79.77,0,60,60,60,41.931
2025,27548,"SMK",73.88,0,60,60,60,40.164
2025,27318,"SMK",77.12,0,80,0,0,31.136
2025,27553,"SMK",72.5,0,50,0,0,26.75
2025,27296,"SMK",70.03,0,80,80,60,43.009
2025,27377,"SMK",72.43,0,40,0,0,25.729
2025,27295,"SMA",81.35,0,50,24,0,31.805
2025,27306,"SMA",80.67,0,0,0,0,24.201
2025,27646,"SMK",76.06,0,60,18,0,30.618
2025,27719,"SMA",83.02,0,50,30,18,34.706
2025,27238,"SMA",81.81,0,100,100,30,47.543
2025,27388,"SMA",81.91,0,80,50,48,42.373
2025,27229,"SMK",79.68,0,0,0,0,23.904
2025,27229,"SMK",79.68,0,0,0,0,23.904
2025,27574,"MA",75.12,0,0,0,0,22.536
2025,27321,"SMK",78.54,0,60,60,0,35.562
2025,27285,"MA",81.17,0,85,50,0,37.851
2025,27573,"MA",75.84,0,0,0,0,22.752
2025,27235,"SMK",70.18,0,0,0,0,21.054
2025,27235,"SMK",70.18,0,0,0,0,21.054
2025,27400,"SMK",72.11,0,100,80,60,45.633
2025,27273,"MA",80.29,0,80,80,50,45.087
2025,27664,"MA",81.5,0,30,18,0,29.25
2025,27435,"SMA",86.68,0,80,80,30,45.004
2025,27685,"SMK",76.82,0,50,0,0,28.046
2025,27254,"SMK",76.2,0,50,50,30,35.86
2025,27463,"SMK",76.46,0,50,0,0,27.938
2025,27571,"MA",88.06,0,0,0,0,26.418
2025,27222,"SMK",80.25,0,80,64,0,38.475
2025,27329,"SMA",86.71,0,80,24,24,38.813
2025,27538,"SMA",81.03,0,60,48,48,39.909
2025,27261,"SMK",78.05,0,24,0,0,25.815
2025,27470,"SMK",74.76,0,60,18,0,30.228
2025,27614,"SMK",75.54,0,64,48,48,38.662
2025,27580,"SMK",72.72,0,0,0,0,21.816
2025,27572,"SMA",85.48,0,0,0,0,25.644
2025,27593,"SMK",70.74,0,60,60,50,38.222
2025,27576,"SMK",78.41,0,60,60,0,35.523
2025,27655,"SMK",74.3,0,0,0,0,22.29
2025,27690,"SMA",83.75,0,50,30,30,36.125
2025,27447,"SMA",81.82,0,0,0,0,24.546
2025,27411,"SMK",73.22,0,60,60,50,38.966
2025,27610,"SMK",71.8,0,60,50,0,32.54
2025,27323,"SMK",74.42,0,60,60,18,36.126
2025,27591,"SMA",80.67,0,60,20,0,32.201
2025,27396,"SMA",83.55,0,48,0,0,29.865
2025,27625,"MA",78.18,0,80,80,80,47.454
2025,27689,"SMK",80.28,0,48,0,0,28.884
2025,27398,"SMK",77.67,0,60,18,0,31.101
2025,27320,"SMK",74.69,0,50,40,0,31.407
2025,27256,"SMK",80.03,0,64,48,40,39.209
2025,27508,"SMK",71.62,0,36,0,0,25.086
2025,27341,"SMK",78.98,0,80,60,50,42.694
2025,27226,"SMK",78.36,0,0,0,0,23.508
2025,27330,"SMA",84.08,0,50,50,48,40.024
2025,27278,"SMK",81.06,0,80,50,40,41.318
2025,27486,"MA",74.67,0,80,64,64,43.201
2025,27277,"SMA",77.71,0,50,40,0,32.313
2025,27252,"SMK",79.58,0,50,0,0,28.874
2025,27362,"SMK",81.8,0,48,40,40,37.34
2025,27561,"SMA",67.71,0,0,0,0,20.313
2025,27500,"SMK",76.92,0,0,0,0,23.076
2025,27673,"SMK",74.34,0,100,50,30,40.302
2025,27647,"SMK",75.31,0,50,0,0,27.593
2025,27315,"SMK",75.23,0,80,50,0,35.569
2025,27325,"SMA",86.64,0,50,48,48,40.592
2025,27283,"SMA",81.84,0,60,50,24,37.952
2025,27562,"SMK",83.9,0,80,80,0,41.17
2025,27383,"SMK",77.11,0,60,0,0,29.133
2025,27409,"MA",75.95,0,64,0,0,29.185
2025,27727,"SMA",75.26,0,0,0,0,22.578
2025,27727,"SMA",75.26,0,0,0,0,22.578
2025,27663,"SMA",83.89,0,60,18,18,34.767
2025,27560,"SMA",82.44,0,100,30,24,40.132
2025,27412,"MA",72.53,0,50,50,18,33.559
2025,27650,"SMA",84.11,0,40,30,0,32.233
2025,27505,"SMA",80.37,0,30,0,0,27.111
2025,27677,"SMK",71.42,0,50,36,20,32.026
2025,27496,"SMK",73.24,0,50,15,0,28.472
2025,27220,"SMK",74.49,0,40,18,15,29.647
2025,27723,"SMK",76.36,0,80,50,0,35.908
2025,27514,"SMK",74.83,0,18,0,0,24.249
2025,27324,"SMK",77.43,0,50,36,30,34.829
2025,27444,"SMK",78.27,0,0,0,0,23.481
2025,27714,"SMA",78.22,0,40,40,24,33.866
2025,27533,"SMK",75.42,0,80,64,0,37.026
2025,27317,"SMK",78.11,0,50,40,0,32.433
2025,27392,"SMK",75.47,0,60,24,15,32.541
2025,27386,"MA",72.17,0,24,24,0,26.451
2025,27641,"MA",76.66,0,80,80,48,43.798
2025,27346,"SMK",75.34,0,64,60,30,38.002
2025,27515,"SMA",78.22,0,30,20,0,28.466
2025,27609,"SMK",79.41,0,0,0,0,23.823
2025,27665,"SMA",84.15,0,80,60,0,39.245
2025,27706,"MA",79.28,0,80,80,24,42.184
2025,27678,"SMA",80.56,0,40,0,0,28.168
2025,27247,"SMK",77.62,0,50,30,0,31.286
2025,27472,"SMK",81.03,0,0,0,0,24.309
2025,27348,"SMK",74.32,0,50,50,40,36.296
2025,27391,"SMK",78.96,0,60,0,0,29.688
2025,27512,"SMA",76.03,0,30,30,30,31.809
2025,27697,"SMA",85.11,0,70,0,0,32.533
2025,27471,"SMA",84.89,0,0,0,0,25.467
2025,27224,"SMK",75.83,0,40,40,0,30.749
2025,27656,"SMA",77.26,0,85,60,15,39.178
2025,27525,"SMK",77.31,0,40,0,0,27.193
2025,27489,"SMK",75.46,0,60,60,60,40.638
2025,27370,"SMA",79,0,50,40,0,32.7
2025,27390,"SMA",84.84,0,0,0,0,25.452
2025,27703,"SMA",78.78,0,40,30,24,33.034
2025,27529,"SMK",71.55,0,50,50,50,36.465
2025,27249,"SMA",80.46,0,50,0,0,29.138
2025,27243,"SMK",78.67,0,48,24,20,32.801
2025,27260,"SMK",78.81,0,36,36,30,33.843
2025,27309,"SMK",79.56,0,0,0,0,23.868
2025,27513,"SMK",74.32,0,48,48,0,31.896
2025,27433,"SMA",81.96,0,50,40,40,37.588
2025,27308,"SMK",75.94,0,60,18,0,30.582
2025,27599,"SMK",79.08,0,50,0,0,28.724
2025,27476,"SMK",76.13,0,60,30,0,31.839
2025,27212,"SMA",81.13,0,24,18,0,28.539
2025,27259,"SMK",81.75,0,18,18,18,29.925
2025,27497,"SMA",86.56,0,30,30,0,31.968
2025,27507,"SMK",79.44,0,50,48,18,35.432
2025,27592,"SMK",81.42,0,50,50,40,38.426
2025,27427,"SMK",77.31,0,60,50,50,39.193
2025,27429,"SMK",78.59,0,24,0,0,25.977
2025,27430,"SMA",83.21,0,30,25,0,30.463
2025,27539,"SMK",76.67,0,0,0,0,23.001
2025,27350,"SMA",85.2,0,60,0,0,31.56
2025,27206,"SMA",83.78,0,30,0,0,28.134
2025,27414,"SMK",76.06,0,60,20,0,30.818
2025,27431,"MA",78.07,0,40,15,15,30.421
2025,27488,"SMA",77.82,0,18,15,0,26.646
2025,27577,"SMK",77.75,0,0,0,0,23.325
2025,27304,"SMA",78.15,0,50,18,0,30.245
2025,27354,"SMK",75.01,0,0,0,0,22.503
2025,27368,"SMA",75.64,0,50,0,0,27.692
2025,27565,"SMK",76.84,0,100,48,0,37.852
2025,27364,"SMA",81.18,0,18,18,0,27.954
2025,27307,"SMK",78.82,0,36,0,0,27.246
2025,27578,"SMK",81.64,0,60,30,24,35.892
2025,27426,"SMK",73.8,0,50,0,0,27.14
2025,27436,"SMK",77.12,0,40,0,0,27.136
2025,27446,"SMA",81.26,0,40,30,30,34.378
2025,27492,"SMK",81.64,0,50,0,0,29.492
2025,27314,"SMK",75.64,0,60,48,18,35.292
2025,27232,"SMK",79.45,0,50,0,0,28.835
2025,27382,"SMK",79.41,0,50,0,0,28.823
2025,27355,"SMA",73.07,0,0,0,0,21.921
2025,27274,"SMK",77.29,0,80,48,0,35.987
2025,27338,"SMA",80.72,0,40,24,0,30.616
2025,27666,"SMK",71.51,0,60,50,50,37.453
2025,27360,"SMK",78.23,0,60,40,0,33.469
2025,27428,"SMA",84.33,0,30,0,0,28.299
2025,27339,"SMK",79.21,0,60,0,0,29.763
2025,27230,"SMA",83.48,0,64,60,24,39.844
2025,27236,"SMK",81.05,0,48,0,0,29.115
2025,27208,"SMK",77.77,0,18,0,0,25.131
2025,27477,"SMA",79.05,0,60,48,24,36.915
2025,27326,"SMK",78.24,0,60,0,0,29.472
2025,27555,"MA",84.51,0,40,0,0,29.353
2025,27439,"SMA",76.86,0,40,0,0,27.058
2025,27536,"SMK",74.59,0,64,48,30,36.577
2025,27423,"SMK",77.61,0,80,60,60,43.283
2025,27465,"SMK",82.58,0,30,18,0,29.574
2025,27482,"MA",79.8,0,0,0,0,23.94
2025,27441,"SMA",82.25,0,60,48,30,38.475
2025,27379,"SMK",77.78,0,0,0,0,23.334
2025,27298,"SMK",75.54,0,25,0,0,25.162
2025,27294,"SMK",78.87,0,30,0,0,26.661
2025,27449,"SMK",77.71,0,60,0,0,29.313
2025,27204,"MA",88.21,0,50,15,0,32.963
2025,27219,"SMA",81.44,0,64,0,0,30.832
2025,27225,"SMA",80.39,0,80,80,80,48.117
2025,27695,"SMK",79.1,0,48,36,36,35.73
2025,27378,"SMK",74,0,60,50,24,35.6
2025,27303,"SMK",74.12,0,50,50,40,36.236
2025,27344,"SMK",75.39,0,80,80,60,44.617
2025,27250,"SMK",74.32,0,50,0,0,27.296
2025,27395,"SMK",78.32,0,60,24,0,31.896
2025,27417,"SMK",79.02,0,50,50,50,38.706
2025,27450,"SMK",79.7,0,60,60,48,40.71
2025,27291,"SMK",73.81,0,30,0,0,25.143
2025,27282,"SMK",79.52,0,0,0,0,23.856
2025,27399,"SMK",72.82,0,50,0,0,26.846
2025,27311,"SMA",80.29,0,30,18,18,30.687
2025,27210,"SMK",82.5,0,0,0,0,24.75
2025,27421,"SMK",78.35,0,0,0,0,23.505
2025,27467,"MA",78.16,0,40,40,40,35.448
2025,27367,"SMK",77.2,0,50,0,0,28.16
2025,27269,"SMK",79.53,0,30,18,0,28.659
2025,27211,"SMK",79.19,0,50,0,0,28.757
2025,27531,"SMK",74.15,0,0,0,0,22.245
2025,27531,"SMK",74.15,0,0,0,0,22.245
2025,27630,"SMK",74.58,0,50,0,0,27.374
2025,27667,"SMK",68.84,0,0,0,0,20.652
2025,27419,"SMK",79.69,0,80,60,0,37.907
2025,27405,"SMK",75.52,0,15,0,0,24.156
2025,27374,"SMK",76.48,0,0,0,0,22.944
2025,27503,"SMK",80.07,0,50,15,0,30.521
2025,27608,"SMK",77.57,0,50,50,15,34.771
2025,27403,"MA",79.27,0,60,0,0,29.781
2025,27552,"SMK",72.98,0,50,0,0,26.894
2025,27675,"SMK",77.35,0,60,0,0,29.205
2025,27711,"SMK",77.92,0,80,80,18,41.176
2025,27203,"SMK",78.59,0,60,50,0,34.577
2025,27422,"SMK",72.06,0,0,0,0,21.618
2025,27422,"SMK",72.06,0,0,0,0,21.618
2025,27345,"SMK",73.91,0,50,40,30,34.173
2025,27583,"SMK",76.54,0,80,0,0,30.962
2025,27271,"SMK",78.12,0,30,0,0,26.436
2025,27310,"SMA",84,0,60,60,0,37.2
2025,27438,"SMK",80.42,0,48,30,18,33.726
2025,27717,"SMK",79.9,0,80,0,0,31.97
2025,27302,"SMA",82.02,0,30,24,0,30.006
2025,27558,"SMK",76.29,0,60,48,0,33.687
2025,27242,"SMK",81.33,0,80,50,0,37.399
2025,27375,"SMA",83.61,0,15,0,0,26.583
2025,27267,"SMK",79.36,0,36,30,18,32.208
2025,27456,"SMA",80.92,0,50,40,0,33.276
2025,27264,"SMK",81.59,0,80,50,40,41.477
2025,27468,"SMK",79.07,0,60,0,0,29.721
2025,27432,"SMA",72.66,0,80,30,18,34.598
2025,27596,"SMK",79.27,0,0,0,0,23.781
2025,27600,"SMK",75.72,0,0,0,0,22.716
2025,27337,"SMA",74.97,0,60,50,0,33.491
2025,27537,"SMK",75.63,0,60,60,40,38.689
2025,27297,"SMK",75.73,0,80,50,48,40.519
2025,27372,"SMA",83.18,0,100,50,48,44.754
2025,27642,"SMK",78.68,0,60,20,0,31.604
2025,27498,"SMK",80.44,0,80,64,64,44.932
2025,27340,"SMK",80.04,0,60,30,0,33.012
2025,27480,"SMK",77.06,0,60,48,36,37.518
2025,27270,"SMK",76.9,0,0,0,0,23.07
2025,27381,"SMA",79.38,0,50,24,18,33.014
