"TAHUN","MAHASISWA","TPS_KUANTITATIF","TPS_BACAAN_MENULIS","TPS_PENALARAN_UMUM","TPS_PENGETAHUAN_PEMAHAMAN","MATEMATIKA","BAHASA_INDONESIA","BAHASA_INGGRIS"
2023,24036,615.23,535.19,674.6,712.11,464.31,694.5,646.55
2023,23975,501.36,630.45,459.31,477.74,549.99,549.34,507.89
2023,24408,490.71,453.11,470.27,434.49,521.03,468.44,518.32
2023,24382,571.24,552.88,656.12,583.69,651.73,703.85,473.16
2023,24494,484.81,592.55,664.1,655.25,651.73,620.5,508.55
2023,23950,534.27,618.99,639.02,634.63,412.81,621.62,465.83
2023,24105,478.01,423.76,649.16,475.07,566.73,526.28,561.84
2023,24162,564.63,538.1,659.89,585.29,442.06,655.87,687.82
2023,24297,400.54,474.17,337.86,349.09,372.48,276.28,466.78
2023,24201,400.54,536.87,677.78,548.55,453.66,595.09,679.8
2023,24072,444.96,334.02,523.92,477.69,363.78,439.13,454.18
2023,24001,529.06,673.33,849.53,614.16,505.84,639.81,655.75
2023,23979,681.19,653.66,748.15,653.53,627.61,605.41,769.14
2023,24214,580.59,683.17,688.52,645.65,481.2,627.2,643.15
2023,23977,372.87,413.93,416.58,463.26,500.05,385.23,404.93
2023,24611,544.87,592.19,768.43,644.34,568.18,706.33,769.14
2023,24055,806.6,626.62,630.07,557.74,369.58,548.07,599.63
2023,24189,483.74,764.31,662.28,625.97,682.69,601.97,608.79
2023,24272,542.43,595.88,637.23,762.44,562.38,669.63,599.63
2023,24310,532.58,632.76,655.12,598.41,494.25,592.79,702.71
2023,24609,412.52,485.23,562.09,494.75,443.51,360,534.35
2023,24052,491.91,653.66,731.45,750.63,634.86,644.4,771.43
2023,24107,483.02,410.24,418.96,583.98,371.03,567.57,576.73
2023,24511,412.52,648.74,625.3,544.61,373.93,752.2,491.97
2023,24111,730.92,389.91,629.52,489.93,431.15,492.96,424.29
2023,23948,489.64,626.74,635.46,668.66,577.75,650.87,689.8
2023,24390,476.17,593.45,736.46,579.3,465.09,740.92,628.08
2023,24451,384.95,599.85,448.91,488.67,531.6,506.99,665.35
2023,24425,465.85,613.93,543.97,599.43,395.86,581.85,696.79
2023,24025,453.56,713.78,734.08,603.2,657.84,680.1,749.18
2023,24544,568.16,503.84,591.5,625.87,432.51,550.27,596.64
2023,24491,729.69,594.73,743.58,676.2,528.89,557.29,667.67
2023,23944,572.85,690.74,712.69,642.23,661.91,735.08,751.52
2023,24114,718.52,409.11,523.77,578.04,368.72,504.65,444.09
2023,24216,389.42,571.69,623.58,612.02,404.01,663.73,646.71
2023,24363,468.84,591.42,532.51,599.01,709.86,492.93,366.19
2023,24336,505.99,640.66,693.87,603.83,598.33,660.55,598.83
2023,24407,685.35,463.43,519.27,524.14,554.35,529.26,442.13
2023,23940,670.36,650.5,711.93,551.91,720.86,756.66,591.59
2023,24222,524.66,421.23,596.33,452.9,482.1,543.33,642.23
2023,24341,364.06,473.27,619.21,606.25,579.49,516.37,522.89
2023,24388,636.02,606.9,835.96,677.49,475.81,635.93,710.93
2023,24457,521.03,613.93,548.17,634.02,577.91,703.91,596.41
2023,24360,498.82,450.77,506.02,574.85,436.54,528.09,496.37
2023,24233,532.41,532.35,618,618.32,386.28,539.81,708.53
2023,24395,550.67,582.98,586.71,485.5,403.56,535.12,474.67
2023,24464,496.28,718.01,722.77,607.46,587.34,664.06,735.04
2023,24170,672.62,597.05,655.33,700.43,654.88,625.37,700.09
2023,24477,437.29,619.56,646.9,694.39,513.51,558.56,491.55
2023,24335,528.88,658.94,716.75,724.57,480.53,637.1,527.71
2023,24103,469.59,706.76,628.84,663,590.48,686.33,739.86
2023,23974,678.19,491.57,460.26,393.73,734.99,522.23,345.7
2023,23987,506.7,691.28,689.05,602.63,590.48,640.62,628.96
2023,24121,431.51,566.1,613.2,557.95,475.81,502.3,361.37
2023,24352,441.88,443.99,643.32,498.67,616.25,568.08,522.48
2023,24152,605.25,477.6,656.35,579.22,617.59,482.65,465.67
2023,24437,487.04,522.41,555.68,501.32,636.35,481.5,713.1
2023,24026,422.12,627.44,625.55,534.33,621.61,538.07,428.96
2023,24409,421.23,389.38,494.1,542.25,617.59,495.35,610.1
2023,24403,513.89,605.03,636.21,581.85,590.78,594.64,613.65
2023,24176,434.34,616.23,633.84,579.22,683.26,647.75,591.16
2023,24322,367.98,617.63,573.44,667.69,600.16,628.13,704.82
2023,24553,360.45,519.61,629.11,569.98,393.78,551.92,549.72
2023,24473,428.34,537.82,586.48,559.42,593.46,605.03,743.88
2023,24309,661.95,484.6,588.84,566.02,431.3,662.76,439.61
2023,24244,370.45,733.86,735.7,663.72,596.14,654.68,547.35
2023,24045,678.02,592.43,599.5,628.07,360.27,602.73,781.77
2023,24493,497.11,516.81,482.26,526.4,639.03,565.78,540.25
2023,24064,434.61,570.03,613.71,523.76,515.73,599.26,634.96
2023,24236,434.25,460.79,656.35,591.11,601.51,521.9,612.47
2023,24140,499.31,717.06,715.57,667.69,545.22,641.98,659.83
2023,24316,529.32,690.45,698.99,601.67,679.24,687,795.97
2023,23981,535.1,520.86,544.53,425.98,763.17,603.65,528.21
2023,24367,585,617.37,661.3,597.86,552.3,610.73,493.84
2023,23985,656.95,582.16,558.97,614.17,799.53,623.69,659.55
2023,24106,808.86,591.29,623.99,616.69,679.55,669.66,658.33
2023,24095,563.71,484.35,461.47,649.32,446.86,603.65,665.69
2023,24073,630.15,520.86,509.63,651.82,517.76,606.01,631.32
2023,24338,583.66,463.49,519.26,501.26,377.78,503.45,574.86
2023,24199,780.6,640.84,673.34,630.49,475.95,681.45,660.78
2023,24380,414.55,586.07,596.29,610.41,654.1,510.52,664.47
2023,24497,536.77,623.89,496.38,447.3,494.13,544.71,529.44
2023,24348,729.72,617.37,657.68,461.1,657.74,607.19,562.58
2023,24375,502.87,462.18,614.35,582.81,383.24,516.42,460.7
2023,23952,741.43,626.5,643.24,625.47,559.57,647.27,530.66
2023,24329,441.62,614.76,524.08,611.67,474.13,675.56,625.18
2023,23978,774.14,643.46,575.83,611.67,726.82,577.71,538.03
2023,24063,669.77,619.98,609.53,759.73,685,681.45,681.66
2023,24436,552.23,604.99,556.71,715.71,554.81,606.1,676.19
2023,23966,454.77,608.83,598.06,561.8,462.94,492.03,439.66
2023,23992,604.68,502.56,488.16,547.26,586.01,451.36,452.93
2023,23954,830.55,677.97,652.42,533.93,579.08,571.09,630.34
2023,24512,468.22,420.62,497.62,462.43,549.61,425.39,537.41
2023,24453,663.49,471.83,607.52,548.47,452.53,707.74,597.75
2023,24245,708.28,624.19,661.88,607.86,742.02,659.17,561.54
2023,24008,616.59,679.25,738.69,667.24,445.6,618.52,538.61
2023,24379,430.97,615.23,581.52,468.49,509.74,626.42,534.99
2023,24432,576.84,552.5,501.16,446.67,483.74,464.92,492.75
2023,24358,637.32,558.9,598.06,592.1,518.41,462.66,445.69
2023,24241,639.17,630.6,737.51,733.9,594.68,600.44,649.65
2023,24410,426.04,467.99,425.53,434.56,383.2,472.82,487.93
2023,24377,522.74,483.35,520.07,571.5,592.95,567.69,555.52
2023,24376,505.48,560.18,561.43,548.47,400.53,559.79,428.79
2023,24300,465.83,464.15,395.99,383.66,473.34,416.35,553.1
2023,24049,670.71,594.75,654.79,561.8,527.07,572.21,588.1
2023,24435,659.21,505.2,647.16,660.47,596.86,531.88,642.26
2023,24438,628.48,675.83,757.06,733.19,631.06,665.29,684.7
2023,24074,673.35,651.08,664.7,738.21,623.29,626.52,784.52
2023,24418,685.42,677.12,695.1,655.46,531.56,639.07,723.71
2023,24081,548.9,730.52,692.76,651.7,668.37,542.14,575.72
2023,24041,621.42,584.66,669.38,589.01,519.12,685.82,579.15
2023,24333,525.71,565.12,636.64,681.79,432.06,556.97,607.83
2023,24118,745.9,592.46,574.68,622.86,502.02,571.79,641.1
2023,24318,545.17,585.96,562.99,486.21,531.56,452.06,568.83
2023,23945,505.54,532.55,620.28,572.71,603.08,664.16,589.48
2023,24167,593.58,636.75,527.93,461.13,564.21,586.61,518.35
2023,24472,509.67,584.66,613.27,528.84,408.74,550.12,541.29
2023,24110,563.48,592.46,704.45,508.78,539.33,496.53,587.18
2023,24389,499.77,500,509.21,631.64,680.81,588.9,550.48
2023,24307,724.9,676.37,699.83,600.13,664.6,760.75,566.84
2023,23967,679.99,574.86,697.54,557.78,392.24,592.51,526.5
2023,24423,619.45,663.68,602.72,487.16,559.02,609.33,709.75
2023,24165,730.26,519.03,606.15,630.94,471.8,569.68,593.36
2023,24122,439.15,611.65,694.12,648.92,517.71,700.67,571.46
2023,24552,638.5,615.46,587.87,611.69,529.95,431.48,725.89
2023,23942,503.35,676.37,698.69,725.95,597.28,618.95,559.92
2023,24459,690.49,571.05,716.97,625.81,421.31,671.83,684.41
2023,24434,548.01,643.38,699.83,686.15,702.86,480.75,582.98
2023,24428,391.8,582.47,630.14,659.2,655.42,629.77,718.97
2023,24383,477.85,592.62,558.16,451.21,458.03,509.6,412.41
2023,24037,686.43,662.21,624.44,623.79,473.39,432.86,529.93
2023,24462,686.35,551.55,509.26,639.43,388.81,679.17,768.23
2023,24468,480.31,600.59,596.8,550.82,378.23,474.49,452.79
2023,24119,501.65,493.72,629.05,578.18,754.32,636.38,721.03
2023,24208,428.07,604.36,614.08,630.3,707.5,671.07,616.27
2023,24446,475.68,544.01,623.29,604.24,713.54,703.46,703.76
2023,24502,370.68,506.29,498.9,450.47,600.26,421.3,481.58
2023,24294,517.21,496.3,669.43,586.6,500.05,529.72,494.26
2023,24054,539.55,773.95,761.41,690.06,367.36,563.14,767.82
2023,24061,545.57,560.17,573.67,556.63,664.62,632.15,672.33
2023,23968,581.19,680.5,634.27,677.46,357.86,599.4,567.53
2023,23993,569.61,633.13,608.13,624.61,368.72,737.42,616.43
2023,24433,587.43,599.86,639.69,565.19,720.86,678.13,568.7
2023,23938,621.21,601.27,678.21,603.83,450.68,623.04,624.14
2023,24027,570.73,528.13,646.9,617.11,480.53,660.55,455.38
2023,23943,507.31,698.31,762.5,679.9,464.82,646.48,597.63
2023,24230,487.4,633.03,521.34,522.44,722.12,539.23,632.59
2023,24067,496.24,570.03,601.88,632.03,517.07,596.95,651.54
2023,24334,523.39,557.41,503.57,649.2,510.37,609.65,513.01
2023,24474,601.56,613.44,658.72,506.6,539.86,623.51,681.13
2023,24156,530.82,687.66,579.37,580.54,648.41,654.68,700.07
2023,24130,496.56,704.45,599.5,595.07,448.72,551.92,516.58
2023,24089,696.87,600.42,549.35,622.97,383.24,537.63,664.47
2023,24149,679.31,633.02,696.21,575.28,595.93,555.32,730.76
2023,24313,629.76,527.39,713.06,585.32,474.13,627.23,463.15
2023,24085,641.33,629.31,696.15,661.18,466.4,697.58,740.16
2023,24205,619.59,460.3,691.43,582.41,447.33,650.13,519.3
2023,23955,610.26,692.04,572.07,630.88,405.73,495.41,608.61
2023,24112,550.58,528.17,598.06,424.86,707.35,717.9,626.71
2023,24084,762.52,579.38,563.79,564.23,462.94,615.12,615.85
2023,24002,407.62,672.57,541.92,803.97,635.67,561.07,642.61
2023,24069,794.71,730.51,711,759.98,536.37,559.95,708.54
2023,24143,645.76,597.38,629.3,681.32,686,628.95,480.81
2023,24264,547.95,588.57,614.69,530.23,744.48,568.09,581.25
2023,24223,506.4,656.88,430.97,653.82,503.19,471.8,618.3
2023,24359,508,612.61,567.88,560.47,566.98,581.01,592
2023,24017,498.12,271,400.55,414.55,408.89,404.86,344.62
2023,24362,428.9,345.03,582.79,601.47,392.56,472.37,455.67
2023,23995,704.37,546.23,593.15,605.13,591.4,558.79,692.49
2023,24209,496.34,463.76,383.67,420.53,591.4,515.01,568.83
2023,24402,682.53,481.25,659.91,687.04,519.87,529.99,582.83
2023,24340,844.38,593.72,728.97,665.04,525.6,608.35,744.99
2023,24040,746.21,591.22,572.43,618.58,544.19,558.79,630.66
2023,24349,428.21,561.24,412.66,468.77,468.74,533.93,447.58
2023,24145,714.4,735.85,702.53,722.52,693.26,685.47,787.35
2023,24154,647.3,650.42,584.64,609.94,551.73,588.62,507.89
2023,24339,532.06,579.86,378.02,654.43,588.35,572.91,420.79
2023,24396,481.89,488.01,558.68,515.71,689.5,595.36,571.23
2023,24308,581.85,496,613.99,596.85,776.7,678.41,557.66
2023,24126,325.37,349.58,357.69,344.25,427.91,424.77,421.93
2023,24315,452.13,443.5,495.35,472.1,584.27,523.63,452.4
2023,24330,684.28,609.38,600.24,474.51,636.27,552.92,504.89
2023,24044,657.61,604.83,553,663.55,609.32,587.26,644.11
2023,24070,465.33,604.83,583.65,551.65,460.94,478.14,635.31
2023,24135,584.92,660.19,609.76,626.63,483.37,635.65,556.21
2023,24499,619.71,407.52,503.37,477.43,447.61,503.37,499.99
2023,24365,447.81,519.54,544.29,664.24,752.32,600.29,549.33
2023,24192,599.87,572.93,550.14,438.57,418.07,627.67,545.88
2023,24355,478.24,479.16,530.27,429.79,673.04,434.95,395.6
2023,24447,500.79,644.65,696.4,654.07,681.43,596.12,584.14
2023,24043,660.28,446.71,611.86,595,679.9,611.74,637.15
2023,24400,600.24,487.3,626.71,482.02,464.15,552.85,584.14
2023,23953,572.01,444.16,627.85,574.47,364.69,617.75,633.69
2023,24463,529.79,635.8,599.1,664.18,574.59,691.89,721.03
2023,24010,619.5,561.62,586.43,558.64,440.16,565.85,630.09
2023,23971,598.35,492.45,730.4,494.79,610.83,628.29,595.54
2023,24595,469.24,614.42,655.54,497.39,438.65,601.69,550.65
2023,24452,575.99,485.67,688.81,613.93,494.25,618.52,671.61
2023,24065,441,415.16,494.4,518.99,630.92,467.39,410.83
2023,24182,479.18,586.03,592.73,640.51,576.53,584.8,456.52
2023,23963,653.36,645.78,719.32,672.16,626.73,552.26,633.73
2023,24369,612.23,302.83,367.81,318.95,452.41,273.26,443.15
2023,24415,535.65,668.49,543,659.51,515.16,626.65,700.6
2023,24507,424.72,497.46,517.37,466.47,575.62,594.5,572.25
2023,24314,564.21,592.75,575.25,624.55,582.62,639.03,685.15
2023,24134,368.13,456.8,541.68,520.36,535.37,463.14,579.03
2023,24476,620.82,519.15,549.52,547.34,485.49,621.28,517.9
2023,24337,549,446.36,630.08,722.98,512.63,601.44,608.6
2023,24469,548.89,465.52,443.63,558.55,539.78,678.46,434.37
2023,23984,591.16,587.39,714.56,684.81,665.07,487.62,595.7
2023,24281,564.88,477.5,529.47,541.07,709.22,508.66,587.33
2023,24029,482.6,472.2,464.63,375.51,628.81,517.33,549.04
2023,24003,610.43,589.72,555.92,610.55,516.56,735.81,681.53
2023,24467,448.19,623.85,645.02,513.16,587.24,601.42,618.78
2023,24115,376.5,395.11,473.68,471.04,507.72,467.02,449.55
2023,24148,726.22,555.54,586.43,674.2,547.7,520.66,542.76
2023,24503,626.77,354.35,584.88,563.29,564.56,594.35,555.77
2023,24293,424.7,375.7,390.09,526.77,416.34,419.47,420.78
2023,24509,670.54,618.03,658.49,756.81,424.97,597.85,559.11
2023,24198,564.36,533.56,486.13,617.19,516.04,565.02,437.01
2023,24124,639.08,613.14,756.89,669.55,578.22,683.84,632.74
2023,23959,550.79,553.76,633.08,606.98,439.3,682.44,659.52
2023,24508,498.21,386.07,377.18,397.36,463.25,443.7,432.49
2023,24522,732.22,532.21,430.15,540.93,346.87,453.78,460.93
2023,24465,500.72,443.5,477.11,485.43,365.03,550.66,576.9
2023,24295,655.04,526.51,553,597.14,494.11,572.32,656.22
2023,24384,719.55,620.49,589.56,614.36,490.62,574.62,560.49
2023,24015,516.8,316.84,305.32,322.9,387.63,275.97,444.95
2023,24426,369.81,462.84,461.04,479.79,459.97,496.53,408.45
2023,24059,591.88,519.03,688.41,669.47,621.76,671.83,759.31
2023,24298,550.38,639.57,688.41,605.28,695.21,695.86,637.15
2023,23949,481.61,603.26,689.71,610.22,424.67,629.49,621.39
2023,23956,385.6,672.1,548.97,476.38,624.71,668.48,623.68
2023,23976,575.7,434.83,670.62,455.38,681.24,626.05,564.13
2023,24100,487.22,662.58,586.74,513.84,520.74,441.5,714.25
2023,24346,630.7,409.98,590.31,520.52,524.51,533.95,618.12
2023,24386,505.06,478.9,602.35,439.61,445.97,553.88,574.72
2023,24596,431.41,481.72,578.27,545.87,518.23,473,489.13
2023,24381,525.63,621.83,700.17,700.69,637.69,655.83,572.21
2023,24523,458.93,651.24,748.72,647.87,660.47,697.39,623.12
2023,23962,461.62,592.43,743.99,700.69,643.05,605.03,627.85
2023,24231,650.8,544.34,670.93,683.18,614.11,650.81,442.28
2023,23946,671.26,531.3,567.41,600.38,601.38,642.55,421.41
2023,24440,600.9,515.65,516.85,438.52,430.5,569.47,482.79
2023,24042,418.14,633.02,526.47,630.49,608.65,648.45,639.91
2023,24394,713.47,570.42,627.59,525.09,492.31,543.53,417.74
2023,24016,556.34,548.25,692.59,631.75,501.4,593.05,631.32
2023,24136,344.16,631.88,645.34,523.03,532.27,671.6,688.25
2023,24228,684.01,608.47,644.05,515.99,403.06,573.52,522.75
2023,24480,524.99,496.3,543.05,452.01,657.44,447.96,551.52
2023,24006,624.27,562.87,676.96,690.65,484.68,589.35,647.4
2023,23996,615.68,506.33,510.54,465.81,525.38,573.96,452.18
2023,24013,640.93,612.61,717.67,684.05,732,709.01,771.27
2023,24404,456.39,627.78,581.92,527.61,670.98,670.26,662.52
2023,24275,695.02,596.21,747.39,727.39,498.42,627.93,557.16
2023,24501,418.37,588.71,529.85,437.64,515.58,459.7,463.83
2023,24137,534.92,561.22,460.78,623.48,735.88,738.55,558.33
2023,24475,445.86,587.47,507.97,559.9,548.48,588.75,530.33
2023,24263,541.61,488.75,692.14,452.31,647.19,559.94,694.83
2023,24142,751.21,572.47,692.14,624.7,644.33,580.68,671.49
2023,24373,542.83,639.43,601.26,594.99,616.45,680.94,676.8
2023,24083,635.5,683.72,667.61,640.54,549.98,654.93,757.1
2023,24496,511.14,597.72,460.4,472.68,731.66,617.61,693.1
2023,24164,548.62,629,574.48,570.27,592.82,578.04,496.45
2023,23980,594.2,591.85,644.48,413.61,551.73,562.81,626.66
2023,24368,432.85,505.32,402.86,425.4,638.93,439.36,442.28
2023,24489,533.58,585.18,530.44,519.63,604.05,507.82,459.25
2023,23937,637.06,571.88,664.8,704.17,499.41,475.27,649.28
2023,24405,663.62,621.39,738.2,681.94,501.35,694.84,639.14
2023,24260,622.89,594.95,656.12,622.51,549.13,585.58,629.38
2023,23947,642.83,467.54,530.69,472.1,695.29,452.67,492.68
2023,24277,687.57,723.57,737.07,711.06,703.73,637.39,723.36
2023,24401,603.92,495.18,528.42,576.41,678.43,418.87,619.62
2023,24207,485.23,465.13,491.93,518.19,571.62,508.99,476.82
2023,24175,682.36,530.05,472.55,473.31,623.62,541.65,524.42
2023,24051,647.54,689.91,576.3,577.63,564.59,698.22,570.79
2023,24180,606.91,650.61,603.7,610.67,377.16,694.08,660.62
2023,24212,722.78,593.99,470.44,567.63,632.01,629.76,572.59
2023,24398,701.49,495.03,556.27,713.65,713.82,659.1,748.28
2023,23983,585.48,413.29,453.01,438.07,436.76,446.17,575.5
2023,24265,592.42,631.29,642.31,539.19,708.02,586.98,543.47
2023,24206,573.65,590.41,605.6,631.48,374.38,538.9,694.5
2023,24291,613.89,537.15,500.05,537.93,626.78,501.12,537.74
2023,24161,517.99,373.65,675.59,554.36,510.74,562.93,570.93
2023,24196,671.69,495.81,508.31,562.05,298.63,475.72,588.79
2023,24159,579.67,557.83,615.5,539.34,583.14,635.5,704.63
2023,23941,721.92,525.15,716.58,501.3,754.32,664.14,502.29
2023,23973,486.39,610.09,618.82,696.35,440.66,601.74,752.68
2023,24093,756.71,481.72,392.83,443.23,472.67,506.99,355.34
2023,23958,802.35,631.72,657.68,766,595.93,618.98,631.32
2023,23964,620.26,525.45,622.45,514.42,544.54,569.58,745.74
2023,24082,538.01,484.36,474.83,611.59,543.51,513.49,529.3
2024,26263,549.27,569.11,609.13,570.04,506.85,456.52,593.41
2024,26139,737.74,535.15,520.03,556.63,515.51,578.98,581.66
2024,25911,483.41,612.08,682.28,555.28,639.41,565.43,461.13
2024,26099,467.1,642.19,617.64,609.27,419.2,596.48,587.2
2024,26086,674.87,588.83,745.05,656.37,702.5,580.82,588.34
2024,25846,469.09,522.16,724.77,576.9,572.49,584.8,601.07
2024,26131,797.04,713.03,589.65,542.84,569.81,577.27,475.33
2024,25981,466.07,634.78,671.36,676.97,611.52,696.29,634.35
2024,26091,517.32,707.2,711.4,513.84,545.71,605.57,734.4
2024,26090,643.15,468.37,486.01,595.54,696.69,598.4,507.48
2024,26038,880.92,597.1,633.4,696.57,657.73,575.56,617.27
2024,25839,635.23,655.14,688.23,776.38,590.43,768.85,657.68
2024,25963,426.78,643.43,630.98,614.84,613.27,689.91,620.96
2024,26249,728.83,480.66,562.62,613.55,786.45,554.85,707.21
2024,25803,582.08,591.84,607.12,583.23,570.38,579.25,618.65
2024,25923,580.63,530.48,555.84,544.76,606.93,583.72,750.59
2024,25752,684.09,694.54,703.59,687.87,801.96,730.01,770.06
2024,26129,514.97,609.77,687.36,630.44,427.06,728.66,730.63
2023,23969,500.76,641.04,656.3,571.87,468.87,700.26,704.35
2023,24076,670.88,614.38,756.89,553.6,570.99,591.3,610.99
2023,24190,666.68,663.88,647.7,680.57,622.41,735.97,601.37
2023,24186,553.34,679.97,548.73,771.98,646.55,635.74,706.14
2023,24387,658.29,563.44,621.01,574.47,666.13,608.14,627.93
2023,24344,701.57,500,581.74,634.54,426.41,680.8,523.87
2023,24262,634,736.98,693.35,559.03,393.89,691.83,689.03
2023,24019,611.57,548.02,522.8,585.54,621.11,569.64,468.61
2023,24153,596.61,613.36,501.14,579.37,445.11,613.09,590.7
2023,23939,427.99,640.63,576.3,614.02,589.89,584.46,796.59
2023,23951,550.35,725.46,639.77,614.87,665.83,677.77,720.2
2023,24091,749.85,639.25,755.74,657.08,503.03,617.58,640.76
2023,24171,435.19,519.61,690.7,719.18,364.29,692.78,733.23
2023,24305,720.01,620.14,560.86,676.99,459.97,601.85,771.16
2023,24191,641.4,730.11,684.33,554.73,509.64,628.29,692.25
2023,24498,654.71,654.23,643.8,608.22,790.87,652.73,712.34
2023,24356,645.76,503.84,638.15,563.54,474.31,529.08,528.65
2023,24038,495.35,627.99,537.33,594.18,526.08,605.46,719.37
2023,24077,599.68,598.03,552.13,605.63,420.58,593.48,485.79
2023,24004,588.54,642.12,665.42,670.88,592.95,704.35,652.05
2023,24357,819.09,552.48,623.08,572.13,572.8,675.18,697.15
2023,24325,532.75,599.75,613.93,641.91,440.92,582.2,675.76
2023,24242,397.56,530.12,473.97,512.29,446.98,496.51,514.27
2023,24123,420.62,620.7,627.35,707.2,404.11,642.37,729.18
2023,24317,629.11,503.84,601.32,686.86,415.23,564.09,690.95
2023,24327,424.45,647.04,552.13,510.56,553.26,778.22,536.7
2023,24120,770.56,612.16,686.58,719.57,559.57,641.37,578.54
2023,24022,716.83,617.21,765.24,675.52,716.57,644.77,714.53
2023,24057,696.8,662.21,754.59,579.48,539.85,673.39,737.15
2023,24370,638.15,593.21,597.26,596.21,704.83,546.44,513.36
2023,24184,513.21,632.64,556.57,503.79,636.49,524.35,510.01
2023,24439,475.22,472.94,584.75,597.1,453.66,605.41,567.56
2023,23982,731.27,787.35,680.18,717.45,417.9,699.17,735.69
2023,24270,630.06,579.37,602.19,610.76,399.93,668.4,539.57
2023,24097,388.96,477.5,545.76,577.26,441.26,537.47,537.35
2023,24312,603.34,685.65,582.7,661.18,506.27,757.43,534.99
2023,24068,496.79,589.97,582.79,627.14,544.19,569.16,584
2023,23965,560.83,574.98,520.34,594.48,453.66,580.18,614.52
2023,24039,548.08,459.39,574.63,596.38,652.43,540.38,549.72
2023,24086,704.5,592.18,625.24,696.32,670.95,738.23,626.71
2023,24146,568.32,495.07,617.95,721.32,638.39,609.72,778.06
2023,24079,693.04,700.02,632.02,577.47,607.58,603.33,656.22
2023,23935,587.9,625.09,774.25,661.82,533.95,679.71,696.79
2023,23961,590.81,491.11,589.02,696.42,526.89,505.98,529.96
2023,23989,493.79,561.89,614.4,611.08,529.22,694.54,567.48
2023,24371,610.85,702.54,775.75,682.32,504.09,676.95,743.48
2023,24286,362.69,620.43,582.92,569.98,573.36,645.44,549.72
2023,24141,496.47,647.04,563.97,633.36,431.3,639.66,781.77
2023,24200,420.28,497.21,566.35,567.34,669.85,484.96,406.47
2023,24366,684.52,530,508.43,567.75,599.56,597.76,711.11
2023,24500,593.17,709.97,603.52,501.26,585.02,699.14,773.72
2023,24478,581.67,729.18,725.69,641.78,487.2,664.82,548.27
2023,24332,578.05,662.6,600.43,609.07,540.94,630.94,544.65
2023,24088,858.95,670.11,699.66,633.32,545.89,546.37,710.93
2023,24158,820.17,679.97,654.26,661.32,730.89,696.82,722.92
2023,24101,554.87,686.13,512.41,448.01,673.76,518.09,666.59
2023,24090,701.66,666.78,602.41,567.67,620.88,539.58,607
2023,23936,687.63,566.55,655.78,598.15,509.88,664.94,641.37
2023,24117,559.48,569.21,585.77,608.62,363.39,612.2,615.35
2023,24005,657.07,710.34,608.23,601.88,681.24,630.64,535.4
2023,24035,631.97,610.57,709.7,519.41,539.3,754.54,716.03
2023,24417,490.89,601.22,575.4,645.1,560.44,533.27,627.61
2023,24353,543.72,633.75,519.97,551.65,469.67,627.46,696.94
2023,24099,554.61,648.5,555.85,693.83,524.81,709.34,635.07
2023,24513,401.22,439.53,549.37,413.05,568.49,489.41,450.56
2023,24014,732.22,526.62,514.24,472.27,397.8,563.47,791.24
2023,24455,626.35,617.37,602.32,648.06,821.34,552.96,563.81
2023,24347,413.84,454.35,453.05,626.72,606.84,633.13,529.44
2023,24354,536.48,621.64,671.33,616.34,634.55,630.94,607.41
2023,24249,611.91,574.26,684.33,618.77,728.16,591.41,638.78
2023,24374,702.12,754.78,627.6,598.17,478.54,612.86,594.12
2023,24385,513.76,534.51,521.5,513.33,626.15,635.74,493.99
2023,24210,423.97,563.72,487.26,473.1,733.02,570.32,577
2023,24429,538.6,470.03,654.8,561.16,672.58,557.68,559.28
2023,24454,416.71,642.6,540.62,497.37,587.02,584.77,590.47
2023,24050,624.38,726.2,801.82,712.58,430.46,684.54,696.98
2023,24278,728.78,578.67,727.88,607.6,453.66,620.32,625.97
2023,24430,659.8,490.15,467.86,426.51,453.66,441.42,415.24
2023,24397,475.79,397.95,519.15,694.21,371.03,475.82,482.81
2023,24331,729.69,639.54,524.96,630.89,370.07,602.91,615.27
2023,24292,721.2,657.53,502.42,578.47,504.09,536.29,545.79
2023,23970,450.02,447.96,398.85,396.15,637.6,413.23,459
2023,24526,518.36,501.4,566.35,560.73,550.58,510.36,544.98
2023,24053,518.86,572.82,521.34,595.07,559.96,487.27,458.55
2023,24011,367.49,784.27,723.86,708.62,553.26,695.09,663.38
2023,24324,776.14,533.91,719.08,585.32,605.02,582.43,571.17
2023,23994,623.86,562.6,631.21,537.65,475.95,656.71,653.41
2023,24094,720.41,451.75,644.44,606.66,706.82,656.71,655.88
2023,24393,532.55,544.34,557.78,525.09,455.95,382.03,471.75
2023,24506,468.24,498.72,614.61,571.5,556.54,588.02,538.61
2023,24516,491.66,430.86,313.26,269.73,358.93,289.86,430
2023,24319,483.31,663.88,687.87,744.81,572.14,759.69,695.5
2023,23986,578.8,750.94,603.98,592.1,575.61,598.18,658.09
2023,24144,618.1,505.11,505.89,616.34,490.67,513.48,579.65
2023,24424,609.7,597.38,526.03,615.99,623.43,540.72,615.05
2023,24392,651.02,613.4,665.62,610.66,509.16,676.46,522.75
2023,24520,614.03,445.76,430.71,625.33,475.16,460.4,523.95
2023,24131,593.48,575.19,605.47,535.99,698.24,579.18,583.88
2023,23999,600.2,585.05,607.73,581.33,635.67,511.3,537.13
2023,24048,558.87,444.33,612.35,557.84,644.64,444.78,513.13
2023,24321,509.55,601.22,538.63,617,630.77,611.54,586.03
2023,24018,621.62,386.28,507.97,387.53,547.05,467.76,476.66
2023,24431,426.59,617.46,520.64,581.91,448.35,528.83,497.67
2023,24482,617.66,358.79,411.29,382.63,362.52,467.76,414.84
2023,23960,490.92,583.72,640.34,621.02,605.71,674.02,554.83
2023,24187,757.89,657.45,712.86,757.95,522.74,702.83,778.82
2023,24328,631.58,586.22,585.09,639.37,634.32,544.96,623.66
2023,24169,509.36,642.45,592,575.79,728.73,621.02,512.83
2023,24573,472.59,465,499.92,477.99,398.28,467.76,399.66
2023,24442,776.05,584.69,655.97,658.76,582.48,604.04,523.22
2023,23988,513.76,500,637.34,489.59,523.39,547.5,546.48
2023,24060,597.84,449.19,636.18,671.77,589.86,604.04,691.93
2023,24350,529.89,636.65,731.7,568.35,841.55,602.15,521.5
2023,24257,548.73,588.22,701.35,620.15,618.93,570.4,638.51
2023,24289,630.42,472.34,610.62,574.27,518.7,555.44,578.27
2023,24139,660.09,606.8,554.81,581.49,573.54,599.16,575.72
2023,24028,509.94,708.67,557.78,560.23,477.77,604.84,800.72
2023,23972,536.67,434.93,496.38,501.22,679.15,471.25,546.18
2023,24427,683.19,539.33,541.81,522.31,504.39,333.62,467.92
2023,24515,580.04,623.79,719.99,613.22,524.87,713.73,530.19
2023,24460,544.58,365.58,510.68,341.56,596.14,437.62,380.42
2023,23957,517.4,417.84,512.03,617.94,661.37,504.63,604.32
2024,26133,586.81,644.75,622.43,586.36,738.1,490.14,557.83
2024,26028,635.34,524.08,596.78,607.46,760,601.38,607.05
2024,26244,566.7,658.58,604.05,626.74,454.08,570.62,668.94
2024,25900,434.73,678.7,650.6,658.92,574.46,656.08,659.12
2024,26039,595.45,611.45,764.73,543.13,751.68,609.4,718.99
2024,26048,603.58,634.44,564.58,559.83,666.78,676.45,564.92
2024,25829,567.69,581.84,630.47,536.16,645.4,655.61,584.96
2024,25832,454.63,565.56,625.09,620.15,637.59,678.4,532.84
2024,25764,580.6,638.11,645.71,564.75,495.69,602.07,580.03
2024,25932,551.36,576.21,653.78,645.54,740.29,657.06,600.65
2024,26092,574.11,568.31,600.83,603.32,561.8,622.7,650.81
2024,25894,557.2,576.33,566.57,641.68,826.83,694.7,640.3
2024,26070,725.6,685.84,581.47,492.83,613.28,679.94,642.23
2024,25978,839,543.32,611.16,557.39,653.28,658.16,671.11
2024,25788,743.45,486.46,629.14,564.81,531.88,709.68,640.71
2024,26001,646.41,748.11,689.89,606.25,586.28,637.07,634.99
2024,25882,632.1,577.74,684.44,621.89,551.31,708.74,611.22
2024,25908,513.44,556.63,697.65,663.85,741.81,668.42,602.5
2024,25805,679.49,576.96,487.92,637.49,735.99,715.48,742.04
2024,26145,625.61,668.36,710.58,595.25,562.46,727.48,654.59
2024,26154,598.93,546.16,605.32,572.59,656.27,575.38,712.89
2024,25986,557.25,624.95,618.44,705.55,765.51,582.17,782.4
2024,26180,614.07,565.61,526.22,543.12,492.89,643.55,620.8
2024,25960,387.31,485.23,554.74,537.38,492.41,468.39,484.85
2024,26204,617.96,541.43,554.91,543.39,634.04,496.6,645.27
2024,25792,621.2,502.25,508.09,525.49,476.32,524.71,560.83
2024,25807,621.51,590.6,684.06,622.21,771.73,688.56,749.82
2024,25762,444.56,670.86,569.67,646.87,571.35,603.05,592.32
2024,25834,452.9,509.55,551.19,549.84,626.77,580.66,496.28
2024,26140,367.91,689.91,618.42,583.36,445.79,705.36,770.96
2024,25833,591.73,490.23,552.75,493.33,666.2,477.12,752.57
2024,25789,388.41,606.42,547.73,475.4,699.05,453.44,406.8
2024,26222,520.73,522.07,544.57,569.22,669.9,474.51,403.35
2024,26076,576.44,436.16,564.83,564.88,382.81,471.41,563.97
2024,26271,487.97,625.01,723.21,608.24,544.99,512.3,487.79
2024,25791,489.17,624.13,609.91,620.02,604.78,713.17,784.39
2024,25969,647.19,757.74,538.68,624.36,675.33,689.98,669.33
2024,26185,667.11,572.49,639.97,547.75,595.66,464.02,625.77
2024,26141,551.19,576.55,636.68,538.87,562.1,567.09,673.44
2024,25924,718.96,585.27,629.2,592.05,619.11,602.93,687
2024,26229,347.68,456.99,585.09,522.41,627.45,573.12,599.18
2024,25918,570.14,613.12,626.23,575.78,577.37,766.81,604.63
2024,25830,733.62,550.19,582.75,675.71,539.63,634.87,725.69
2024,25768,684.43,528.34,520.24,645.23,628.35,637.89,597.88
2024,25745,544.48,625.33,617.66,664.63,577.24,694.94,666.31
2024,25809,537.12,624.15,586.52,598.92,604.29,576.44,705.85
2024,26065,590.18,501.11,615.2,660.67,558.4,681.99,532.46
2024,26166,435.09,573.19,594.8,560.33,630.63,666.33,611.81
2024,25810,606.52,543.64,502.73,458.16,394.35,549.02,462.75
2024,25748,611.79,582.73,640.36,595.53,566.87,671.07,665.1
2024,26174,483.49,639.53,567.62,530.9,621.82,590.74,662.4
2024,25862,603.63,688.14,712.48,433.85,578.65,658.36,603.26
2024,26257,435.64,486.84,549.62,620.47,521.43,694.19,579.72
2024,26105,697.35,622.35,683.91,664.82,603.04,622.6,739.24
2024,25863,509.61,602.27,689.14,514.62,693.33,622.6,687.75
2024,25961,688.85,629.64,669.71,560.98,784.15,668.88,607.83
2024,26068,738.15,537.05,499.77,615.35,607.02,691.29,809.98
2024,26158,446,460.97,576.21,458.03,437.29,518.69,450.16
2024,25775,482.98,679.4,638.02,580.93,605,623.23,521.23
2024,25980,746.46,470.75,529.31,508.68,785.56,615.23,568.38
2024,25798,721.37,676.24,593.06,632.61,607.3,515.95,468.06
2024,26242,464.81,549.45,568.83,618.83,489.22,512.75,495.29
2024,25904,530.06,674.43,727.98,588.1,509.93,573.97,609.1
2024,25884,689.09,613.83,593.73,564.22,590.95,505.97,509.61
2024,26197,444.56,642.54,688.32,508.35,736,680.16,551.14
2024,26228,671.23,647.18,641.81,614.56,595.16,614.37,731.8
2024,26094,544.27,608.12,618.23,622.93,478.95,584.67,605.76
2024,26132,650.52,645.19,717.39,507.88,536.5,755.25,763.83
2024,25883,450.78,596.83,587.98,521.7,497.75,628.98,537.75
2024,26084,632,653.98,646.65,607.75,564.42,571.35,678.52
2024,26147,778.15,648.72,677.42,650.37,654.13,713.61,702.52
2024,26016,543.83,544.32,590.76,661.73,657.36,590.28,560.25
2024,25814,746.22,686.81,713.49,640.55,651.62,733.18,597.12
2024,26050,623.57,614.53,684.9,645.56,550.06,572.09,656.41
2024,25974,775.81,528.15,475.59,520.83,615.49,562.3,457.81
2024,26071,646.81,600.15,579.74,576.4,620.68,600.29,542.75
2024,26119,528.4,551.63,583.83,478.66,537.53,428.19,519.01
2024,26231,617.34,713.26,674.55,661.1,674.26,710.35,728.01
2024,26117,419.44,510.76,592.39,534.12,569.03,604.16,671.68
2024,25873,764.8,736.29,661.16,644.07,773.56,636.83,580.13
2024,25891,837.33,608.46,642.17,579.73,543,563.19,512.31
2024,25828,686.46,580.06,707.36,688.52,692.36,603.29,591.67
2024,25856,795.99,571.4,613.93,634.41,714.35,584.98,572.17
2024,26155,720.79,847.92,674.2,678.7,661.31,582.36,738.32
2024,25746,631.36,570.06,522.98,669.85,547.64,533.16,627.88
2024,26150,636.87,584.66,536.65,560.04,438.75,595.82,628.58
2024,26122,592.7,557.15,603.11,613.19,618.51,554.28,473.92
2024,26178,648.05,550.21,638.74,616.41,679.41,551.85,498.91
2024,25820,576.9,590.78,668.99,637.05,687.97,521.37,655.49
2024,25842,601.26,693.17,687.87,688.03,668.46,654.35,684.88
2024,26115,487.79,509.49,617.71,592.43,597.52,674.82,525.19
2024,26161,657.54,509.53,603.51,597.29,590.75,418.14,600.19
2024,25769,501.45,587.84,663.61,592.86,595.66,554.02,719.11
2024,26059,377.33,476.92,560,596.2,523,581.12,512.56
2024,26058,695.58,654.88,637.63,664.16,769.83,509.74,628.23
2024,26036,579.01,746.31,566.56,558.9,618.23,645.17,581.07
2024,26101,594.5,536.91,591.42,562.2,580.87,506.47,525.51
2024,26194,566.3,585.63,586.19,574.58,646.19,554.25,632.63
2024,25822,512.11,594.69,586.2,558.09,619.83,656.28,669.99
2024,26046,440.17,601.61,598.57,515.73,710.2,581.95,719.62
2024,26135,485.06,617.08,599.69,639.95,502.65,663.01,758.1
2024,25977,497.08,694.72,709.63,657.03,470.05,745.28,674.58
2024,26165,537.2,772.42,759.14,666.39,713.05,566.63,719.75
2024,25852,577.86,574.7,613.29,567.35,648.28,574.28,523.36
2024,26123,477.3,581.31,623.66,508.15,523.68,621.67,722.88
2024,26207,630.89,720,755.44,650.5,689.11,649.2,678.01
2024,25975,469.55,605.51,535.43,636.14,519.17,585.42,544.41
2024,25843,554.59,584.76,627.5,502.36,697.4,565.17,592.85
2024,25760,599.07,608.39,730.11,551.75,932.02,640.77,587.19
2024,26013,612.83,568.77,605.73,599.98,676.65,620.71,630.96
2024,25994,668.62,492.67,681.04,609.29,615.61,573.18,652.35
2024,26078,509.93,531.94,710.63,516.33,654.43,611.64,583
2024,26110,461.31,732.6,662.29,722.02,767.66,625.93,746.17
2024,25928,576.85,598.04,657.87,568.15,671.32,619.55,613.36
2024,26162,577.5,614.29,474.55,564.65,386.05,627.89,673.67
2024,26215,501.79,569.56,666.25,659.16,589.44,661.12,670.96
2024,26196,549.85,413.32,376.19,411.6,406.99,418.84,391.74
2024,25837,728.66,642.77,685.9,624.83,687.13,580.61,631.73
2024,25812,478.09,524.47,579.83,447.88,630.2,518.1,502.51
2024,26136,560.16,717.1,581.28,744.83,522.33,570.14,676.82
2024,25878,560.51,691.42,664.49,671.75,675.61,626.64,737.18
2024,26120,697.47,550.65,566.58,570.93,589.46,550.78,583
2024,25933,482.18,604.67,567.7,589.88,666.24,560.12,711.63
2024,26072,728.83,584.6,632.73,708.76,676.42,619.09,538.49
2024,25757,756.65,712.08,650.48,637.06,799.83,671.09,598.98
2024,25968,616.35,522.63,662.31,676.64,689.32,594.18,633.38
2024,26182,552.38,557.91,531.1,618.81,650.67,515.86,613.17
2024,26137,620.53,645.63,574.56,666.43,521.05,504.7,519.67
2024,26018,511.18,681.71,579.28,558.98,527.08,713.53,660.92
2024,26081,577.06,572.13,626.15,673.29,580.39,575.7,574.61
2024,25827,639.68,622.73,659.15,691.78,572.73,660.61,672.53
2024,25766,842.7,657.81,558.03,588.7,667.09,619.16,766.83
2024,26205,511.54,493.99,666.48,576.6,582.35,569.22,605.35
2024,26200,554.95,550.55,585.33,502.63,711.48,673.59,714.76
2024,26134,454.89,683.24,638.7,605.1,663.44,600.05,569.88
2024,26152,654.24,621.96,509.8,618.5,626.64,539.1,577.91
2024,26124,696.66,555.11,632.3,612.1,487.67,538.6,537.59
2024,25926,586.02,633.48,592.52,659.54,497.6,583.74,560.83
2024,25844,562.15,536.91,616.09,522.63,655.76,603.71,572.29
2024,26096,726.95,509.63,628.53,685,646.38,625.79,529.09
2024,26000,540.63,536.63,683.98,531.42,733.83,686.74,528.63
2024,25767,635.46,561.17,659.57,666.33,661.19,560,616.38
2024,26113,725.77,669.04,656.46,653.09,621.18,552.64,534.7
2024,25890,778.03,621.29,556.48,522.82,616.77,443.63,535.25
2024,25937,633.83,640.14,553.92,515.61,488.56,663.34,678.81
2024,25913,626.78,543.83,620.67,488.25,661.36,563.23,656.56
2024,25865,731.41,711.37,673.41,727.94,645.88,779.6,699.88
2024,25785,661.99,613.21,550.04,647.59,455.3,574.5,790.44
2024,25921,605.16,552.63,570.51,683.34,405.08,625.66,651.42
2024,25897,725.87,642.7,554.85,554.3,605.29,525,575.6
2024,25799,712.61,637.42,639.16,645.55,462.19,553.97,598.14
2024,25845,481.36,589.11,751.37,642.35,586.47,640.47,535.13
2024,25934,632.12,527.36,536.79,562.37,516.3,573.7,460.4
2024,25989,685.13,402.23,591.75,605.71,490.57,557.05,461.52
2024,25826,655.77,623.9,509.97,689.88,481.6,607.07,624.66
2024,26005,611.21,645.55,641.89,602.59,683.85,654.98,719.42
2024,26006,556.51,622.18,645.39,625.14,612.65,648.32,541.07
2024,26052,444.44,612.47,582.51,624.46,660.05,612.32,597.11
2024,25984,656.19,593.63,551.32,560.32,480.28,620.39,452.59
2024,26009,639.48,621.52,566.97,601.44,528.17,613.99,701.16
2024,25922,588.35,652.09,570.39,614.23,597.4,590.51,730.78
2024,26061,592.11,614.6,580.57,578.93,676.15,614.73,779.19
2024,25983,309.91,691.62,562.83,552.78,703.73,697.39,786
2024,26085,530.52,627.12,591.3,649.81,477.14,530.97,471.14
2024,26189,569.68,579.43,722.1,718.57,543.51,671.08,654.92
2024,26126,738.1,734.85,628.45,579.07,630.07,633.67,577.43
2024,25985,535.49,609.75,567.62,601.5,459.5,557.56,514.27
2024,26223,626.75,551.69,685.97,511.54,655.16,627.25,525.28
2024,26157,610.91,560.16,581.19,599.33,719.69,453.21,522.01
2024,25780,639.94,614.04,579.39,573.7,654.15,580.5,421.9
2024,25929,700.66,523.37,571.74,534.26,701.01,480.82,612.51
2024,25777,673.05,564.28,631.2,591.06,823.92,681.1,653.82
2024,26111,672.07,632.64,591.83,662.37,664.41,598.07,606.35
2024,25959,593.38,625.19,555.94,607.51,559.97,618.43,434.42
2024,26186,639.15,587.77,669.56,695.72,526.24,576.17,614.95
2024,25941,502.29,556.11,687.43,574.52,671.4,575.06,561.78
2024,25938,765.44,664.11,738.53,681.85,547.08,651.75,514.77
2024,26079,533.47,566.42,619.16,597.63,564.44,618.22,544.88
2024,26128,440.03,668.82,593.96,565.71,586.51,577.72,643.96
2024,26206,546.73,532.65,508.54,569.3,626.97,577.54,635.07
2024,26143,502.93,572.69,620.51,524,479.6,644.85,710.64
2024,26243,592.34,521.39,553.68,558.12,598.74,541.96,510.15
2024,25914,631.85,547.24,600.04,590.07,578.49,591.22,656.96
2024,26210,555.91,561.22,620.54,577.78,789.66,570.55,486.72
2024,25947,599.3,621.97,506.49,619.48,523.56,449.52,435.31
2024,26227,548.43,637.82,602.76,619.48,664.8,616.88,653.34
2024,26144,814.75,575.26,759.12,708.64,895.42,659.72,778.24
2024,26239,642.76,570.69,587.18,622.43,602.72,486.33,579.29
2024,26148,622.39,500.14,642.81,509.96,656.52,602.45,763.19
2024,25935,561.42,564.84,647.33,639.61,742.99,648.62,536.59
2024,25940,613,631.93,507.39,434.56,669.97,547,555.28
2024,26093,769.06,665.27,661.08,635.51,682.39,719.66,634.01
2024,25747,671.2,621.28,721.05,604.84,608.35,667.28,651.51
2024,26233,665.92,637.95,657.5,599.68,524.95,524.04,722.41
2024,26214,574.99,788.21,669.14,691.43,697.26,667.85,669.36
2024,26240,589.21,620.82,696.48,555.4,703.83,694.78,654.48
2024,26236,588.19,637.64,617.05,575.27,660.84,543.39,700.95
2024,26116,647.5,629.06,535.85,660.09,618.66,674.39,752.81
2024,26112,616.01,651.14,615.52,671.88,538.05,641.72,626.39
2024,26010,669.15,690.28,789.68,630.43,605.1,640.16,572.25
2024,25855,784.95,488.26,544.46,540.59,618.63,526.63,571.41
2024,26238,550.12,519.27,625.2,502.15,594.75,634.1,613.86
2024,25744,510.03,541.03,558.38,454.2,651.29,547.12,485.88
2024,26047,458.64,692.6,666.22,652.67,516.8,552.12,590.89
2024,25860,654.88,752.29,640.77,652.57,673.9,635.5,548.69
2024,26007,443.73,668.45,637.71,602.11,392.13,678.57,507.48
2024,25802,608.43,691.27,655.35,650.65,625.09,591.8,614.01
2024,25964,545.95,537.13,481.72,617.71,523.35,496.42,671.6
2024,26237,639.45,571.01,532.61,484.9,467.97,615.21,420.89
2024,25967,455.98,650.88,633.34,621.29,356.08,600.75,607
2024,26202,663.89,573.24,700.69,627.51,499.2,630.19,549.07
2024,25931,567.81,568.91,677.81,782.5,706.94,758.6,728.46
2024,26060,652.76,589.24,708.77,682.99,608.99,709.5,676.51
2024,26169,588.71,714.87,691.01,716.83,744.49,711.01,745.12
2024,26012,698.25,611.01,734.95,616.11,643.49,653.02,719.85
2024,25800,452.08,571.59,495.74,632.86,578.2,617.81,576.99
2024,26176,741.88,615.4,650.65,713.94,719.89,703.73,705.32
2024,25956,611.87,655.85,674.33,711.35,745.76,572.22,632.76
2024,25973,516.5,662.55,468.73,535.87,595.75,664.47,760.61
2024,26173,479.87,521.91,558.56,555.53,400.97,562.61,482.55
2024,25936,645.65,506.35,622.29,536.95,664.7,577.38,533.4
2024,25889,515.17,492.07,491.92,580.48,436.45,606.64,515.39
2024,25915,530.7,662.99,564.45,624.15,668.41,560.24,575.43
2024,25773,666.47,592.19,616.42,681.35,429.7,621.22,647.05
2024,25957,468.63,600.38,539.37,638.32,630.1,574.4,640.59
2024,25824,641.13,559.36,690.69,636.5,698.67,647.51,553.12
2024,25876,783.27,520.72,667.98,462.27,851.66,498.84,420.34
2024,26193,540.84,640.41,607.18,566.61,459.72,651.86,500.1
2024,25996,617.51,449.22,431.82,519.14,591.71,460.77,441.26
2024,26258,378.45,663.68,766.92,751.35,712.32,761.96,832.27
2024,26102,573.31,589.88,606.76,607.08,616.95,642.21,562.54
2024,25899,433.69,600.92,569.55,631.12,528.4,491.59,400.27
2024,26025,607.67,548.25,515.5,642.5,475.69,610.24,621.49
2024,25866,559.67,507.63,506.06,533.75,415.8,550.79,592.53
2024,26020,495.9,509.44,448.54,465.1,521.18,433.78,444.04
2024,26167,367.26,642.12,692.91,649.68,548.66,640.12,750.33
2024,25813,757.45,566.22,519.38,517.35,489.54,443.51,700.4
2024,26118,574.7,439.54,645.09,528.85,606.66,584.49,511.92
2024,26170,578.28,509.62,637.96,566.21,602.49,618.47,607.07
2024,26014,358.04,475.49,429.23,393.01,451.76,535.19,362.43
2024,26064,588.87,506.22,557.05,655.58,468.96,515.85,451.23
2024,26160,537.58,610.92,670.13,628.85,751.29,692.38,587.02
2024,26181,325.92,489.94,395.06,408.04,374.93,426.52,533.22
2024,25795,789.76,594.13,657.77,577.09,758.11,519.64,648.19
2024,25823,630.25,625.53,586.96,671.65,598.98,714.68,629.53
2024,25841,752.68,766.63,590.86,602.82,894.84,669.45,789.94
2024,25962,650.94,535.11,476.43,537.13,608,538.65,544.43
2024,26177,365.78,558.28,564.99,434.49,513.16,446.16,611.25
2024,26270,729.43,592.42,631.34,710.66,692.8,597.34,662.72
2024,26042,575.75,521.75,710.17,470.48,735.39,587.1,489.97
2024,25790,484.75,617.51,590.52,570.61,426.06,607.97,592.88
2024,25806,758.39,458.25,566.85,601.28,775.33,633.73,440.46
2024,25930,523.56,713.16,638.04,584.44,646.88,639.34,621.44
2024,26066,648.6,532.33,544.1,616.03,482.33,518.23,511.52
2024,25901,569.21,612.91,554.06,574.16,746.89,558.1,575.83
2024,26217,475.71,565.09,668.72,577.46,552.71,625.79,676.75
2024,26218,565.97,585.95,459.11,680.71,642.93,451.2,497.76
2024,25786,671.28,658.46,634.37,697.63,701.91,640.21,698.6
2024,25998,740.61,653.63,546.3,481.97,484.89,616.59,705.83
2024,26247,593.35,467.66,607.93,508.84,715.8,508.9,554.8
2024,25966,516.31,558.15,537.94,548.95,474.24,517.4,528.45
2024,26130,615.26,583.54,619.45,619.69,696.86,602.02,524.69
2024,25909,657.15,684.02,656.57,619,687.18,615.54,706.17
2024,26211,532.97,469.57,520.27,499.39,328.22,636.89,489.99
2024,26063,750.78,692.45,595.02,691.6,619.96,682.47,689.23
2024,25761,546.87,583.23,640.91,640.44,501.34,546.65,629.49
2024,26190,635.63,549.74,683.6,619.28,620.13,491.42,484.32
2024,26251,466.73,578.2,619.43,711.81,423.65,590.72,540.92
2024,26232,483.78,581.49,588.03,568.38,760.89,603.17,638.56
2024,26272,710.55,444.41,552.4,448.24,721.83,347.84,454.79
2024,25867,573.9,609.41,655.21,576.7,609.7,708.38,506.74
2024,26026,653.7,673.73,680.1,671.04,772.77,503.51,775.43
2024,25765,465.3,592.64,629.77,589.87,778.95,666.56,700.88
2024,26055,548.32,644.91,698.52,690.68,604.93,624.72,698.33
2024,26203,658.18,626.34,759.55,658.33,726.43,735.69,763.33
2024,26043,550.44,624.16,609.99,625.19,563.74,600.12,571.47
2024,26219,645.15,676.91,536.44,604.07,670.17,593.3,562.15
2024,25779,667.62,539.76,697.32,666.01,748.79,678.57,743.74
2024,25991,754.07,690.13,692.44,667.01,713.67,627.83,626.98
2024,26248,507.82,669.93,760.12,628.33,682.04,711.01,683.61
2024,25946,628.55,531.22,649.44,623.97,528.99,625.57,782.52
2024,26220,684.79,665.48,643.96,639.18,476.99,735.26,734.43
2024,25953,626.57,627.8,488.13,641.06,742.02,494.96,635.9
2024,26149,623.83,659.57,591.21,702.68,508.59,597.6,537.42
2024,25995,610.93,609.8,532.71,575.35,409.53,546.23,699.28
2024,25778,488.34,460.44,601.92,736.82,610.78,593.91,801.96
2024,25871,571.78,604.23,668.55,692.38,475.37,660.18,802.77
2024,25861,826.67,598.71,665.2,616.75,697.95,551.99,599.2
2024,25753,625.48,682.14,663.8,690.72,677.29,716.69,703.43
2024,25847,659.55,623.36,645.95,620.4,621.91,674.71,588.96
2024,26053,771.51,585.58,613.62,426.32,523.68,540.39,612.84
2024,25818,641.72,718.63,720.4,589.78,576.63,623.84,728.02
2024,25819,457.49,484.88,632.5,631.77,546.46,683.63,717.93
2024,26225,796.11,578.24,547.75,546.67,682.53,542.24,457.04
2024,25970,377.54,634.11,571.23,597.89,512.82,674.01,605.69
2024,26230,546.02,529.79,553.27,508.95,546.94,542.65,557.92
2024,25886,529.26,700.09,655.11,610.56,515.89,668.23,749.6
2024,25874,531.99,606.95,687.24,721.28,571.39,649.44,642.63
2024,26255,477.62,521.21,581.58,506.32,641.83,677.46,784.19
2024,25838,670.66,647.68,711.68,615.61,774.44,534.08,517.33
2024,25869,529.87,588.87,701.51,651.4,715.42,661.89,753.75
2024,25816,534.61,593.58,593.04,709.73,621.25,697.75,473.73
2024,25895,653.61,488.84,680.99,513.82,551.87,645.45,534.11
2024,25949,659.31,642.4,603.49,579.61,774.2,718.65,746.92
2024,25782,599.55,646.82,611.57,398.75,696.53,558.49,529.89
2024,26103,566.23,601.66,590.19,683.89,597.06,623.98,674.85
2024,26080,737.61,631.92,615.82,533.82,531.7,662.75,503.85
2024,26234,519.37,519.47,535.71,534.59,508.14,425.56,386.91
2024,26082,466.35,551.37,626.1,648.69,659.53,635.76,444.99
2024,26171,610.79,553.36,648.7,553.7,558.32,673.98,643.63
2024,26040,606.83,544.42,603.64,644.91,554.45,539.08,516.29
2024,26241,820.52,539.86,629.2,611.94,700.08,530.7,737.75
2024,25972,466.17,688.37,597.26,548.51,585.86,596.47,772.25
2024,26035,534.06,597.61,510.57,467.78,353.93,555.5,466.21
2024,25755,677.7,579.96,562.47,614.18,490.54,518.22,641.63
2024,25854,434.39,462.6,596.54,655.99,457.37,662.18,570.03
2024,26019,585.33,565.38,603.52,597.27,539.4,614.41,728.45
2024,25821,621.04,494.5,673.99,614.56,681.38,660.25,331.2
2024,25902,477.94,603.64,519.58,667.1,421.68,630.25,649.82
2024,25944,713.9,501.06,549.53,581.03,640.62,592.26,460.71
2024,25885,601.4,557.01,560.72,619.46,546.21,605.93,477.03
2024,25851,659.26,556.83,677.17,548.36,655.43,660.1,630.33
2024,25990,606.33,426.22,583,470.82,579.72,558.69,479.55
2024,26235,691.16,651.5,693.57,611.11,744.97,560.58,628.03
2024,26198,667.21,603.82,669.31,644.49,742.42,696.57,801.89
2024,25892,701.48,565.94,615.71,761.71,720.89,668.57,532.6
2024,25917,602.96,624.64,688.98,597.82,693.46,542.29,501.57
2024,25811,524.65,481.99,614.74,514.14,668.96,708.38,710.41
2024,26034,465.14,634.93,669.97,599.23,667.76,605.67,654.41
2024,26087,463.55,537.8,464.47,607.31,413.03,512.06,652.14
2024,25784,477,440.44,523.97,536.57,587.8,608.27,401.16
2024,25907,522.96,664.23,717.12,660.95,666.82,599.2,662.06
2024,25758,670.74,626.42,678.99,557.28,769.38,607.7,658.3
2024,26073,403.46,481.1,635.78,569.76,709.21,638.84,646.96
2024,26114,595.93,592.94,610.15,630.84,695.59,611.27,586.83
2024,25997,573.65,479.82,609.09,714.55,591.45,641.66,509.72
2024,26268,571.19,505.65,588.53,575.55,749.12,709.42,636.22
2024,25771,667.43,674.5,676.71,568.75,668.89,722.61,528.75
2024,25859,812.33,691.94,647.9,538.42,777.92,572.43,629.48
2024,26188,480.38,635.08,722.26,570.46,571.97,687.3,756.6
2024,25858,592.18,687.29,595.58,575.93,734.69,562.76,497.52
2024,25875,619.76,627.21,693.93,672.56,715.93,660.89,598.14
2024,25958,630.34,690.45,605.79,611.06,685.5,725.91,799.22
2024,25864,700.86,737.52,657.62,735.44,762.17,678.64,673.52
2024,26187,468.68,587.43,642.67,590.01,598.86,644.5,682.54
2024,26224,547.9,683,618.24,662.06,638.39,545.57,627.74
2024,25850,412.31,578.86,608.22,589.91,536.12,642.99,694.42
2024,26067,509.22,581.41,579.73,665.09,532.98,582.95,539.09
2024,25794,594.95,716.17,675.05,534.91,488.17,746.16,579.86
2024,25781,512.26,684.44,718.96,621.89,557.63,696.51,725.04
2024,25896,676.97,641.35,703.32,568.04,887.36,535.06,789.33
2024,25849,603.12,680.16,701.5,658.74,638.52,645.02,556.14
2024,26075,573.49,602.43,690.38,579.99,377.26,592.53,552.26
2024,26062,467.71,505.64,514.44,574.72,632.65,532.74,539.38
2024,25772,579.92,574.46,603,637.07,564.37,506.1,673.25
2024,25988,502.59,593.42,684.66,744.6,558.8,663.52,671.24
2024,26106,589.43,600.9,679.6,610.54,514.94,727.24,665.81
2024,25999,581.19,501.16,573.35,568.45,587.19,562.96,559.12
2024,26045,513.16,724.89,574.83,622.64,640.15,658.91,752.42
2024,25952,583.17,702.81,542.82,447.92,676.4,589.73,612.53
2024,25793,710.97,652.58,659.28,677,517.66,630.08,754.08
2024,25797,803.14,567.37,591.59,447.43,555.46,541.22,537.4
2024,26107,621.79,505.85,527.7,654.36,767.47,525.14,461.7
2024,25774,793.3,608.4,684.26,583.81,828.94,493.04,714.74
2024,26033,669.12,622.27,633.44,559.19,627.11,593.29,671.66
2024,25912,631.07,625.8,530.78,684.8,518.66,482.93,491.12
2024,25898,398.07,519.76,617.76,517.9,717.52,509.87,406.86
2024,25868,626.43,560.92,745.23,607.9,644.09,665.82,736.55
2024,26056,802.41,595.73,516.36,692.31,810.29,536.62,501.09
2024,26077,589.97,524.65,694.44,579.62,613.52,685.83,650.55
2024,25857,659.25,650.59,691.24,681.87,591.61,687.72,656.79
2024,26151,694.05,686.88,688.25,625.34,814.98,683.6,699.51
2024,25787,577.64,522.78,650.6,630.53,633.31,558.79,620.23
2024,26183,738.6,656.79,591.32,595.43,562.4,546.65,697.75
2024,25992,704.45,641.11,626.23,614.42,501.24,614.86,593.84
2024,26095,564.07,445.93,594.96,601.3,510.63,600.53,608.16
2024,26051,590.27,669.56,636.58,492.65,626.87,637.54,653.92
2024,25965,592.87,586.46,725.57,509.46,576.25,643.43,780.31
2024,25920,600.91,629.25,611.52,636.81,647.68,728.91,586.19
2024,26192,587.22,585.86,662.11,691.27,618.92,639.33,621.56
2024,26008,683.56,639.4,645.85,595.89,602.78,590.48,682.49
2024,26142,615.33,667.01,604.53,615.19,685.12,613.11,693.18
2024,26100,529.85,708.79,670.19,622.71,508.81,631.3,581.77
2024,26037,470.94,583.03,475.62,419.19,425.29,615.01,570.49
2024,25942,816.62,644.47,664.43,674.85,672.96,606.3,619.49
2024,25825,532.37,657.82,607.08,631.59,623.95,680.52,704.5
2024,25916,495.32,632.74,607.86,693.44,606.87,617.11,519.38
2024,26022,606.75,658.42,735.05,719.49,704.05,616.43,615.51
2024,26011,650.6,582.12,592.08,611.09,568.64,673.77,617.79
2024,26168,546.66,611.85,593.84,641.41,452.94,582.32,691.67
2024,26195,500.3,582.12,555.15,650.9,767.4,592.95,592.83
2024,25759,723.45,693.13,720.51,731.27,867.73,745.67,583.6
2024,26023,578.37,599.21,694.13,617.83,586.21,630.9,588.62
2024,26121,655.28,567.67,674.88,660.42,531.58,645.56,563.69
2024,26049,525.85,548.44,639.04,524.08,673.24,559.83,538.7
2024,25906,502.43,627.28,667.46,723.47,482.02,563.24,561.5
2024,25905,740.82,706.86,689.88,560.24,491.21,651.61,428.78
2024,26153,547.27,619.71,635.49,586.24,599.34,568.7,606.28
2024,25919,625.53,739.41,704.62,626.97,591.61,587.93,696.82
2024,26015,648.89,621.24,659.93,562.6,684.3,617.24,689.7
2024,25948,615.6,652.08,672.6,582.58,694.41,604.31,519.66
2024,25835,744.77,552.73,705.76,630.29,654.85,654.41,712.84
2024,26184,733.24,705.59,729.4,713.03,448.43,789.62,715.99
2024,25925,720.29,567.41,616.98,593.88,615.79,574.68,564.67
2024,25756,688.45,598.41,660.66,638.23,783.18,585.52,650.93
2024,26021,522.46,583.66,634.07,643.49,772.2,546.89,593.13
2024,25954,639.53,722.12,653.28,576.37,601.16,564.69,774.4
2024,25848,560.96,691.12,618.8,623.47,487.39,593.48,574.3
2024,26027,583.66,558.25,548.9,635.13,656.31,458.36,500.88
2024,25754,725,632.7,638.18,650.23,487.71,610.95,701.39
2024,25993,618.88,563.77,632.1,624.47,671.7,701.8,551.92
2024,26104,449.53,475.5,589.63,622.28,554.28,550.34,482.07
2024,25945,585.84,574,528.09,670.46,421.57,562.16,522.94
2024,25870,736.07,516.65,653.99,553.45,669.02,705.03,539.46
2024,26201,547.03,580.59,563.25,547.54,522.96,609.62,632.37
2024,26212,638.72,707.71,758.2,715.89,602.89,742.64,659.66
2024,26191,540.83,577.73,640.09,664.11,454.06,471.86,610.52
2024,26163,583.31,622.6,505.56,548.7,395.8,436.88,491.29
2024,25893,659.37,627.61,648.97,651.28,598.5,685.71,642.87
2024,26216,602.46,488.32,555.45,549.48,580.77,544.12,534.62
2024,25750,508.12,588.29,624.68,684.87,642.74,479.15,663.39
2024,25987,492.37,590.3,626.18,631.96,766.89,677.14,580.95
2024,26221,501.57,556.01,630.56,564.34,494.94,570.97,491.27
2024,25840,530.75,664.65,607.18,655.58,752.71,681.35,600.54
2024,26127,654.27,591.49,622.14,467.29,581.23,632.1,550.27
2024,26057,506.91,626.97,642.05,637.28,554.61,641.35,723.92
2024,25879,399.39,371.35,541.61,460.51,653.04,425.94,384.62
2024,25881,500.09,466.79,541.18,534.83,514.4,532.08,497.01
2024,25815,430.48,693.71,609.48,652.93,595.8,677.27,775.72
2024,25872,736.02,750.67,782.31,698.93,634.65,567.4,619.86
2024,26146,577.95,488.42,604.55,543.48,536.83,658.55,531.19
2024,26208,454.18,655.62,634.26,664.8,602.66,613.47,725.72
2024,25888,605.95,622.64,596.94,538.71,455.03,578.41,675.44
2024,26250,610.63,637.44,637.77,553.62,563.81,623.15,696.29
2024,26138,508.55,614.42,464.4,558.24,527.92,631.35,589.54
2024,25887,700.22,564.73,638.55,606.19,564.67,742.5,464.46
2024,26032,814.36,682.29,699.14,667.78,690.49,567.63,418.66
2024,26164,387.17,597.27,548,538.37,559.71,590.74,389.74
2024,25880,731.97,697.89,667.93,662.12,753.92,570.42,644.27
2024,26041,760.9,613.27,615.02,576.95,513.13,638.14,550.36
2024,25927,532.2,759.96,557.51,644.14,676.31,739.27,523.02
2024,26089,574.89,540.97,611.75,621.45,513.99,653.58,530.39
2024,25853,501.59,677.42,658.16,582.63,846.47,630.76,759.18
2024,26029,550.78,464.34,644.75,521.69,591.29,648.74,752.83
2024,25817,472.3,512.66,516.2,600.35,638.52,750.57,713.6
2024,26246,624.56,530.6,671.94,495.71,482.84,654.26,689.9
2024,25943,411.44,592.23,603.55,502.12,545.55,655.89,538.55
2024,26074,647.82,672.53,703.11,714.37,648.74,763.44,708.62
2024,25903,512.57,770.31,690.23,582.75,659.44,635.17,762.75
2024,26017,744.13,540.3,611.83,462.06,564.15,657.98,571.16
2024,26044,544.91,537.2,594.3,617.48,559.36,598.59,541.06
2024,25796,628.16,511.01,709.34,567.45,462.51,561.96,736.02
2024,25836,352.86,522.95,540,618.79,431.81,532.96,515.18
2024,25776,585.69,668.04,706.95,541.91,570.7,707.89,711.85
2024,25976,757.19,538.8,656.45,580.57,704.63,574.94,434.23
2024,26024,611.97,666.26,599.32,545.7,541.01,520.42,647.74
2024,26083,435.76,458.91,561.9,559.09,578.74,549.88,685.64
2024,26159,618.2,545.6,685.28,582.45,543.8,588.67,581.79
2024,25971,499.07,580.28,592.49,504.97,655.66,547.26,614
2024,25982,413.1,593.62,546.84,586.38,461.55,512.36,568.74
2024,25783,550.55,613.97,608.33,559.5,735.58,570.48,565.73
2024,25808,560.74,646.05,530.45,643.61,770.7,552.65,609.08
2024,25939,630.04,682.73,590.39,623.83,668.68,470.65,529.15
2024,26125,670.32,762.09,633.13,756.8,825,747.76,840.69
2024,25910,795.29,579.46,649.41,492.48,596.09,558.38,549.88
2024,26030,545.63,609.34,459.4,618.24,657.83,582.88,546.96
2024,26199,578.36,578.54,567.11,599.83,454.18,739.51,809.66
2024,25801,783.49,569.77,591.64,601.4,680.31,599.29,624.88
2024,26069,591.49,513.98,511.24,565.58,564.44,685.6,585.54
2024,26097,644.9,741.07,635.73,680.18,748.92,570.54,780.42
2024,25979,354.35,609.91,588.53,606.99,440.4,572.15,553.44
2024,26031,490.23,511.67,552,367.3,501.87,532.67,488.32
2024,26098,525.66,472.02,545.11,466.28,524.94,490.82,482.94
2024,25770,727.87,510.23,595.73,578,725.98,488.32,665.38
2024,25831,607.09,476.99,609.06,629.31,610.97,444.66,585.97
2024,26054,516.96,559.88,518.18,410.39,801.42,555.15,662.39
2024,26108,506.68,434.97,515.57,594.7,609.06,533.82,373.25
2024,26213,595.91,601.17,590.54,755.99,750.29,563.35,648.15
2024,25751,715.95,523.99,659.67,629.02,621.29,577.47,590.41
2024,25763,706.83,722.58,586.71,777,589.41,696.79,737.23
2024,25804,538.35,609.13,638.12,585.52,613.22,691.13,627.85
2025,28343,644.38,683.25,712.13,570.63,673.18,584.07,673.97
2025,27767,662.38,627.7,635.63,664.06,629.48,573.57,494.33
2025,27905,865.47,638.49,653.13,604.45,621.96,708.37,606.8
2025,28120,716.28,573.39,649.51,647.93,772.87,592.14,575.86
2025,28362,752.77,741.8,646.14,736.42,722.98,651.87,552.34
2025,28336,508.02,565.56,495.64,494.21,560.74,487.21,450.16
2025,28335,682.59,711.82,687.57,642.38,576.22,587.29,704.85
2025,27960,640.33,633.22,579.3,684.25,518.54,671.24,666.52
2025,28373,791.63,580.86,696.92,601.72,710.02,571.15,494.19
2025,28200,563.61,624.09,693.04,690.14,471.24,638.95,569.49
2025,28238,623.1,587.54,641.67,620.42,608.54,687.38,668.19
2025,27933,725.43,712.67,638.02,612.34,602.98,661.55,529.58
2025,28275,550.15,659.13,612.36,549.41,611.77,577.61,553.2
2025,28042,773.9,534.14,682.39,594.9,901.7,635.72,736.19
2025,28226,721.1,647.99,594.42,665.12,524.77,642.18,697.13
2025,28146,494.49,564.35,394.76,542.04,506.85,538.86,439.22
2025,28117,612.75,637.65,661.68,592.97,628.76,682.54,732.3
2025,27746,550.82,666.41,644.05,587.77,665.82,538.86,642.98
2025,27892,650.11,611.33,592.76,691.75,556.48,645.41,734.52
2025,27988,662.48,613.36,559.77,671.37,574.21,566.31,639.62
2025,28374,566.7,691.13,648.14,519.28,656,630.88,665.31
2024,25749,723.58,601.9,570.51,614.43,647.59,585.98,605.5
2024,26156,581.91,700.33,796.73,681.64,713.91,594.5,705
2024,26109,467.95,460.54,503.74,522.98,445.07,496.64,467.58
2024,26088,503.98,642.82,617.87,555.57,661.41,735.36,690.01
2024,25877,522.64,635.59,601.58,571.59,528.68,609.03,715.38
2025,28092,626.34,506.46,580.51,627.03,531.73,597.08,634.08
2025,28082,460.41,581.85,608.93,556.68,512.15,668.01,646.11
2025,27939,660.16,598.2,556.16,589.22,651.61,751.95,630.94
2025,27938,511.72,586.42,544.43,578.33,546.64,567.92,773.05
2025,28376,637.44,710.73,704,616.88,659.86,619.58,652.65
2025,28212,562.61,571.96,638.98,530.15,641.08,709.98,796.24
2025,28140,646.15,493.25,705.37,593.98,832.72,776.36,791.87
2025,27762,616.62,587.89,609.89,537.07,626.03,584.07,594.5
2025,27870,682.32,660.99,678.01,669.42,778.06,648.64,660.12
2025,28361,561.68,694.33,642.38,673.59,463.99,630.88,676.68
2025,28239,648.38,661.53,604.2,607.37,580.44,574.38,739.82
2025,28248,736.14,670.75,711.27,588.2,685.52,629.27,775.31
2025,28298,679.21,624.82,647.14,571.99,799.53,616.35,745.06
2025,27919,757.85,568.47,589.77,490.48,619.72,593.75,682.21
2025,28159,655.33,624.77,686.23,616.68,628.37,504.96,579.58
2025,27984,772.68,629.42,668.86,560.8,400.9,635.72,439.41
2025,28097,664.39,575.56,707.49,734.71,811.79,640.57,653.46
2025,27876,751.53,552.93,642.66,536.62,496.15,687.38,716.2
2025,27752,656.31,628.3,773.76,612.78,632.1,595.37,697.57
2025,28133,564.84,463.32,571.49,654.69,533.98,508.19,580.4
2025,28130,427.77,615.73,744.18,573.69,377.39,458.15,587.62
2025,28371,705.38,661.6,722.82,678.46,730.59,687.38,748.28
2025,28206,760.62,515.45,591.2,691.45,537.8,551.78,660.53
2025,27964,464.62,517.81,533.17,480.9,348.23,649.98,514.64
2025,28341,532.21,636.1,650.54,626.22,474.13,617.97,692.57
2025,27764,398.51,526.17,560.17,622.32,482.24,700.3,684.64
2025,27993,877.75,642.49,793.56,706.43,640.52,585.68,766.41
2025,28188,647.55,591.69,628.45,684.5,674.12,656.71,674.3
2025,27926,694.61,693.66,654.11,672.49,682.08,553.39,564.06
2025,27981,735.58,622.76,616.07,626.29,661.53,742.27,710.2
2025,28296,628.91,552.2,619.32,647.82,643.61,729.35,654.52
2025,27833,534.77,687.88,527.59,622.77,673.31,663.17,685.51
2025,27980,746.73,659.36,809.25,591.12,616.54,542.09,773.05
2025,28087,645.55,632.7,718.14,628.62,656.55,677.7,682.75
2025,28177,664.26,595.91,642.91,531.5,640.91,603.44,662
2025,28348,672.39,451.77,742.36,561.01,623.65,687.38,620.38
2025,27922,771.97,575.85,651.34,605.99,662.89,607.37,631.22
2025,28266,706.24,562.9,735.1,524.94,602.21,642.18,622.32
2025,28192,717.55,571.36,607.86,657.3,421.36,409.72,506.31
2025,27910,738.97,632.98,649.05,642.87,645.68,516.26,718.83
2025,27979,614.51,652.85,675.34,753.79,639.75,634.11,590.31
2025,28272,679.31,615.19,619.91,611.86,605.58,787.47,645.14
2025,28215,688.73,571.9,537.45,671.67,585.88,588.27,536.03
2025,28186,712.89,609.1,576.7,544.64,596.94,664.78,596.52
2025,27817,819.62,583.07,663.89,629.14,586.25,676.08,685.7
2025,28205,541.14,658.31,668.64,719.65,558.34,587.29,787.95
2025,27880,653.07,682.07,723.33,618.95,696.95,722.9,703.97
2025,28129,453.58,384.46,250.47,371.24,479.1,322.29,437.38
2025,27813,762.77,617.28,694.1,731.76,758.08,593.75,636.94
2025,28041,715.07,586.29,703.67,516.02,684.72,602.96,431.23
2025,27801,706.69,599.33,650.69,707.36,842.46,697.07,704.63
2025,28242,630.68,546.3,578.1,574.47,548.67,705.14,524.64
2025,27760,672.38,610.03,701.98,692.09,706.9,668.01,547.9
2025,28044,573.97,595.91,641.01,691.11,523.48,595.37,781.74
2025,27758,734.48,483.86,607.51,647.86,706.65,611.51,584.39
2025,27991,772.18,715.38,723.2,581.08,680.83,546.94,569.19
2025,28058,697.49,578.95,729.08,579.33,674.56,650.25,567.49
2025,28232,665.19,702.18,675.14,624.28,809,666.39,750.61
2025,27846,669.52,588.56,689.42,657.01,486.58,582.45,527.08
2025,28089,577.18,621.2,653.28,633.68,582.01,492.05,557.64
2025,28142,706.13,638.1,693.47,688.7,681.22,674.47,639.77
2025,28098,547.2,646.07,550.6,521.23,718.99,642.18,424.21
2025,27913,502.07,568.83,636.34,612.03,649.19,697.07,627.09
2025,27924,577.53,702.5,636.3,746.35,453.03,663.17,630.98
2025,27800,605.09,533.06,636.69,656.55,484.2,700.3,547.77
2025,27774,777.98,655.62,667.29,636.1,617.2,679.31,579.49
2025,28015,578.18,664.36,576.51,608.64,580.77,687.38,679.36
2025,28075,626.82,720.35,647.93,601.27,737.51,592.14,698.46
2025,27950,658.63,592.56,589.8,633.47,622.51,729.35,728.5
2025,27906,611.82,733.84,620.52,654.17,622.02,611.51,769.99
2025,27959,831.47,597.4,773.34,684.23,508.21,679.31,603.52
2025,27885,590.56,530.11,623.42,531.65,556.38,516.26,628.48
2025,28040,869.41,598.85,652.52,678.04,678.05,658.32,625.85
2025,27887,549.45,614.85,582.61,546.41,562.82,496.89,487.93
2025,28161,769.98,612.03,633.31,565.45,597.19,693.84,578.04
2025,27961,721.89,673.08,611.69,600.31,663.06,630.88,598.66
2025,28139,611.63,545.29,621.89,610.67,489.27,689,507.67
2025,27751,553.78,610.4,649.6,545.32,509.79,542.09,623.41
2025,27900,640.55,519.97,621.4,662.99,704.18,676.08,707.03
2025,28271,627.77,630.46,685.51,755.32,730.58,577.61,682.87
2025,28364,554.45,597.83,521.66,618.93,532.34,506.58,576.88
2025,27908,533.46,651.6,560.77,556.09,597.6,648.64,543.17
2025,27772,616.6,682.47,728.79,683.83,562.2,621.19,682
2025,27975,712.28,607.03,685.37,770.41,637.44,622.81,771.92
2025,27809,762.77,685.32,689.57,737.95,749.21,564.69,622.05
2025,27740,735.16,606.61,631.18,654.23,797.61,569.54,678.7
2025,28121,587.85,540.57,709.28,592.09,630.46,521.11,687.21
2025,27744,660.82,589.48,672.8,599.43,618.42,693.84,652.59
2025,27989,670.73,493.31,680.39,619.38,567.4,692.22,622.71
2025,28081,662.94,594.97,565.42,677.27,627.51,616.35,569.07
2025,27861,686.4,621.1,713.31,642.02,653.47,653.48,618.52
2025,28014,544.41,529.08,693.07,582.32,628.5,650.25,503.27
2025,27853,747.13,639.69,564.97,521.36,791.44,666.39,544.77
2025,27978,580.48,526.44,584.63,564.56,514.6,739.04,562.83
2025,28297,634.94,587.7,699.8,594.91,743.96,682.54,610.03
2025,27911,591.11,632.68,617.24,464.61,555.5,651.87,592.24
2025,28077,687.95,637.55,704.1,630.09,778.9,616.35,553.6
2025,27844,650.09,602.92,616.03,666.32,592.49,596.98,468.73
2025,27935,651.5,556.61,657.08,556.25,675.52,606.67,536.67
2025,27840,471.02,696.82,628.66,585.95,589.83,647.02,587.46
2025,28221,696.91,658,600.75,611.43,569.56,701.91,680.6
2025,27902,608.72,654.75,675.41,633.57,599.59,729.35,671.44
2025,27965,641.63,665.11,720.62,601.75,742.17,588.91,475.8
2025,28306,619.92,595.42,593.67,703.38,556.07,624.42,732.65
2025,27842,582.87,563.89,670.15,675.75,508.35,651.87,444.41
2025,28189,640.63,675.53,590.89,559.36,528.43,603.44,495.1
2025,27806,771.73,661,717.57,643.65,736.62,567.92,682.53
2025,28145,749.34,713.9,565.77,741.73,794.39,564.69,671.16
2025,27773,745.54,607.86,611.7,701.33,623.58,598.59,803.42
2025,28379,641.67,467.02,748.78,687.26,472.58,600.02,651.56
2025,28220,581.26,668.52,688.69,676.61,568.7,621.19,665.4
2025,28123,709.11,658.02,683.87,630.57,588.07,664.78,730.38
2025,28354,627.24,643,616.44,618.92,537.52,656.71,631.21
2025,28122,665.31,543.56,685.45,636.27,754.5,671.24,742.71
2025,27895,628.75,605.89,564.88,605.77,511.58,622.81,490
2025,28250,721.22,667.19,603.35,520.09,627.09,647.02,582.27
2025,28328,598.5,606.33,583.79,565.76,635.83,513.04,548.33
2025,27854,542.59,661.5,654.27,628.6,511.19,642.18,627.5
2025,27863,597.16,634.12,595.88,595.65,467.08,635.29,563.03
2025,27777,594.05,780.31,627.57,600.67,645.72,634.11,553.98
2025,27897,668.04,609.11,648.69,674.61,682.09,582.45,713.37
2025,28088,701.63,666.72,666.5,594.96,639.81,653.48,707.38
2025,28327,560.63,663.07,577.21,532.33,493.48,622.81,654.1
2025,27783,802.85,597.96,598.98,663.25,434.64,559.85,646.77
2025,27878,580.01,600.77,596.26,588.14,664.22,558.24,551.73
2025,28357,751.81,603.04,682.46,673.51,571.52,611.51,652.56
2025,27881,703.61,561.06,588.96,528.45,488.36,689.66,602.48
2025,27745,662.58,709.26,598.42,605.42,608.85,650.25,533.09
2025,27756,592.41,595.73,673.91,614.68,649.21,517.88,595.62
2025,28209,555.85,554.76,711.51,593.36,766.18,653.48,727.73
2025,27816,747.84,567.68,665.5,662.2,773.03,559.85,761.25
2025,27946,603.11,537.11,490.02,546.71,655.04,579.22,435.64
2025,27828,494.72,680.73,493.71,667.11,446.87,593.75,666.52
2025,27894,780.09,567.59,716.36,721.7,491.05,622.81,592.12
2025,27931,710.17,604.7,706.29,614.13,724.36,621.19,716.58
2025,28269,682.79,675.99,745.18,640.58,407.44,593.75,759.14
2025,28236,684.19,581.3,742.12,554.64,706.36,553.39,753.59
2025,27857,510.47,652.93,552.48,594.43,516.95,742.27,645.79
2025,27952,546.22,643.38,568.1,628.72,678.84,614.72,489.28
2025,27944,487.44,594.28,647.01,685.85,496.42,575.99,703.69
2025,27934,663.34,657,654.26,546.18,642,561.46,661.91
2025,28346,670.71,655.49,683.82,734.69,773.3,522.72,694.87
2025,28156,603.79,611.06,726.1,616.07,662.42,587.29,566.27
2025,27996,728.08,576.61,699.34,695.12,690.7,677.7,711.52
2025,28009,774.36,670.36,781.91,619.01,701.94,590.52,792.58
2025,28213,437.23,608.99,638.59,671.74,538.25,718.05,735.46
2025,28277,705.31,509.71,538.91,690.79,852.57,509.81,657.56
2025,28079,648.21,573.34,614.28,585.11,600.92,535.64,732.36
2025,28187,753.78,628.7,603.05,640.35,591.75,598.59,740.24
2025,28202,686.54,668.59,747.61,736.04,654.28,629.27,637.74
2025,27738,676.63,679.58,566.25,568.42,576.24,593.75,504.26
2025,28174,748.11,681.4,664.46,629.62,599.1,535.64,520.58
2025,28333,827.5,711.78,601.09,615.76,762.87,454.92,523.8
2025,27829,825.77,608.59,731.81,696.83,810.17,558.24,630.65
2025,27891,610.01,587.88,701.04,696.04,454.84,609.89,718.4
2025,28024,752.15,548.36,659.45,561.65,553,680.92,707.55
2025,27807,745.7,692.11,596.37,614.11,809.9,558.24,733.4
2025,28324,604.11,557.95,677.72,619.67,526.43,564.69,631.33
2025,28372,624.33,659.61,562.32,602.73,489.56,664.78,572.98
2025,28141,748.39,673.95,598.14,587.98,745.57,605.05,628.59
2025,27805,525.54,647.91,630.67,550.03,600.69,772.94,747.33
2025,28154,739.88,654.04,666.74,604.67,691.61,755.18,688.56
2025,28085,838.67,584.27,693.87,594.14,800.45,525.95,549.31
2025,28360,714.44,740.57,554.51,684.95,678.2,797.15,615.56
2025,27787,723.25,687.79,651.07,654.17,596.44,634.11,517.69
2025,28194,674.81,629.98,639.27,605.21,495.98,534.02,536.71
2025,28229,723.5,659.58,737.23,529.92,565.26,697.07,637.61
2025,27923,830.07,601.78,605.62,659.28,605.33,635.72,677.9
2025,27932,614.25,645.5,628.89,572.13,413.22,584.07,589.82
2025,28155,572.12,693.46,485.67,577.99,505.17,579.22,576.45
2025,28252,541.92,558.87,645.64,534.6,662.03,566.31,633.16
2025,28061,537.94,593.61,626.99,634.29,747.55,642.18,656.57
2025,28224,622.14,651.52,678,710.22,660.21,466.3,578.02
2025,28056,565.96,595.8,535.56,588.09,604.54,577.61,556.29
2025,28086,667.47,695.8,609.74,630.41,750.44,624.42,658.54
2025,28198,390.94,640.06,491.38,429.99,559.56,479.13,438.7
2025,27884,718.96,551.36,693.07,625.1,568.01,666.39,530.87
2025,28274,667.05,572.94,581.98,487.13,695.68,574.38,712.53
2025,28234,736.08,558.09,777.72,657.25,474.04,700.3,669.37
2025,28219,667,571.8,605.6,659.75,429.09,730.97,656.08
2025,27796,754.33,692.18,664.39,696,702.64,603.44,656.29
2025,27837,703.11,510.44,648.59,646.23,648.96,742.27,595.38
2025,28350,658.48,649.47,647.85,660.21,458.72,734.2,621.88
2025,27823,665.24,680.01,666.4,666.61,603.08,580.84,556.26
2025,27994,548.19,685.5,630.88,717.14,502.76,483.98,524.32
2025,27877,703.82,750.12,627.13,789.97,495.26,600.21,691.98
2025,28165,696.08,728.19,640.77,566.76,532.28,709.98,751.74
2025,27974,574.66,679.28,655.59,594.16,519.38,556.62,595.68
2025,27776,747.32,648.35,767.94,594.29,595.16,616.35,803.63
2025,28164,563.61,734.41,633.99,619.76,727.29,689,601.86
2025,27769,446.21,627.99,675.74,712.74,573.14,609.89,707.41
2025,27901,538.12,524.17,639.76,717.86,442.58,611.51,650.74
2025,28321,500.12,656.83,604.31,687.68,620.6,511.85,650.3
2025,27821,487.15,646.16,615.02,732.95,376.32,664.78,680.82
2025,28180,533.79,529.95,606.76,666.22,518.56,574.38,687.82
2025,28316,521.16,671.24,628.29,601.79,622.34,619.58,653.24
2025,28068,691.44,621.58,630.75,624.67,671.62,606.67,617.73
2025,27903,673.54,593.2,686.14,651.08,715.48,558.24,691.86
2025,27759,642.35,556.29,568.72,576.82,606.55,640.57,612.07
2025,27850,567.08,430.24,595.76,649.24,537.56,627.65,752.66
2025,27930,631.06,452.59,688.94,706.65,683.95,606.67,650.02
2025,28207,663.41,704.16,646.51,643.48,539.19,529.18,550.27
2025,28223,665.08,600.14,639.63,633.67,638.69,632.49,519.68
2025,28185,687.37,584.4,583.1,566.46,614.81,537.25,722.05
2025,28150,672.99,650.11,631.39,690.57,772.63,671.24,730.32
2025,28153,610.38,450.66,458.26,599.97,560.75,608.28,647.55
2025,28370,601.69,524.96,530.06,599.72,522.51,672.85,702.21
2025,27737,481.67,676.25,554.37,478.67,444.74,629.27,598.06
2025,28329,537.84,585.02,624.6,569.65,622.22,464.61,645.6
2025,28273,591.69,601.58,702.11,573.19,557.17,636.76,545.77
2025,28049,575.11,676.87,667.71,714.19,542.9,585.68,741.63
2025,27763,718.43,610.13,588.97,668.79,658.1,572.76,531.4
2025,28257,640.35,712.66,608.28,659.92,508.87,496.89,711.37
2025,28325,668.74,551.86,615.46,511.44,526.6,637.34,821.48
2025,28211,593.14,623.49,531.05,534.1,626.56,664.78,545.98
2025,28314,726.99,659.61,640.96,638.07,524.55,601.82,705.68
2025,28196,589.13,563.32,721.87,581.4,523.74,608.28,590.97
2025,27889,521.79,609.87,557.83,550.38,412.14,563.28,725.78
2025,28176,585.51,636.74,513.54,621.51,493.92,619.58,566.78
2025,27808,692.03,618.44,624.99,659.83,681.2,764.87,778.54
2025,27766,621.57,630.54,641.2,615.68,512,698.68,699.73
2025,27830,693.58,602.88,697.35,716.39,656.86,703.52,740.75
2025,28318,440.76,686.65,707.28,543.34,678.15,651.87,639.47
2025,27779,580.37,574.02,719.4,641.58,432.72,787.47,627.79
2025,27893,567.5,640.83,543.38,678.7,430.06,627.65,623.19
2025,27859,694.06,625.12,691.84,665.34,664.06,590.52,503.25
2025,27874,657.36,635.05,560.33,610.08,693.34,572.76,755.93
2025,27873,736.06,636.04,643.63,611.03,599.57,596.98,552.58
2025,28078,689.13,624.33,652.59,720,614.46,700.3,757.41
2025,28149,468.45,592.04,655.78,483.12,594.27,588.27,620.34
2025,28253,825.76,669.66,706.53,642.33,834.13,545.32,516.04
2025,28162,650.34,518.16,690.42,625.77,681.03,648.64,493.87
2025,27845,707.09,626.81,732.65,630.26,629.13,609.89,556.02
2025,28330,684.99,471.38,710.95,679.96,622.17,664.68,575.71
2025,28059,685.5,585.13,625.94,618.05,628.42,630.88,656.84
2025,28340,640.33,562.52,638.47,645.12,651.06,661.55,538.95
2025,27982,734.91,691.66,742.53,626.83,400.92,684.15,665.87
2025,28319,488.69,495.77,469.88,310.71,438.4,469.24,418.5
2025,28018,548.74,591.36,601.17,723.59,534.9,479.13,580.57
2025,28095,733.39,603.66,765.3,647.08,791.34,621.19,623.75
2025,28339,589.92,584.47,552.31,556.32,684.53,590.52,511.88
2025,28256,496.46,651.3,531.45,625.62,398.09,551.78,543.77
2025,28217,615.43,446.59,590.13,575.65,609.4,579.22,567.48
2025,28338,536.37,573.32,567.21,622.39,414.72,647.02,460.8
2025,28138,512.07,513.67,675.67,668.36,643.35,672.85,683.7
2025,28063,474.2,657.97,541.98,554.35,601.72,651.87,765.88
2025,27765,725.29,608.29,644.56,620.72,685.91,655.09,572.56
2025,27956,541.27,659.56,551.14,709.58,465.16,509.81,520.89
2025,28037,583.62,532.54,606.05,597.28,578.82,621.19,501.38
2025,28262,507.38,640.1,521.12,629.91,594.02,689,532.18
2025,27879,756.63,574.22,612.89,691.21,529.67,697.07,707.48
2025,27914,580.75,648.98,585.15,700.63,636.39,697.07,697.77
2025,28028,770.27,642.51,679.39,537.87,708.61,598.59,666.03
2025,28111,670.55,683.62,702.87,674.09,534.24,658.32,702.81
2025,27896,679.76,696.17,595.41,720.8,676.06,638.95,669.99
2025,28184,737.39,606.88,608.86,617.47,793.43,632.49,617.58
2025,27918,382.44,439.22,380.96,451.96,348.91,414.56,430.93
2025,27953,688.06,617.04,683.12,604.31,517.16,613.12,623.15
2025,28255,771.57,635.97,597.49,555.82,671.97,537.25,548.74
2025,28355,567.66,594.19,547.81,535.94,661.56,616.35,384.34
2025,28380,730.69,593.69,617.19,686.14,533.9,616.35,656.29
2025,28378,509.46,436.55,463.43,385.3,506.04,508.19,475.92
2025,28048,681.62,576.27,672.38,630.91,622.5,634.11,513.81
2025,28114,572.1,689.88,619.97,618.6,501.76,645.41,571.3
2025,27907,783.39,588.63,688.35,650.23,684.33,700.3,733.87
2025,28203,554.98,619.89,588.4,616.34,581.86,464.61,507.07
2025,28240,653.35,663.84,623.43,585.49,724.21,571.15,684.36
2025,27954,649.06,552.47,611.42,664.49,794.94,561.46,684.63
2025,28031,558.53,629.33,682.49,642.7,606.25,630.88,728.08
2025,28301,663.99,749.19,684.1,597.47,790.3,660.27,675.87
2025,28055,720.91,680.18,649.92,635.18,760.71,679.31,650.38
2025,27949,663.81,605.25,539.21,571.41,661.2,609.89,683.12
2025,28118,603.82,609.73,681.84,644.37,509.6,651.87,613.92
2025,28368,569.73,646.86,661.87,722.49,567.57,643.79,421.26
2025,27898,577.2,597.22,590.04,528.41,695.38,600.21,591.22
2025,28045,519.52,754.38,627.1,755.16,524.02,561.46,657.15
2025,27937,555.8,551.22,648.78,748.08,541.12,753.57,667.11
2025,27781,655.95,642.76,691.92,640.86,677.66,609.89,689.21
2025,28302,755.97,592.6,699.71,671.67,738.12,617.97,710.72
2025,28191,683.77,619.89,679.19,698.62,602.3,621.19,689.61
2025,27927,543.14,620.33,708.59,609.22,538.78,695.45,755.52
2025,28178,832.24,634.52,618.55,671.05,721.13,651.87,525.29
2025,27969,676.91,690.32,742.82,628.99,651.06,622.81,484.26
2025,27986,734.89,664.11,655.61,604.2,664.7,433.93,564.64
2025,28057,847.6,673.45,724.18,725.72,644.91,496.89,545.7
2025,28246,552.47,566.86,592.18,675.33,639.8,734.2,558.27
2025,27943,517.57,677.94,475.33,642.75,494.1,598.59,665.19
2025,27872,736.45,658.76,696.74,544.08,655.63,572.76,460.89
2025,27871,521.83,587.36,679.23,714.61,583.87,616.35,492.64
2025,27899,660.77,595.33,619.42,595.19,640.77,647.02,611.05
2025,27782,787.82,559.66,669.26,669.91,785.06,634.11,525.76
2025,27827,606.83,744.3,657.07,580.29,610.9,616.35,701.45
2025,28036,663.01,653.45,719.27,665.78,594.53,640.57,615.05
2025,27798,556.94,592.16,591.26,574.75,674.65,535.64,632.14
2025,27958,699.86,702.46,702.51,446.96,576.84,637.34,493.02
2025,28167,714.99,625.61,716.85,587.14,747.47,682.54,629.23
2025,27834,772.66,602.96,683.4,610.84,765.72,521.11,692.53
2025,27788,672.38,645.72,630.32,686.91,660.53,658.32,544.22
2025,28278,560.57,493.82,660.67,600.34,653.35,601.82,595.3
2025,28025,539.52,593.45,562.2,708.47,674.9,550.16,600.31
2025,28334,528.38,657.19,696.92,545.04,621.14,637.34,713.78
2025,28367,792.41,641.55,725.34,594.62,638.83,635.72,584.4
2025,28171,611.69,542.83,688.42,715.05,530.32,608.28,680.4
2025,27741,765.74,557.78,634.43,631.3,674.8,659.94,708.62
2025,28197,778.17,636.48,655.59,672.67,673.52,648.64,630.07
2025,28193,577.03,585.22,669.94,601.36,558.71,655.09,680.31
2025,28245,472.47,569.43,600.84,518.5,437.16,727.74,626.9
2025,28322,740.62,585.17,714.62,670.37,739.67,521.11,592.24
2025,28083,741.9,739.07,714.48,659.27,501.8,619.58,567.96
2025,28039,437.4,592.41,619.05,601.65,456.2,697.07,538.46
2025,28233,593.09,694.84,724.22,618.42,529.89,655.09,613
2025,28228,568.96,643.65,777.43,600.79,664.71,545.32,638.83
2025,27947,485.54,573.27,575.53,670.67,590.56,659.94,656.56
2025,28261,489.87,680.51,723.65,719.31,535.42,564.69,599.17
2025,28099,788.22,494.72,686.37,513.07,721.75,648.64,582.73
2025,27929,726.82,693.82,681.88,578.65,769.43,575.99,718.91
2025,28307,638.83,615.35,774.63,639.45,447.17,655.86,665.84
2025,27820,587.68,618.51,624.75,564.55,422.31,699.95,598.81
2025,28182,698.18,602.27,704.97,676.55,469.79,643.79,683.35
2025,27818,398.57,450.39,560.55,478.03,585.43,543.71,408.36
2025,28157,713.72,690.59,638.9,557.32,630.55,433.93,462.07
2025,28305,719.8,624.92,788.92,530.11,695.92,661.55,675.42
2025,27912,635.76,621.26,644.04,623.6,550.52,734.2,638.16
2025,27968,747.35,479.42,684.69,609.99,692.7,622.81,680.3
2025,28259,612.26,550.14,729.52,639.26,513.76,683.78,577.96
2025,28230,659.09,555.92,730.86,555.41,625.21,609.89,694.79
2025,27847,592.31,592.55,647.46,666.33,702.41,701.91,481.03
2025,28064,523.59,581.31,576.92,619.36,540.61,621.19,649.18
2025,28317,528.17,580.7,590.49,678.27,429.77,661.55,706.3
2025,28313,705.32,551.13,697.2,584.86,684.75,546.94,492.83
2025,28054,738.46,557.06,629.67,697.74,689,595.37,686.57
2025,28125,658.33,605.32,673.37,663.72,488.84,642.18,656.2
2025,27917,753.93,607.35,777.58,709.13,568.9,563.08,727.16
2025,28251,667.23,714.91,671.5,654.3,544.05,504.96,651.6
2025,28359,661.17,622.6,637.1,622.95,671.5,621.19,601.24
2025,28126,622.53,645.47,679.42,485.65,636.66,668.01,647.14
2025,28349,773.56,641.86,710.39,626.69,733.29,721.28,590.41
2025,28175,622.99,500.96,568.29,550.98,786.22,611.51,716.29
2025,27860,562.25,668.94,508.35,625.09,701.97,658.32,678.01
2025,27868,766.52,663.42,795.79,646.96,694.43,595.37,605.63
2025,28304,548.04,591.7,684.17,663.12,627.58,613.12,520.86
2025,28276,500.14,592.48,556.7,742.42,538.24,610.31,492.72
2025,27942,715.7,499.32,755.38,634.41,612.54,613.12,599.7
2025,28204,724.59,620.25,578.4,585.29,633.07,684.15,630.26
2025,27799,801.56,736.53,679.39,698.01,773.16,487.21,550.46
2025,28172,537.81,705.24,655.83,724.76,469.92,477.52,684.55
2025,28100,659.83,630.24,575.07,597.21,731.94,632.49,611.08
2025,27802,688.53,585.32,593.68,604.36,634.57,593.75,638.41
2025,28332,526.45,619.74,481.35,610.27,346.42,558.24,647.01
2025,28235,570.8,539.83,641.28,558.52,695.94,614.74,402.36
2025,28244,549.51,521.71,593.06,694.38,555.66,677.7,686.94
2025,27748,530.47,688.21,669.26,695.05,400.96,635.72,659.54
2025,28008,651.51,593.93,647.72,484.68,493.84,635.72,733.22
2025,28137,573.78,678.36,643.83,700.24,540.51,572.76,647.96
2025,28090,615.46,638.57,691.16,710.29,652.85,634.11,743.07
2025,27790,536.37,583.44,651.6,535.88,453.3,737.42,640.17
2025,28113,689.51,621.98,721.11,705.9,733.39,569.54,545.65
2025,28043,589.78,624.77,585.98,599.92,603.54,605.05,620.38
2025,28299,663.62,575.97,664.72,607.6,612.27,629.27,686.89
2025,27867,714.24,667.62,631.35,532.11,560.52,580.84,547.12
2025,28026,611.38,616.67,645.58,635.12,621.76,577.61,484.09
2025,27869,601.2,749.61,485.93,660.96,579.25,627.65,741.71
2025,27855,752.27,589.12,711.73,489.09,603.01,575.99,549.04
2025,27940,633.25,519.44,649.62,610.58,516.88,698.48,602.58
2025,28358,708.62,571.58,535.37,577.97,776.15,716.44,559.95
2025,27971,626.12,613.53,565.21,569.74,563.56,588.91,534.27
2025,28331,535.29,525.44,654.04,643.03,509.98,611.51,529.89
2025,27925,681.49,610.6,630.45,577.65,628.31,676.08,718.62
2025,27998,547.12,671.79,652.08,584.05,495.13,608.28,737.37
2025,27743,581.14,656.94,684.57,615.16,447.82,676.43,537.23
2025,28060,679.37,712.31,714.81,665.14,674.5,638.95,505.01
2025,27976,554.75,517.47,591.74,574.36,647.53,540.48,525.85
2025,28201,602.48,591.27,564.03,558.52,709.71,659.94,510.47
2025,28016,781,535.06,714.16,624.33,772.27,682.54,589.93
2025,28144,691,693.36,667.41,702.42,663.7,579.22,682.29
2025,28295,508.6,604.55,673.54,467.57,654.19,564.75,657.35
2025,28169,709.57,619.33,683.48,705.78,418.19,598.59,680.36
2025,28243,636.99,590.54,632.92,654.38,569.41,585.68,533.96
2025,27862,469.74,541.55,676.42,753.8,655.39,645.41,576.85
2025,27815,437.39,702.87,502.91,617.34,453.88,700.3,559.48
2025,28195,498.97,666.73,561.13,468.83,401.5,692.22,683.81
2025,28119,645.09,510.19,625.64,614.49,513.68,622.81,628.69
2025,27797,670.02,551.14,711.62,721.78,733.6,611.51,475.11
2025,28170,710.69,668.93,670.93,586.41,704.86,572.76,526.45
2025,27778,627.42,636,605.55,637.5,643.71,442.01,457.34
2025,27826,803.51,703.99,716.08,630.47,695.05,682.54,733.5
2025,27904,543.21,552.54,612.01,634.6,710.78,527.56,766.41
2025,27750,717.32,635.57,631.96,563.68,450.24,616.35,434.98
2025,27936,690.49,660.37,652.16,588.59,531.89,706.75,557.04
2025,28208,667.13,599.42,610.29,600.27,544.75,554.47,639.69
2025,28136,623.59,701.92,666.41,660.15,620.62,606.67,625.11
2025,27955,564.71,579.19,608.24,506.89,532.42,622.81,447.46
2025,28323,633.12,516.47,733.1,715.57,656.06,643.79,780.06
2025,28249,616.64,529.73,750.51,597.06,808.6,705.14,706.9
2025,27963,658.22,635.32,648,644.41,679.11,601.82,691.06
2025,28363,450.66,649.04,639.47,663.93,451.95,572.76,619.32
2025,27836,578.11,601.18,631.64,633.02,568.11,755.18,554.8
2025,28152,724.85,691,548.76,712.38,689.4,493.66,629.26
2025,28158,796.27,734.68,728.21,731.09,764.68,540.48,641.83
2025,28135,695.23,647.3,604.85,724.81,723.8,688.19,751.97
2025,27831,650.31,625.31,574.97,578.07,582.71,556.62,696.81
2025,27921,843.36,617.2,696.62,603.06,812.59,672.85,553.98
2025,28218,433.94,621.39,590.55,565.31,529.03,498.51,569.88
2025,27928,664.45,601.37,578.93,605.26,558.12,605.05,671.6
2025,27967,700.53,607.77,555.32,656.62,659.52,721.28,579.19
2025,27852,728.43,550.76,649.66,606.34,582.33,698.68,600.5
2025,27920,631.27,656.37,587.67,565.26,433.8,642.64,549.66
2025,27992,330.33,463.86,497.73,589.65,613.23,544.18,492.52
2025,27824,646.09,554.84,611.82,593.28,477.9,655.09,550.42
2025,28124,655.88,559.55,602.87,647.29,638.54,566.31,657.3
2025,27812,613.74,626.58,642.44,591.9,482.06,622.81,711.94
2025,27890,454.19,599.5,682.03,552.95,416.16,673.5,575.84
2025,28017,721.91,688.99,667.08,687.53,715.66,566.31,583.54
2025,27814,752.77,560.82,551.45,601.34,674.38,647.02,617.8
2025,28035,782.79,712.33,606.32,707.14,758.68,519.49,599.59
2025,27843,575.96,643.15,631.22,619.5,590.89,672.85,579.77
2025,28258,541.83,688.28,507.33,594.39,728.79,545.32,714.95
2025,28292,743.29,666.46,694.16,608.98,514.85,626.04,638.78
2025,28225,610.37,616.56,613.42,616.44,594.32,669.62,681.67
2025,28094,599.73,591.39,726.65,572.14,742.67,516.26,670.65
2025,28112,607.8,603.36,550.43,525.11,525.24,642.18,670.34
2025,27822,596.07,603.59,768.98,702.08,539.18,616.35,612.03
2025,28303,425.06,628.35,570.91,574.16,361.02,666.39,666.84
2025,27966,654.01,570.81,748.95,649.02,585.34,595.37,677.91
2025,28320,618.47,586.12,707.07,500.09,673.11,677.7,541.79
2025,28027,515.18,248.19,427.64,431.42,365.16,284.08,440.12
2025,28071,733.76,588.77,718.31,714.32,819.82,638.95,640.21
2025,28179,519.63,501.42,684.24,594.98,651.87,590.52,650.18
2025,28116,671.86,658.22,660.44,682.91,729.13,709.98,676.18
2025,28148,529.72,695.69,634.14,600.85,470.82,567.92,569.31
2025,28131,615.53,491.92,619.5,454.58,624.3,647.02,654.59
2025,27810,447.86,619.54,517.98,575.64,462.94,690.61,713.44
2025,28062,588.14,578.38,647.45,528.13,544.95,705.14,700.49
2025,28216,687.62,701.77,639.11,718.98,521.39,592.14,667.07
2025,28181,533.94,653.08,652.38,588.23,580.46,596.98,702.64
2025,27866,654.16,589.39,638.65,564.65,599.88,603.44,659.36
2025,27915,680.73,624.19,680.83,666.33,453.96,588.91,627.04
2025,28115,572.6,646.18,729.02,620.11,504.36,674.47,602.46
2025,27945,533.93,541.95,581.07,611.03,434.4,626.04,532.33
2025,27819,654.8,644.54,631.04,608.78,550.22,558.24,469.64
2025,28128,467.1,514.45,564.67,707.67,460.53,588.91,707.87
2025,27987,662.55,612.34,671.63,586.21,476.3,658.32,641.48
2025,27841,650.12,551.94,609.91,541.93,512.81,645.41,784.52
2025,27771,722.63,695.83,717.83,579.25,727.42,574.38,663.49
2025,27736,756.14,473.2,723.49,537.88,574.56,664.78,687.97
2025,27784,698.1,638.82,621.09,598.93,606.57,677.7,618.61
2025,27997,628.91,595.37,643.52,719.06,743.02,567.92,529.48
2025,28210,735.15,516.99,752.31,650.23,666.86,647.02,653.02
2025,28029,818.83,617.02,645.26,545.73,751.71,616.35,746.01
2025,28069,716.82,508.18,656.81,716.48,757.08,571.15,603.57
2025,27875,627.38,752.84,521.57,578.47,560.61,567.69,572.91
2025,27951,655.54,552.47,776.38,665.43,536.66,624.42,602.64
2025,27747,699.26,686.61,628.01,606.61,753.23,606.67,606.61
2025,28168,671.59,601.64,710.72,669.76,665.96,525.95,629.03
2025,28214,854.98,610.8,631.52,615.25,620.76,592.14,721.78
2025,27811,870.97,624.85,715.76,669.25,787.16,469.45,770.78
2025,27970,688.09,556.19,708.22,636.94,606.34,540.48,632.73
2025,27858,709.88,540.98,645.68,612.98,600.86,558.24,507.31
2025,27886,629.38,583.87,704.13,725.13,696.17,584.07,748.08
2025,27941,758.75,704.9,699.28,652.18,703.22,642.18,604.87
2025,27757,615.6,581.42,596.67,577.45,490.24,553.39,757.54
2025,28260,677.23,679.24,705.41,662.59,610.77,664.78,788.69
2025,28093,786.74,583.55,738.48,610.44,579.96,440.39,609.02
2025,28190,854.56,523.69,632.52,665.03,743.34,543.71,605.4
2025,27995,683.41,617.11,656.17,565.1,649.44,587.29,654.47
2025,27739,638.6,455.64,565.52,656.12,579.74,569.54,528.39
2025,27856,682.94,612.01,635.3,625.5,730.92,601.82,511.09
2025,28342,529.98,551.19,644.69,595.77,503.69,674.47,584.35
2025,27864,578.01,666.93,529.7,673.13,473.7,608.28,660.03
2025,28019,554.71,528.75,621.94,575.49,452.81,479.13,513.13
2025,27838,686.64,657.29,566.96,525.99,471.73,626.04,685.78
2025,28254,575.47,648.05,686.48,601.45,516.32,630.88,638.82
2025,27865,570.21,594.17,487.76,572.23,701.45,679.31,560.23
2025,28110,675.75,561.87,586.33,766.01,611.81,685.77,583.49
2025,28147,760.48,689.24,692.38,708.36,709.89,613.12,612.58
2025,28127,807.24,587.2,718.5,712.6,693.82,595.37,564.51
2025,27851,502.07,683.18,493.19,642.25,660.97,601.82,482.91
2025,28222,437.71,471.69,581.11,474.55,536.07,513.04,430.17
2025,28270,343.34,306.96,423.57,356.95,478.6,421.02,376.28
2025,28326,463.65,451.33,489.69,449.66,459.35,425.86,492.29
2025,27916,628.6,623.48,699.24,538.21,706.14,619.58,706.95
2025,27749,691.83,564.08,526.26,563.2,617.66,637.34,499.28
2025,27832,751.21,604.05,526.25,680.96,640.49,630.88,681.23
2025,28337,483.69,553.14,626.37,533.74,612.24,634.11,668.31
2025,28267,336.15,503.85,457.73,358.61,337.82,417.81,333.01
2025,28143,705.41,556.88,768.86,688.02,520.92,614.74,684.83
2025,27999,635.11,709.39,627.51,633.61,739.96,530.79,663.68
2025,28132,656.39,592.02,717.05,675.02,535.13,709.98,684.05
2025,27985,638.59,751.93,675.31,665.28,574.53,703.52,661.89
2025,28315,736.92,592.13,601.17,678.12,496.27,742.27,714.11
2025,28033,447,651,561.35,582.74,438.62,574.38,564.39
2025,28247,591.36,620.46,645.34,627.8,418.53,647.02,518.9
2025,28199,762.19,656.72,689.73,630.55,582.43,709.98,826.49
2025,28030,539.39,570.57,607.6,571.76,532.15,584.07,660.58
2025,27768,627.2,643.66,663.52,674.38,512.99,532.41,669.45
2025,28356,539.55,627.99,643.51,647.78,460,692.22,609.45
2025,28160,500.79,477.2,730.42,728.03,657.14,730.97,712.76
2025,27972,695.71,629.6,762.76,744.03,617.63,655.09,762.16
2025,28074,759.23,541.97,671.88,730.49,755.59,466.22,596.01
2025,27839,606.96,604.95,731.52,683.81,622.28,564.69,714.17
2025,27789,704.1,528.02,677.2,519.13,592.59,643.79,578.55
2025,27825,574.19,543.39,559.82,545.23,460.06,691.13,671.4
2025,28365,616.62,565.11,611.37,579.63,588.76,537.25,641.75
2025,27883,546.03,593.12,629.48,632.08,489.43,685.77,738.41
2025,28084,749.93,626.19,619.29,667.85,639.44,550.16,747.32
2025,27835,702.9,675.29,687.36,643.79,721.68,693.84,698.22
2025,28134,763.34,551.46,660.02,600.14,621.41,635.72,548.58
2025,27848,585.82,560.26,649.73,593.11,653.51,513.04,655.82
2025,27962,743.59,726.34,671.32,605.18,561.45,608.28,544.38
2025,28265,594.09,692.98,693.57,685.81,659.32,582.45,621.78
2025,27849,770.5,536.43,840.89,584.67,603.75,671.24,506.71
2025,28352,655.19,600.89,659.61,688.1,605.71,517.88,697.06
2025,27983,653.45,684.02,710.39,615.47,572.79,632.49,626.21
2025,27775,697.32,672.46,539.41,587.56,666.34,609.89,720.41
2025,27761,643.44,589.88,602.5,591.54,683.37,659.94,595
2025,28351,481.92,482.36,563.38,553.82,659.4,528.02,652.96
2025,28237,444.84,553.28,588.68,617.67,461.61,743.88,590.99
2025,28377,835.37,667.79,713.12,745.02,553.27,629.27,649.82
2025,28227,657.24,617.13,647.06,619.77,705.09,600.21,676.53
2025,28308,693.29,585,661.52,634.05,745.1,567.92,520.71
2025,28096,709.35,610.6,641.08,591.09,704.34,546.94,569.7
2025,27785,631.2,602.66,631.54,583.99,707.23,643.79,640.1
2025,28241,613.93,579.56,703,616.4,718.32,596.98,533.57
2025,28264,657.45,609.76,608.35,526.94,690.5,732.58,696.9
2025,28151,622.02,691.84,596.44,522.51,427.08,598.59,548.14
2025,28076,491.34,607.34,551.18,493.57,450,530.79,605.74
2025,28268,655.62,691.66,656.68,596.71,726.61,663.17,669.17
2025,28183,597.18,626,593.37,587.05,549.04,659.94,573.34
2025,28173,746.3,628.61,680.89,600.66,633.58,613.12,493.96
2025,28072,628.85,548.15,524.07,658.88,573.33,638.95,580.85
2025,28163,751.57,605.12,791.96,674.12,866.04,596.98,723.9
2025,27786,799.52,604.3,681.17,584.73,750.75,553.39,577.85
2025,28231,475.9,650.76,577.37,536.39,575.11,587.29,743.1
2025,27888,652.53,572.32,569.87,623.96,543.48,613.12,641.81
2025,28375,824.53,600.04,604.03,592.66,665.06,713.21,692.46
2025,28369,664.69,512.99,712.98,565.44,593.34,416.34,421.88
2025,28353,679.85,649.04,583.84,545.49,403.78,529.18,620.07
2025,28080,734.11,704.38,545.45,644,673.36,701.91,730.65
2025,28300,762.9,606.38,721.04,573.12,781.08,584.07,476.68
2025,27780,688.14,585.28,650.09,687.22,652.79,527.56,463.01
2025,28047,652.5,672.67,675.34,608.32,498.34,639.7,755.92
2025,27882,674.27,580.63,567.6,645.49,651.62,709.98,701.01
2025,27990,680.77,692.5,688.06,677.53,573.46,580.84,515.18
2025,28347,778.4,701.42,680.41,601.39,685.36,700.3,575.04
2025,27909,662.23,690.07,602.43,668.84,620.99,630.88,709.58
2025,28073,652.84,662.13,596.32,544.44,529.57,687.38,650.08
2025,27957,762.06,650.06,622.23,671.74,760.85,666.39,661.87
2025,27742,577.25,648.88,585.29,597.88,492.36,620.59,664.98
2025,27804,718.06,680.06,699.32,701.14,539.78,638.95,637.56
2025,28366,402.98,458.61,533.74,523.75,505.36,657.33,585.16
2025,27977,596.02,522.27,714.32,707.29,519.84,540.48,531.87
2025,27973,595.32,599.69,633.54,720.8,475.58,627.65,650.47
2025,28166,611.29,691.48,687.96,632.89,694.18,708.37,724.57
2025,27948,670.86,562.36,523.36,603.6,538.19,553.39,701.39
